panel,antigen,arm,mab_id,fold_over_control
group_I,SARS-CoV-2 RBD,mRNA-1010,397.06.004,1
group_I,SARS-CoV-2 RBD,mRNA-1010,397.06.006,1
group_I,SARS-CoV-2 RBD,mRNA-1010,397.06.010,1
group_I,SARS-CoV-2 RBD,mRNA-1010,397.06.012,1
group_I,SARS-CoV-2 RBD,mRNA-1010,397.06.020,1
group_I,SARS-CoV-2 RBD,mRNA-1010,397.06.021,1
group_I,SARS-CoV-2 RBD,mRNA-1010,397.06.026,1
group_I,SARS-CoV-2 RBD,mRNA-1010,397.06.032,1
group_I,SARS-CoV-2 RBD,mRNA-1010,397.06.033,1
group_I,SARS-CoV-2 RBD,mRNA-1010,397.06.036,1
group_I,SARS-CoV-2 RBD,mRNA-1010,397.06.044,1
group_I,SARS-CoV-2 RBD,mRNA-1010,397.06.045,1
group_I,SARS-CoV-2 RBD,mRNA-1010,397.06.054,1
group_I,SARS-CoV-2 RBD,mRNA-1010,397.06.057,1
group_I,SARS-CoV-2 RBD,mRNA-1010,397.06.058,1
group_I,SARS-CoV-2 RBD,mRNA-1010,397.06.059,1
group_I,SARS-CoV-2 RBD,mRNA-1010,397.06.061,1
group_I,SARS-CoV-2 RBD,mRNA-1010,397.06.102,1
group_I,SARS-CoV-2 RBD,mRNA-1010,397.06.108,1
group_I,SARS-CoV-2 RBD,mRNA-1010,397.06.111,1
group_I,SARS-CoV-2 RBD,mRNA-1010,397.06.121,1
group_I,SARS-CoV-2 RBD,mRNA-1010,397.06.123,1
group_I,SARS-CoV-2 RBD,mRNA-1010,397.06.126,1
group_I,SARS-CoV-2 RBD,mRNA-1010,397.06.129,1
group_I,SARS-CoV-2 RBD,mRNA-1010,397.06.131,1
group_I,SARS-CoV-2 RBD,mRNA-1010,397.06.145,1
group_I,SARS-CoV-2 RBD,mRNA-1010,397.06.156,1
group_I,SARS-CoV-2 RBD,mRNA-1010,397.06.163,1
group_I,SARS-CoV-2 RBD,mRNA-1010,397.06.178,1
group_I,SARS-CoV-2 RBD,mRNA-1010,397.06.179,1
group_I,SARS-CoV-2 RBD,mRNA-1010,397.06.184,1
group_I,SARS-CoV-2 RBD,mRNA-1010,397.06.193,1
group_I,SARS-CoV-2 RBD,mRNA-1010,397.06.210,1
group_I,SARS-CoV-2 RBD,mRNA-1010,397.06.211,1
group_I,SARS-CoV-2 RBD,mRNA-1010,397.06.212,1
group_I,SARS-CoV-2 RBD,mRNA-1010,397.06.215,1
group_I,SARS-CoV-2 RBD,mRNA-1010,397.06.217,1
group_I,SARS-CoV-2 RBD,mRNA-1010,397.06.229,1
group_I,SARS-CoV-2 RBD,mRNA-1010,397.06.236,1
group_I,SARS-CoV-2 RBD,mRNA-1010,397.06.242,1
group_I,SARS-CoV-2 RBD,mRNA-1010,397.06.243,1
group_I,SARS-CoV-2 RBD,mRNA-1010,397.06.244,1
group_I,SARS-CoV-2 RBD,mRNA-1010,397.06.245,1
group_I,SARS-CoV-2 RBD,mRNA-1010,397.06.246,1
group_I,SARS-CoV-2 RBD,mRNA-1010,397.06.247,1
group_I,SARS-CoV-2 RBD,mRNA-1010,397.06.248,1
group_I,SARS-CoV-2 RBD,mRNA-1010,397.06.249,1
group_I,SARS-CoV-2 RBD,mRNA-1010,397.06.251,1
group_I,SARS-CoV-2 RBD,mRNA-1010,397.06.252,1
group_I,SARS-CoV-2 RBD,mRNA-1010,397.06.253,1
group_I,SARS-CoV-2 RBD,mRNA-1010,397.06.255,1
group_I,SARS-CoV-2 RBD,mRNA-1010,397.06.258,1
group_I,SARS-CoV-2 RBD,mRNA-1010,397.06.262,1
group_I,SARS-CoV-2 RBD,mRNA-1010,397.06.263,1
group_I,SARS-CoV-2 RBD,mRNA-1010,397.06.266,1
group_I,SARS-CoV-2 RBD,mRNA-1010,397.06.267,1
group_I,SARS-CoV-2 RBD,mRNA-1010,397.06.269,1
group_I,SARS-CoV-2 RBD,mRNA-1010,397.06.272,1
group_I,SARS-CoV-2 RBD,mRNA-1010,397.06.273,1
group_I,SARS-CoV-2 RBD,mRNA-1010,397.06.275,1
group_I,SARS-CoV-2 RBD,mRNA-1010,397.06.276,1
group_I,SARS-CoV-2 RBD,mRNA-1010,397.06.277,1
group_I,SARS-CoV-2 RBD,mRNA-1010,397.06.278,1
group_I,SARS-CoV-2 RBD,mRNA-1010,397.06.284,1
group_I,SARS-CoV-2 RBD,mRNA-1010,397.06.285,1
group_I,SARS-CoV-2 RBD,mRNA-1010,397.06.287,1
group_I,SARS-CoV-2 RBD,mRNA-1010,397.06.288,1
group_I,SARS-CoV-2 RBD,mRNA-1010,397.06.290,1
group_I,SARS-CoV-2 RBD,mRNA-1010,397.06.292,1
group_I,SARS-CoV-2 RBD,mRNA-1010,397.06.293,1
group_I,SARS-CoV-2 RBD,mRNA-1010,397.06.294,1
group_I,SARS-CoV-2 RBD,mRNA-1010,397.06.295,1
group_I,SARS-CoV-2 RBD,mRNA-1010,397.06.297,1
group_I,SARS-CoV-2 RBD,mRNA-1010,397.06.299,1
group_I,SARS-CoV-2 RBD,mRNA-1010,397.06.300,1
group_I,SARS-CoV-2 RBD,mRNA-1010,397.06.302,1
group_I,SARS-CoV-2 RBD,mRNA-1010,397.06.307,1
group_I,SARS-CoV-2 RBD,mRNA-1010,397.06.308,1
group_I,SARS-CoV-2 RBD,mRNA-1010,397.06.310,1
group_I,SARS-CoV-2 RBD,mRNA-1010,397.06.314,1
group_I,SARS-CoV-2 RBD,mRNA-1010,397.06.315,1
group_I,SARS-CoV-2 RBD,mRNA-1010,397.06.322,1
group_I,SARS-CoV-2 RBD,mRNA-1010,397.06.330,1
group_I,SARS-CoV-2 RBD,mRNA-1010,397.06.333,1
group_I,SARS-CoV-2 RBD,mRNA-1010,397.06.339,1
group_I,SARS-CoV-2 RBD,mRNA-1010,397.06.340,1
group_I,SARS-CoV-2 RBD,mRNA-1010,397.06.345,1
group_I,SARS-CoV-2 RBD,mRNA-1010,397.06.356,1
group_I,SARS-CoV-2 RBD,mRNA-1010,397.06.373,1
group_I,SARS-CoV-2 RBD,mRNA-1010,397.06.375,1
group_I,SARS-CoV-2 RBD,mRNA-1010,397.06.376,1
group_I,SARS-CoV-2 RBD,mRNA-1010,397.06.382,1
group_I,SARS-CoV-2 RBD,mRNA-1010,397.06.387,1
group_I,SARS-CoV-2 RBD,mRNA-1010,397.06.390,1
group_I,SARS-CoV-2 RBD,mRNA-1010,397.06.391,1
group_I,SARS-CoV-2 RBD,mRNA-1010,397.06.392,1
group_I,SARS-CoV-2 RBD,mRNA-1010,397.06.393,1
group_I,SARS-CoV-2 RBD,mRNA-1010,397.06.394,1
group_I,SARS-CoV-2 RBD,mRNA-1010,397.06.395,1
group_I,SARS-CoV-2 RBD,mRNA-1010,397.06.396,1
group_I,SARS-CoV-2 RBD,mRNA-1010,397.06.397,1
group_I,SARS-CoV-2 RBD,mRNA-1010,397.06.398,1
group_I,SARS-CoV-2 RBD,mRNA-1010,397.06.399,1
group_I,SARS-CoV-2 RBD,mRNA-1010,397.06.400,1
group_I,SARS-CoV-2 RBD,mRNA-1010,397.06.401,1
group_I,SARS-CoV-2 RBD,mRNA-1010,397.06.402,1
group_I,SARS-CoV-2 RBD,mRNA-1010,397.06.403,1
group_I,SARS-CoV-2 RBD,mRNA-1010,397.06.405,1
group_I,SARS-CoV-2 RBD,mRNA-1010,397.06.406,1
group_I,SARS-CoV-2 RBD,mRNA-1010,397.06.409,1
group_I,SARS-CoV-2 RBD,mRNA-1010,397.06.410,1
group_I,SARS-CoV-2 RBD,mRNA-1010,397.06.411,1
group_I,SARS-CoV-2 RBD,mRNA-1010,397.06.413,1
group_I,SARS-CoV-2 RBD,mRNA-1010,397.06.414,1
group_I,SARS-CoV-2 RBD,mRNA-1010,397.06.417,1
group_I,SARS-CoV-2 RBD,mRNA-1010,397.06.418,1
group_I,SARS-CoV-2 RBD,mRNA-1010,397.06.419,1
group_I,SARS-CoV-2 RBD,mRNA-1010,397.06.423,1
group_I,SARS-CoV-2 RBD,mRNA-1010,397.06.425,1
group_I,SARS-CoV-2 RBD,mRNA-1010,397.06.431,1
group_I,SARS-CoV-2 RBD,mRNA-1010,397.06.435,1
group_I,SARS-CoV-2 RBD,mRNA-1010,397.06.436,1
group_I,SARS-CoV-2 RBD,mRNA-1010,397.17.001,1
group_I,SARS-CoV-2 RBD,mRNA-1010,397.17.002,1
group_I,SARS-CoV-2 RBD,mRNA-1010,397.17.003,1
group_I,SARS-CoV-2 RBD,mRNA-1010,397.17.004,1
group_I,SARS-CoV-2 RBD,mRNA-1010,397.17.005,1
group_I,SARS-CoV-2 RBD,mRNA-1010,397.17.007,1
group_I,SARS-CoV-2 RBD,mRNA-1010,397.17.009,1
group_I,SARS-CoV-2 RBD,mRNA-1010,397.17.014,1
group_I,SARS-CoV-2 RBD,mRNA-1010,397.17.022,1
group_I,SARS-CoV-2 RBD,mRNA-1010,397.17.024,1
group_I,SARS-CoV-2 RBD,mRNA-1010,397.17.025,1
group_I,SARS-CoV-2 RBD,mRNA-1010,397.17.050,1
group_I,SARS-CoV-2 RBD,mRNA-1010,397.17.091,1
group_I,SARS-CoV-2 RBD,mRNA-1010,397.17.092,1
group_I,SARS-CoV-2 RBD,mRNA-1010,397.17.095,1
group_I,SARS-CoV-2 RBD,mRNA-1010,397.17.102,1
group_I,SARS-CoV-2 RBD,mRNA-1010,397.17.119,1
group_I,SARS-CoV-2 RBD,mRNA-1010,397.17.121,1
group_I,SARS-CoV-2 RBD,mRNA-1010,397.17.137,1
group_I,SARS-CoV-2 RBD,mRNA-1010,397.17.175,1
group_I,SARS-CoV-2 RBD,mRNA-1010,397.17.211,1
group_I,SARS-CoV-2 RBD,mRNA-1010,397.17.213,1
group_I,SARS-CoV-2 RBD,mRNA-1010,397.17.220,1
group_I,SARS-CoV-2 RBD,mRNA-1010,397.17.234,1
group_I,SARS-CoV-2 RBD,mRNA-1010,397.17.257,1
group_I,SARS-CoV-2 RBD,mRNA-1010,397.17.259,1
group_I,SARS-CoV-2 RBD,mRNA-1010,397.17.266,1
group_I,SARS-CoV-2 RBD,mRNA-1010,397.17.271,1
group_I,SARS-CoV-2 RBD,mRNA-1010,397.17.274,1
group_I,SARS-CoV-2 RBD,mRNA-1010,397.17.275,1
group_I,SARS-CoV-2 RBD,mRNA-1010,397.17.276,1
group_I,SARS-CoV-2 RBD,mRNA-1010,397.17.277,1
group_I,SARS-CoV-2 RBD,mRNA-1010,397.17.278,1
group_I,SARS-CoV-2 RBD,mRNA-1010,397.17.279,1
group_I,SARS-CoV-2 RBD,mRNA-1010,397.17.282,1
group_I,SARS-CoV-2 RBD,mRNA-1010,397.17.284,1
group_I,SARS-CoV-2 RBD,mRNA-1010,397.17.286,1
group_I,SARS-CoV-2 RBD,mRNA-1010,397.17.291,1
group_I,SARS-CoV-2 RBD,mRNA-1010,397.17.293,1
group_I,SARS-CoV-2 RBD,mRNA-1010,397.17.297,1
group_I,SARS-CoV-2 RBD,mRNA-1010,397.17.301,1
group_I,SARS-CoV-2 RBD,mRNA-1010,397.17.324,1
group_I,SARS-CoV-2 RBD,mRNA-1010,397.17.327,1
group_I,SARS-CoV-2 RBD,mRNA-1010,397.17.328,1
group_I,SARS-CoV-2 RBD,mRNA-1010,397.17.334,1
group_I,SARS-CoV-2 RBD,mRNA-1010,397.17.336,1
group_I,SARS-CoV-2 RBD,mRNA-1010,397.17.352,1
group_I,SARS-CoV-2 RBD,mRNA-1010,397.17.373,1
group_I,SARS-CoV-2 RBD,mRNA-1010,397.17.374,1
group_I,SARS-CoV-2 RBD,mRNA-1010,397.17.383,1
group_I,SARS-CoV-2 RBD,mRNA-1010,397.17.384,1
group_I,SARS-CoV-2 RBD,mRNA-1010,397.28.005,1
group_I,SARS-CoV-2 RBD,mRNA-1010,397.28.009,1
group_I,SARS-CoV-2 RBD,mRNA-1010,397.28.033,1
group_I,SARS-CoV-2 RBD,mRNA-1010,397.28.040,1
group_I,SARS-CoV-2 RBD,mRNA-1010,397.28.054,1
group_I,SARS-CoV-2 RBD,mRNA-1010,397.28.055,1
group_I,SARS-CoV-2 RBD,mRNA-1010,397.28.056,1
group_I,SARS-CoV-2 RBD,mRNA-1010,397.28.073,1
group_I,SARS-CoV-2 RBD,mRNA-1010,397.28.080,1
group_I,SARS-CoV-2 RBD,mRNA-1010,397.28.085,1
group_I,SARS-CoV-2 RBD,mRNA-1010,397.28.087,1
group_I,SARS-CoV-2 RBD,mRNA-1010,397.28.095,1
group_I,SARS-CoV-2 RBD,mRNA-1010,397.28.100,1
group_I,SARS-CoV-2 RBD,mRNA-1010,397.28.116,1
group_I,SARS-CoV-2 RBD,mRNA-1010,397.28.127,1
group_I,SARS-CoV-2 RBD,mRNA-1010,397.28.129,1
group_I,SARS-CoV-2 RBD,mRNA-1010,397.28.131,1
group_I,SARS-CoV-2 RBD,mRNA-1010,397.28.134,1
group_I,SARS-CoV-2 RBD,mRNA-1010,397.28.135,1
group_I,SARS-CoV-2 RBD,mRNA-1010,397.28.136,1
group_I,SARS-CoV-2 RBD,mRNA-1010,397.28.140,1
group_I,SARS-CoV-2 RBD,mRNA-1010,397.28.141,1
group_I,SARS-CoV-2 RBD,mRNA-1010,397.28.149,1
group_I,SARS-CoV-2 RBD,mRNA-1010,397.28.150,1
group_I,SARS-CoV-2 RBD,mRNA-1010,397.28.174,1
group_I,SARS-CoV-2 RBD,mRNA-1010,397.29.005,1
group_I,SARS-CoV-2 RBD,mRNA-1010,397.29.024,1
group_I,SARS-CoV-2 RBD,mRNA-1010,397.29.035,1
group_I,SARS-CoV-2 RBD,mRNA-1010,397.29.038,1
group_I,SARS-CoV-2 RBD,mRNA-1010,397.29.039,1
group_I,SARS-CoV-2 RBD,mRNA-1010,397.29.060,1
group_I,SARS-CoV-2 RBD,mRNA-1010,397.29.063,1
group_I,SARS-CoV-2 RBD,mRNA-1010,397.29.064,1
group_I,SARS-CoV-2 RBD,mRNA-1010,397.29.071,1
group_I,SARS-CoV-2 RBD,mRNA-1010,397.29.085,1
group_I,SARS-CoV-2 RBD,mRNA-1010,397.29.089,1
group_I,SARS-CoV-2 RBD,mRNA-1010,397.29.101,1
group_I,SARS-CoV-2 RBD,mRNA-1010,397.29.104,1
group_I,SARS-CoV-2 RBD,mRNA-1010,397.29.106,1
group_I,SARS-CoV-2 RBD,mRNA-1010,397.29.107,1
group_I,SARS-CoV-2 RBD,mRNA-1010,397.29.121,1
group_I,SARS-CoV-2 RBD,mRNA-1010,397.29.134,1
group_I,SARS-CoV-2 RBD,mRNA-1010,397.29.141,1
group_I,SARS-CoV-2 RBD,mRNA-1010,397.29.142,1
group_I,SARS-CoV-2 RBD,mRNA-1010,397.29.172,1
group_I,SARS-CoV-2 RBD,mRNA-1010,397.29.177,1
group_I,SARS-CoV-2 RBD,mRNA-1010,397.29.181,1
group_I,SARS-CoV-2 RBD,mRNA-1010,397.29.186,1
group_I,SARS-CoV-2 RBD,mRNA-1010,397.29.195,1
group_I,SARS-CoV-2 RBD,mRNA-1010,397.29.196,1
group_I,SARS-CoV-2 RBD,mRNA-1010,397.29.209,1
group_I,SARS-CoV-2 RBD,mRNA-1010,397.29.214,1
group_I,SARS-CoV-2 RBD,mRNA-1010,397.29.219,1
group_I,SARS-CoV-2 RBD,mRNA-1010,397.29.225,1
group_I,SARS-CoV-2 RBD,mRNA-1010,397.29.238,1
group_I,SARS-CoV-2 RBD,mRNA-1010,397.29.253,1
group_I,SARS-CoV-2 RBD,mRNA-1010,397.29.263,1
group_I,SARS-CoV-2 RBD,mRNA-1010,397.29.265,1
group_I,SARS-CoV-2 RBD,mRNA-1010,397.29.272,1
group_I,SARS-CoV-2 RBD,mRNA-1010,397.29.281,1
group_I,SARS-CoV-2 RBD,mRNA-1010,397.29.288,1
group_I,SARS-CoV-2 RBD,mRNA-1010,397.29.297,1
group_I,SARS-CoV-2 RBD,mRNA-1010,397.29.300,1
group_I,SARS-CoV-2 RBD,mRNA-1010,397.29.303,1
group_I,SARS-CoV-2 RBD,mRNA-1010,397.29.304,1
group_I,SARS-CoV-2 RBD,mRNA-1010,397.29.305,1
group_I,SARS-CoV-2 RBD,mRNA-1010,397.29.310,1
group_I,SARS-CoV-2 RBD,mRNA-1010,397.29.320,1
group_I,SARS-CoV-2 RBD,mRNA-1010,397.29.335,1
group_I,SARS-CoV-2 RBD,mRNA-1010,397.29.336,1
group_I,SARS-CoV-2 RBD,mRNA-1010,397.29.337,1
group_I,SARS-CoV-2 RBD,mRNA-1010,397.29.338,1
group_I,SARS-CoV-2 RBD,mRNA-1010,397.29.354,1
group_I,SARS-CoV-2 RBD,mRNA-1010,397.29.388,1
group_I,SARS-CoV-2 RBD,mRNA-1010,397.29.395,1
group_I,SARS-CoV-2 RBD,mRNA-1010,397.29.396,1
group_I,SARS-CoV-2 RBD,mRNA-1010,397.29.397,1
group_I,SARS-CoV-2 RBD,mRNA-1010,397.29.404,1
group_I,SARS-CoV-2 RBD,mRNA-1010,397.29.405,1
group_I,SARS-CoV-2 RBD,mRNA-1010,397.29.407,1
group_I,SARS-CoV-2 RBD,mRNA-1010,397.29.408,1
group_I,SARS-CoV-2 RBD,mRNA-1010,397.29.417,1
group_I,SARS-CoV-2 RBD,mRNA-1010,397.29.420,1
group_I,SARS-CoV-2 RBD,mRNA-1010,397.29.430,1
group_I,SARS-CoV-2 RBD,mRNA-1010,397.29.435,1
group_I,SARS-CoV-2 RBD,mRNA-1010,397.29.440,1
group_I,SARS-CoV-2 RBD,mRNA-1010,397.29.442,1
group_I,SARS-CoV-2 RBD,mRNA-1010,397.29.477,1
group_I,SARS-CoV-2 RBD,mRNA-1010,397.29.506,1
group_I,SARS-CoV-2 RBD,mRNA-1010,397.29.529,1
group_I,SARS-CoV-2 RBD,mRNA-1010,397.29.532,1
group_I,SARS-CoV-2 RBD,Fluarix,397.05.001,1
group_I,SARS-CoV-2 RBD,Fluarix,397.05.002,1
group_I,SARS-CoV-2 RBD,Fluarix,397.05.004,1
group_I,SARS-CoV-2 RBD,Fluarix,397.05.026,1
group_I,SARS-CoV-2 RBD,Fluarix,397.05.058,1
group_I,SARS-CoV-2 RBD,Fluarix,397.05.064,1
group_I,SARS-CoV-2 RBD,Fluarix,397.05.083,1
group_I,SARS-CoV-2 RBD,Fluarix,397.05.094,1
group_I,SARS-CoV-2 RBD,Fluarix,397.05.104,1
group_I,SARS-CoV-2 RBD,Fluarix,397.05.106,1
group_I,SARS-CoV-2 RBD,Fluarix,397.05.115,1
group_I,SARS-CoV-2 RBD,Fluarix,397.05.127,1
group_I,SARS-CoV-2 RBD,Fluarix,397.05.134,1
group_I,SARS-CoV-2 RBD,Fluarix,397.05.147,1
group_I,SARS-CoV-2 RBD,Fluarix,397.05.148,1
group_I,SARS-CoV-2 RBD,Fluarix,397.05.154,1
group_I,SARS-CoV-2 RBD,Fluarix,397.05.157,1
group_I,SARS-CoV-2 RBD,Fluarix,397.05.163,1
group_I,SARS-CoV-2 RBD,Fluarix,397.05.164,1
group_I,SARS-CoV-2 RBD,Fluarix,397.05.212,1
group_I,SARS-CoV-2 RBD,Fluarix,397.05.213,1
group_I,SARS-CoV-2 RBD,Fluarix,397.05.226,1
group_I,SARS-CoV-2 RBD,Fluarix,397.05.228,1
group_I,SARS-CoV-2 RBD,Fluarix,397.05.242,1
group_I,SARS-CoV-2 RBD,Fluarix,397.05.246,1
group_I,SARS-CoV-2 RBD,Fluarix,397.05.260,1
group_I,SARS-CoV-2 RBD,Fluarix,397.05.263,1
group_I,SARS-CoV-2 RBD,Fluarix,397.05.266,1
group_I,SARS-CoV-2 RBD,Fluarix,397.05.267,1
group_I,SARS-CoV-2 RBD,Fluarix,397.05.269,1
group_I,SARS-CoV-2 RBD,Fluarix,397.05.272,1
group_I,SARS-CoV-2 RBD,Fluarix,397.05.273,1
group_I,SARS-CoV-2 RBD,Fluarix,397.05.274,1
group_I,SARS-CoV-2 RBD,Fluarix,397.05.278,1
group_I,SARS-CoV-2 RBD,Fluarix,397.05.280,1
group_I,SARS-CoV-2 RBD,Fluarix,397.05.283,1
group_I,SARS-CoV-2 RBD,Fluarix,397.05.285,1
group_I,SARS-CoV-2 RBD,Fluarix,397.05.286,1
group_I,SARS-CoV-2 RBD,Fluarix,397.05.289,1
group_I,SARS-CoV-2 RBD,Fluarix,397.05.303,1
group_I,SARS-CoV-2 RBD,Fluarix,397.05.313,1
group_I,SARS-CoV-2 RBD,Fluarix,397.05.318,1
group_I,SARS-CoV-2 RBD,Fluarix,397.05.321,1
group_I,SARS-CoV-2 RBD,Fluarix,397.05.327,1
group_I,SARS-CoV-2 RBD,Fluarix,397.05.328,1
group_I,SARS-CoV-2 RBD,Fluarix,397.05.329,1
group_I,SARS-CoV-2 RBD,Fluarix,397.05.330,1
group_I,SARS-CoV-2 RBD,Fluarix,397.05.332,1
group_I,SARS-CoV-2 RBD,Fluarix,397.05.336,1
group_I,SARS-CoV-2 RBD,Fluarix,397.05.344,1
group_I,SARS-CoV-2 RBD,Fluarix,397.05.350,1
group_I,SARS-CoV-2 RBD,Fluarix,397.05.352,1
group_I,SARS-CoV-2 RBD,Fluarix,397.05.380,1
group_I,SARS-CoV-2 RBD,Fluarix,397.05.381,1
group_I,SARS-CoV-2 RBD,Fluarix,397.05.382,1
group_I,SARS-CoV-2 RBD,Fluarix,397.05.387,1
group_I,SARS-CoV-2 RBD,Fluarix,397.05.389,1
group_I,SARS-CoV-2 RBD,Fluarix,397.05.390,1
group_I,SARS-CoV-2 RBD,Fluarix,397.05.401,1
group_I,SARS-CoV-2 RBD,Fluarix,397.05.405,1
group_I,SARS-CoV-2 RBD,Fluarix,397.05.412,1
group_I,SARS-CoV-2 RBD,Fluarix,397.09.014,1
group_I,SARS-CoV-2 RBD,Fluarix,397.09.088,1
group_I,SARS-CoV-2 RBD,Fluarix,397.09.089,1
group_I,SARS-CoV-2 RBD,Fluarix,397.09.167,1
group_I,SARS-CoV-2 RBD,Fluarix,397.09.303,1
group_I,SARS-CoV-2 RBD,Fluarix,397.09.354,1
group_I,SARS-CoV-2 RBD,Fluarix,397.09.358,1
group_I,SARS-CoV-2 RBD,Fluarix,397.09.359,1
group_I,SARS-CoV-2 RBD,Fluarix,397.09.419,1
group_I,SARS-CoV-2 RBD,Fluarix,397.22.039,1
group_I,SARS-CoV-2 RBD,Fluarix,397.22.204,1
group_I,SARS-CoV-2 RBD,Fluarix,397.22.322,1
group_I,SARS-CoV-2 RBD,Fluarix,397.22.388,1
group_I,A/Hubei/1/2010 (H5),mRNA-1010,397.06.004,205.0355
group_I,A/Hubei/1/2010 (H5),mRNA-1010,397.06.006,1
group_I,A/Hubei/1/2010 (H5),mRNA-1010,397.06.010,1.481375
group_I,A/Hubei/1/2010 (H5),mRNA-1010,397.06.012,91.59085
group_I,A/Hubei/1/2010 (H5),mRNA-1010,397.06.020,1.782609
group_I,A/Hubei/1/2010 (H5),mRNA-1010,397.06.021,109.4303
group_I,A/Hubei/1/2010 (H5),mRNA-1010,397.06.026,0.879552
group_I,A/Hubei/1/2010 (H5),mRNA-1010,397.06.032,2.918169
group_I,A/Hubei/1/2010 (H5),mRNA-1010,397.06.033,3.329218
group_I,A/Hubei/1/2010 (H5),mRNA-1010,397.06.036,0.705615
group_I,A/Hubei/1/2010 (H5),mRNA-1010,397.06.044,1.429355
group_I,A/Hubei/1/2010 (H5),mRNA-1010,397.06.045,3.72449
group_I,A/Hubei/1/2010 (H5),mRNA-1010,397.06.054,1.204348
group_I,A/Hubei/1/2010 (H5),mRNA-1010,397.06.057,1.540505
group_I,A/Hubei/1/2010 (H5),mRNA-1010,397.06.058,1.098474
group_I,A/Hubei/1/2010 (H5),mRNA-1010,397.06.059,1.38546
group_I,A/Hubei/1/2010 (H5),mRNA-1010,397.06.061,1.358166
group_I,A/Hubei/1/2010 (H5),mRNA-1010,397.06.102,1.373913
group_I,A/Hubei/1/2010 (H5),mRNA-1010,397.06.108,1.407246
group_I,A/Hubei/1/2010 (H5),mRNA-1010,397.06.111,1.68516
group_I,A/Hubei/1/2010 (H5),mRNA-1010,397.06.121,1.605156
group_I,A/Hubei/1/2010 (H5),mRNA-1010,397.06.123,1.844538
group_I,A/Hubei/1/2010 (H5),mRNA-1010,397.06.126,257.2991
group_I,A/Hubei/1/2010 (H5),mRNA-1010,397.06.129,4.076818
group_I,A/Hubei/1/2010 (H5),mRNA-1010,397.06.131,256.3471
group_I,A/Hubei/1/2010 (H5),mRNA-1010,397.06.145,0.793478
group_I,A/Hubei/1/2010 (H5),mRNA-1010,397.06.156,3.626826
group_I,A/Hubei/1/2010 (H5),mRNA-1010,397.06.163,3.501992
group_I,A/Hubei/1/2010 (H5),mRNA-1010,397.06.178,11.83498
group_I,A/Hubei/1/2010 (H5),mRNA-1010,397.06.179,308.9595
group_I,A/Hubei/1/2010 (H5),mRNA-1010,397.06.184,48.34988
group_I,A/Hubei/1/2010 (H5),mRNA-1010,397.06.193,1.078797
group_I,A/Hubei/1/2010 (H5),mRNA-1010,397.06.210,4.661842
group_I,A/Hubei/1/2010 (H5),mRNA-1010,397.06.211,2.069565
group_I,A/Hubei/1/2010 (H5),mRNA-1010,397.06.212,1.698217
group_I,A/Hubei/1/2010 (H5),mRNA-1010,397.06.215,1.475921
group_I,A/Hubei/1/2010 (H5),mRNA-1010,397.06.217,2.777476
group_I,A/Hubei/1/2010 (H5),mRNA-1010,397.06.229,2.389262
group_I,A/Hubei/1/2010 (H5),mRNA-1010,397.06.236,2.692094
group_I,A/Hubei/1/2010 (H5),mRNA-1010,397.06.242,2.700136
group_I,A/Hubei/1/2010 (H5),mRNA-1010,397.06.243,2.130201
group_I,A/Hubei/1/2010 (H5),mRNA-1010,397.06.244,1.944759
group_I,A/Hubei/1/2010 (H5),mRNA-1010,397.06.245,2.289916
group_I,A/Hubei/1/2010 (H5),mRNA-1010,397.06.246,1.616046
group_I,A/Hubei/1/2010 (H5),mRNA-1010,397.06.247,2.562414
group_I,A/Hubei/1/2010 (H5),mRNA-1010,397.06.248,2.142469
group_I,A/Hubei/1/2010 (H5),mRNA-1010,397.06.249,2.196744
group_I,A/Hubei/1/2010 (H5),mRNA-1010,397.06.251,2.177871
group_I,A/Hubei/1/2010 (H5),mRNA-1010,397.06.252,1.589855
group_I,A/Hubei/1/2010 (H5),mRNA-1010,397.06.253,2.022663
group_I,A/Hubei/1/2010 (H5),mRNA-1010,397.06.255,1.453623
group_I,A/Hubei/1/2010 (H5),mRNA-1010,397.06.258,2.297668
group_I,A/Hubei/1/2010 (H5),mRNA-1010,397.06.262,2.662551
group_I,A/Hubei/1/2010 (H5),mRNA-1010,397.06.263,1.65043
group_I,A/Hubei/1/2010 (H5),mRNA-1010,397.06.266,1.889356
group_I,A/Hubei/1/2010 (H5),mRNA-1010,397.06.267,1.74221
group_I,A/Hubei/1/2010 (H5),mRNA-1010,397.06.269,1.988539
group_I,A/Hubei/1/2010 (H5),mRNA-1010,397.06.272,1.504298
group_I,A/Hubei/1/2010 (H5),mRNA-1010,397.06.273,0.907039
group_I,A/Hubei/1/2010 (H5),mRNA-1010,397.06.275,2.546463
group_I,A/Hubei/1/2010 (H5),mRNA-1010,397.06.276,1.833333
group_I,A/Hubei/1/2010 (H5),mRNA-1010,397.06.277,1.589855
group_I,A/Hubei/1/2010 (H5),mRNA-1010,397.06.278,1.878151
group_I,A/Hubei/1/2010 (H5),mRNA-1010,397.06.284,1.899433
group_I,A/Hubei/1/2010 (H5),mRNA-1010,397.06.285,0.93037
group_I,A/Hubei/1/2010 (H5),mRNA-1010,397.06.287,1.481375
group_I,A/Hubei/1/2010 (H5),mRNA-1010,397.06.288,1.212034
group_I,A/Hubei/1/2010 (H5),mRNA-1010,397.06.290,2.492997
group_I,A/Hubei/1/2010 (H5),mRNA-1010,397.06.292,1.991678
group_I,A/Hubei/1/2010 (H5),mRNA-1010,397.06.293,0.523238
group_I,A/Hubei/1/2010 (H5),mRNA-1010,397.06.294,1.661891
group_I,A/Hubei/1/2010 (H5),mRNA-1010,397.06.295,1.859917
group_I,A/Hubei/1/2010 (H5),mRNA-1010,397.06.297,1.720963
group_I,A/Hubei/1/2010 (H5),mRNA-1010,397.06.299,1.638968
group_I,A/Hubei/1/2010 (H5),mRNA-1010,397.06.300,0.757037
group_I,A/Hubei/1/2010 (H5),mRNA-1010,397.06.302,2.527344
group_I,A/Hubei/1/2010 (H5),mRNA-1010,397.06.307,2.654948
group_I,A/Hubei/1/2010 (H5),mRNA-1010,397.06.308,1.90056
group_I,A/Hubei/1/2010 (H5),mRNA-1010,397.06.310,0.899713
group_I,A/Hubei/1/2010 (H5),mRNA-1010,397.06.314,2.145631
group_I,A/Hubei/1/2010 (H5),mRNA-1010,397.06.315,1.391117
group_I,A/Hubei/1/2010 (H5),mRNA-1010,397.06.322,88.41327
group_I,A/Hubei/1/2010 (H5),mRNA-1010,397.06.330,303.0199
group_I,A/Hubei/1/2010 (H5),mRNA-1010,397.06.333,2.079561
group_I,A/Hubei/1/2010 (H5),mRNA-1010,397.06.339,1.9043
group_I,A/Hubei/1/2010 (H5),mRNA-1010,397.06.340,2.341564
group_I,A/Hubei/1/2010 (H5),mRNA-1010,397.06.345,1.488211
group_I,A/Hubei/1/2010 (H5),mRNA-1010,397.06.356,1.398017
group_I,A/Hubei/1/2010 (H5),mRNA-1010,397.06.373,1.765265
group_I,A/Hubei/1/2010 (H5),mRNA-1010,397.06.375,1.434193
group_I,A/Hubei/1/2010 (H5),mRNA-1010,397.06.376,1.622396
group_I,A/Hubei/1/2010 (H5),mRNA-1010,397.06.382,209.9124
group_I,A/Hubei/1/2010 (H5),mRNA-1010,397.06.387,1.720165
group_I,A/Hubei/1/2010 (H5),mRNA-1010,397.06.390,0.941628
group_I,A/Hubei/1/2010 (H5),mRNA-1010,397.06.391,1.207283
group_I,A/Hubei/1/2010 (H5),mRNA-1010,397.06.392,1.597781
group_I,A/Hubei/1/2010 (H5),mRNA-1010,397.06.393,1.510402
group_I,A/Hubei/1/2010 (H5),mRNA-1010,397.06.394,1.306649
group_I,A/Hubei/1/2010 (H5),mRNA-1010,397.06.395,1.411842
group_I,A/Hubei/1/2010 (H5),mRNA-1010,397.06.396,1.765265
group_I,A/Hubei/1/2010 (H5),mRNA-1010,397.06.397,1.342936
group_I,A/Hubei/1/2010 (H5),mRNA-1010,397.06.398,1.808684
group_I,A/Hubei/1/2010 (H5),mRNA-1010,397.06.399,1.303745
group_I,A/Hubei/1/2010 (H5),mRNA-1010,397.06.400,1.460905
group_I,A/Hubei/1/2010 (H5),mRNA-1010,397.06.401,1.609396
group_I,A/Hubei/1/2010 (H5),mRNA-1010,397.06.402,1.387919
group_I,A/Hubei/1/2010 (H5),mRNA-1010,397.06.403,0.836582
group_I,A/Hubei/1/2010 (H5),mRNA-1010,397.06.405,1.602241
group_I,A/Hubei/1/2010 (H5),mRNA-1010,397.06.406,1.532594
group_I,A/Hubei/1/2010 (H5),mRNA-1010,397.06.409,1.583446
group_I,A/Hubei/1/2010 (H5),mRNA-1010,397.06.410,0.976296
group_I,A/Hubei/1/2010 (H5),mRNA-1010,397.06.411,2.184049
group_I,A/Hubei/1/2010 (H5),mRNA-1010,397.06.413,0.533733
group_I,A/Hubei/1/2010 (H5),mRNA-1010,397.06.414,0.775417
group_I,A/Hubei/1/2010 (H5),mRNA-1010,397.06.417,1.267908
group_I,A/Hubei/1/2010 (H5),mRNA-1010,397.06.418,1.68516
group_I,A/Hubei/1/2010 (H5),mRNA-1010,397.06.419,1.402985
group_I,A/Hubei/1/2010 (H5),mRNA-1010,397.06.423,1.302292
group_I,A/Hubei/1/2010 (H5),mRNA-1010,397.06.425,1.317391
group_I,A/Hubei/1/2010 (H5),mRNA-1010,397.06.431,2.448871
group_I,A/Hubei/1/2010 (H5),mRNA-1010,397.06.435,1.458333
group_I,A/Hubei/1/2010 (H5),mRNA-1010,397.06.436,1.171468
group_I,A/Hubei/1/2010 (H5),mRNA-1010,397.17.001,1.424695
group_I,A/Hubei/1/2010 (H5),mRNA-1010,397.17.002,1.558299
group_I,A/Hubei/1/2010 (H5),mRNA-1010,397.17.003,1.830393
group_I,A/Hubei/1/2010 (H5),mRNA-1010,397.17.004,1.353909
group_I,A/Hubei/1/2010 (H5),mRNA-1010,397.17.005,1.499307
group_I,A/Hubei/1/2010 (H5),mRNA-1010,397.17.007,1.910526
group_I,A/Hubei/1/2010 (H5),mRNA-1010,397.17.009,2.065632
group_I,A/Hubei/1/2010 (H5),mRNA-1010,397.17.014,1.743421
group_I,A/Hubei/1/2010 (H5),mRNA-1010,397.17.022,1.622771
group_I,A/Hubei/1/2010 (H5),mRNA-1010,397.17.024,1.488467
group_I,A/Hubei/1/2010 (H5),mRNA-1010,397.17.025,1.569273
group_I,A/Hubei/1/2010 (H5),mRNA-1010,397.17.050,1.773639
group_I,A/Hubei/1/2010 (H5),mRNA-1010,397.17.091,1.857895
group_I,A/Hubei/1/2010 (H5),mRNA-1010,397.17.092,2.708333
group_I,A/Hubei/1/2010 (H5),mRNA-1010,397.17.095,2.325898
group_I,A/Hubei/1/2010 (H5),mRNA-1010,397.17.102,306.3939
group_I,A/Hubei/1/2010 (H5),mRNA-1010,397.17.119,1.773639
group_I,A/Hubei/1/2010 (H5),mRNA-1010,397.17.121,1.219259
group_I,A/Hubei/1/2010 (H5),mRNA-1010,397.17.137,0.743628
group_I,A/Hubei/1/2010 (H5),mRNA-1010,397.17.175,2.98008
group_I,A/Hubei/1/2010 (H5),mRNA-1010,397.17.211,3.8125
group_I,A/Hubei/1/2010 (H5),mRNA-1010,397.17.213,2.613267
group_I,A/Hubei/1/2010 (H5),mRNA-1010,397.17.220,1.192754
group_I,A/Hubei/1/2010 (H5),mRNA-1010,397.17.234,3.632576
group_I,A/Hubei/1/2010 (H5),mRNA-1010,397.17.257,1.717765
group_I,A/Hubei/1/2010 (H5),mRNA-1010,397.17.259,0.587253
group_I,A/Hubei/1/2010 (H5),mRNA-1010,397.17.266,1.722689
group_I,A/Hubei/1/2010 (H5),mRNA-1010,397.17.271,1.442029
group_I,A/Hubei/1/2010 (H5),mRNA-1010,397.17.274,2.345354
group_I,A/Hubei/1/2010 (H5),mRNA-1010,397.17.275,2.715673
group_I,A/Hubei/1/2010 (H5),mRNA-1010,397.17.276,2.230435
group_I,A/Hubei/1/2010 (H5),mRNA-1010,397.17.277,1.966667
group_I,A/Hubei/1/2010 (H5),mRNA-1010,397.17.278,1.886819
group_I,A/Hubei/1/2010 (H5),mRNA-1010,397.17.279,1.808023
group_I,A/Hubei/1/2010 (H5),mRNA-1010,397.17.282,1.756303
group_I,A/Hubei/1/2010 (H5),mRNA-1010,397.17.284,1.674064
group_I,A/Hubei/1/2010 (H5),mRNA-1010,397.17.286,1.876771
group_I,A/Hubei/1/2010 (H5),mRNA-1010,397.17.291,2.270538
group_I,A/Hubei/1/2010 (H5),mRNA-1010,397.17.293,1.794203
group_I,A/Hubei/1/2010 (H5),mRNA-1010,397.17.297,1.74221
group_I,A/Hubei/1/2010 (H5),mRNA-1010,397.17.301,1.82153
group_I,A/Hubei/1/2010 (H5),mRNA-1010,397.17.324,3.814765
group_I,A/Hubei/1/2010 (H5),mRNA-1010,397.17.327,3.835938
group_I,A/Hubei/1/2010 (H5),mRNA-1010,397.17.328,3.067729
group_I,A/Hubei/1/2010 (H5),mRNA-1010,397.17.334,4.966306
group_I,A/Hubei/1/2010 (H5),mRNA-1010,397.17.336,4.793061
group_I,A/Hubei/1/2010 (H5),mRNA-1010,397.17.352,1.375354
group_I,A/Hubei/1/2010 (H5),mRNA-1010,397.17.373,1.387919
group_I,A/Hubei/1/2010 (H5),mRNA-1010,397.17.374,1.161481
group_I,A/Hubei/1/2010 (H5),mRNA-1010,397.17.383,1.222524
group_I,A/Hubei/1/2010 (H5),mRNA-1010,397.17.384,1.251007
group_I,A/Hubei/1/2010 (H5),mRNA-1010,397.28.005,1.331962
group_I,A/Hubei/1/2010 (H5),mRNA-1010,397.28.009,2.967785
group_I,A/Hubei/1/2010 (H5),mRNA-1010,397.28.033,4.934569
group_I,A/Hubei/1/2010 (H5),mRNA-1010,397.28.040,2.369949
group_I,A/Hubei/1/2010 (H5),mRNA-1010,397.28.054,3.515513
group_I,A/Hubei/1/2010 (H5),mRNA-1010,397.28.055,3.235825
group_I,A/Hubei/1/2010 (H5),mRNA-1010,397.28.056,2.32349
group_I,A/Hubei/1/2010 (H5),mRNA-1010,397.28.073,4.37402
group_I,A/Hubei/1/2010 (H5),mRNA-1010,397.28.080,0.828017
group_I,A/Hubei/1/2010 (H5),mRNA-1010,397.28.085,0.651261
group_I,A/Hubei/1/2010 (H5),mRNA-1010,397.28.087,1.660526
group_I,A/Hubei/1/2010 (H5),mRNA-1010,397.28.095,2.601563
group_I,A/Hubei/1/2010 (H5),mRNA-1010,397.28.100,1.305797
group_I,A/Hubei/1/2010 (H5),mRNA-1010,397.28.116,3.471141
group_I,A/Hubei/1/2010 (H5),mRNA-1010,397.28.127,3.511719
group_I,A/Hubei/1/2010 (H5),mRNA-1010,397.28.129,2.786543
group_I,A/Hubei/1/2010 (H5),mRNA-1010,397.28.131,3.75219
group_I,A/Hubei/1/2010 (H5),mRNA-1010,397.28.134,2.321053
group_I,A/Hubei/1/2010 (H5),mRNA-1010,397.28.135,1.567105
group_I,A/Hubei/1/2010 (H5),mRNA-1010,397.28.136,1.555556
group_I,A/Hubei/1/2010 (H5),mRNA-1010,397.28.140,3.329218
group_I,A/Hubei/1/2010 (H5),mRNA-1010,397.28.141,1.311385
group_I,A/Hubei/1/2010 (H5),mRNA-1010,397.28.149,1.969822
group_I,A/Hubei/1/2010 (H5),mRNA-1010,397.28.150,0.799697
group_I,A/Hubei/1/2010 (H5),mRNA-1010,397.28.174,2.742297
group_I,A/Hubei/1/2010 (H5),mRNA-1010,397.29.005,3.885101
group_I,A/Hubei/1/2010 (H5),mRNA-1010,397.29.024,0.517451
group_I,A/Hubei/1/2010 (H5),mRNA-1010,397.29.035,2.131615
group_I,A/Hubei/1/2010 (H5),mRNA-1010,397.29.038,2.036061
group_I,A/Hubei/1/2010 (H5),mRNA-1010,397.29.039,1.671053
group_I,A/Hubei/1/2010 (H5),mRNA-1010,397.29.060,3.089933
group_I,A/Hubei/1/2010 (H5),mRNA-1010,397.29.063,3.646684
group_I,A/Hubei/1/2010 (H5),mRNA-1010,397.29.064,1.186969
group_I,A/Hubei/1/2010 (H5),mRNA-1010,397.29.071,3.586121
group_I,A/Hubei/1/2010 (H5),mRNA-1010,397.29.085,1.449931
group_I,A/Hubei/1/2010 (H5),mRNA-1010,397.29.089,3.632576
group_I,A/Hubei/1/2010 (H5),mRNA-1010,397.29.101,2.636364
group_I,A/Hubei/1/2010 (H5),mRNA-1010,397.29.104,1.934174
group_I,A/Hubei/1/2010 (H5),mRNA-1010,397.29.106,2.84192
group_I,A/Hubei/1/2010 (H5),mRNA-1010,397.29.107,1.23389
group_I,A/Hubei/1/2010 (H5),mRNA-1010,397.29.121,0.616192
group_I,A/Hubei/1/2010 (H5),mRNA-1010,397.29.134,2.663265
group_I,A/Hubei/1/2010 (H5),mRNA-1010,397.29.141,1.011594
group_I,A/Hubei/1/2010 (H5),mRNA-1010,397.29.142,1
group_I,A/Hubei/1/2010 (H5),mRNA-1010,397.29.172,0.780741
group_I,A/Hubei/1/2010 (H5),mRNA-1010,397.29.177,1.327731
group_I,A/Hubei/1/2010 (H5),mRNA-1010,397.29.181,2.820153
group_I,A/Hubei/1/2010 (H5),mRNA-1010,397.29.186,0.52381
group_I,A/Hubei/1/2010 (H5),mRNA-1010,397.29.195,2.413959
group_I,A/Hubei/1/2010 (H5),mRNA-1010,397.29.196,2.177871
group_I,A/Hubei/1/2010 (H5),mRNA-1010,397.29.209,3.090305
group_I,A/Hubei/1/2010 (H5),mRNA-1010,397.29.214,1.17337
group_I,A/Hubei/1/2010 (H5),mRNA-1010,397.29.219,2.442953
group_I,A/Hubei/1/2010 (H5),mRNA-1010,397.29.225,3.699588
group_I,A/Hubei/1/2010 (H5),mRNA-1010,397.29.238,1.067335
group_I,A/Hubei/1/2010 (H5),mRNA-1010,397.29.253,0.897511
group_I,A/Hubei/1/2010 (H5),mRNA-1010,397.29.263,3.020804
group_I,A/Hubei/1/2010 (H5),mRNA-1010,397.29.265,1.127544
group_I,A/Hubei/1/2010 (H5),mRNA-1010,397.29.272,48.17087
group_I,A/Hubei/1/2010 (H5),mRNA-1010,397.29.281,2.967785
group_I,A/Hubei/1/2010 (H5),mRNA-1010,397.29.288,1.463768
group_I,A/Hubei/1/2010 (H5),mRNA-1010,397.29.297,2.969456
group_I,A/Hubei/1/2010 (H5),mRNA-1010,397.29.300,2.84225
group_I,A/Hubei/1/2010 (H5),mRNA-1010,397.29.303,3.889774
group_I,A/Hubei/1/2010 (H5),mRNA-1010,397.29.304,3.807876
group_I,A/Hubei/1/2010 (H5),mRNA-1010,397.29.305,0.604198
group_I,A/Hubei/1/2010 (H5),mRNA-1010,397.29.310,1.794203
group_I,A/Hubei/1/2010 (H5),mRNA-1010,397.29.320,1.275441
group_I,A/Hubei/1/2010 (H5),mRNA-1010,397.29.335,1.113043
group_I,A/Hubei/1/2010 (H5),mRNA-1010,397.29.336,2.524272
group_I,A/Hubei/1/2010 (H5),mRNA-1010,397.29.337,1.204978
group_I,A/Hubei/1/2010 (H5),mRNA-1010,397.29.338,1.596702
group_I,A/Hubei/1/2010 (H5),mRNA-1010,397.29.354,0.499232
group_I,A/Hubei/1/2010 (H5),mRNA-1010,397.29.388,2.582633
group_I,A/Hubei/1/2010 (H5),mRNA-1010,397.29.395,3.215067
group_I,A/Hubei/1/2010 (H5),mRNA-1010,397.29.396,1.548711
group_I,A/Hubei/1/2010 (H5),mRNA-1010,397.29.397,1.731139
group_I,A/Hubei/1/2010 (H5),mRNA-1010,397.29.404,3.746173
group_I,A/Hubei/1/2010 (H5),mRNA-1010,397.29.405,1.325936
group_I,A/Hubei/1/2010 (H5),mRNA-1010,397.29.407,1.232295
group_I,A/Hubei/1/2010 (H5),mRNA-1010,397.29.408,3.3125
group_I,A/Hubei/1/2010 (H5),mRNA-1010,397.29.417,1.776296
group_I,A/Hubei/1/2010 (H5),mRNA-1010,397.29.420,0.846737
group_I,A/Hubei/1/2010 (H5),mRNA-1010,397.29.430,0.718841
group_I,A/Hubei/1/2010 (H5),mRNA-1010,397.29.435,3.942282
group_I,A/Hubei/1/2010 (H5),mRNA-1010,397.29.440,4.385078
group_I,A/Hubei/1/2010 (H5),mRNA-1010,397.29.442,2.323529
group_I,A/Hubei/1/2010 (H5),mRNA-1010,397.29.477,1.391117
group_I,A/Hubei/1/2010 (H5),mRNA-1010,397.29.506,1.116942
group_I,A/Hubei/1/2010 (H5),mRNA-1010,397.29.529,1.418381
group_I,A/Hubei/1/2010 (H5),mRNA-1010,397.29.532,1.281553
group_I,A/Hubei/1/2010 (H5),Fluarix,397.05.001,3.949219
group_I,A/Hubei/1/2010 (H5),Fluarix,397.05.002,3.842105
group_I,A/Hubei/1/2010 (H5),Fluarix,397.05.004,3.056241
group_I,A/Hubei/1/2010 (H5),Fluarix,397.05.026,3.444444
group_I,A/Hubei/1/2010 (H5),Fluarix,397.05.058,3.467448
group_I,A/Hubei/1/2010 (H5),Fluarix,397.05.064,3.01328
group_I,A/Hubei/1/2010 (H5),Fluarix,397.05.083,2.777476
group_I,A/Hubei/1/2010 (H5),Fluarix,397.05.094,243.0907
group_I,A/Hubei/1/2010 (H5),Fluarix,397.05.104,229.5861
group_I,A/Hubei/1/2010 (H5),Fluarix,397.05.106,0.587253
group_I,A/Hubei/1/2010 (H5),Fluarix,397.05.115,1.238653
group_I,A/Hubei/1/2010 (H5),Fluarix,397.05.127,2.833107
group_I,A/Hubei/1/2010 (H5),Fluarix,397.05.134,3.214844
group_I,A/Hubei/1/2010 (H5),Fluarix,397.05.147,3.682497
group_I,A/Hubei/1/2010 (H5),Fluarix,397.05.148,3.170596
group_I,A/Hubei/1/2010 (H5),Fluarix,397.05.154,3.134328
group_I,A/Hubei/1/2010 (H5),Fluarix,397.05.157,2.813423
group_I,A/Hubei/1/2010 (H5),Fluarix,397.05.163,0.734815
group_I,A/Hubei/1/2010 (H5),Fluarix,397.05.164,2.126074
group_I,A/Hubei/1/2010 (H5),Fluarix,397.05.212,2.622795
group_I,A/Hubei/1/2010 (H5),Fluarix,397.05.213,1.557047
group_I,A/Hubei/1/2010 (H5),Fluarix,397.05.226,2.395184
group_I,A/Hubei/1/2010 (H5),Fluarix,397.05.228,3.516807
group_I,A/Hubei/1/2010 (H5),Fluarix,397.05.242,2.043924
group_I,A/Hubei/1/2010 (H5),Fluarix,397.05.246,4.321429
group_I,A/Hubei/1/2010 (H5),Fluarix,397.05.260,244.4792
group_I,A/Hubei/1/2010 (H5),Fluarix,397.05.263,3.404027
group_I,A/Hubei/1/2010 (H5),Fluarix,397.05.266,1.752149
group_I,A/Hubei/1/2010 (H5),Fluarix,397.05.267,1.740688
group_I,A/Hubei/1/2010 (H5),Fluarix,397.05.269,0.922096
group_I,A/Hubei/1/2010 (H5),Fluarix,397.05.272,1.988796
group_I,A/Hubei/1/2010 (H5),Fluarix,397.05.273,1.661891
group_I,A/Hubei/1/2010 (H5),Fluarix,397.05.274,2.090652
group_I,A/Hubei/1/2010 (H5),Fluarix,397.05.278,0.850659
group_I,A/Hubei/1/2010 (H5),Fluarix,397.05.280,1.796562
group_I,A/Hubei/1/2010 (H5),Fluarix,397.05.283,2.135977
group_I,A/Hubei/1/2010 (H5),Fluarix,397.05.285,1.686676
group_I,A/Hubei/1/2010 (H5),Fluarix,397.05.286,1.379656
group_I,A/Hubei/1/2010 (H5),Fluarix,397.05.289,2.022409
group_I,A/Hubei/1/2010 (H5),Fluarix,397.05.303,4.398684
group_I,A/Hubei/1/2010 (H5),Fluarix,397.05.313,2.954733
group_I,A/Hubei/1/2010 (H5),Fluarix,397.05.318,3.032922
group_I,A/Hubei/1/2010 (H5),Fluarix,397.05.321,1.805797
group_I,A/Hubei/1/2010 (H5),Fluarix,397.05.327,2.718487
group_I,A/Hubei/1/2010 (H5),Fluarix,397.05.328,2.807365
group_I,A/Hubei/1/2010 (H5),Fluarix,397.05.329,3.123506
group_I,A/Hubei/1/2010 (H5),Fluarix,397.05.330,3.043896
group_I,A/Hubei/1/2010 (H5),Fluarix,397.05.332,3.214844
group_I,A/Hubei/1/2010 (H5),Fluarix,397.05.336,1.893204
group_I,A/Hubei/1/2010 (H5),Fluarix,397.05.344,2.289916
group_I,A/Hubei/1/2010 (H5),Fluarix,397.05.350,3.843293
group_I,A/Hubei/1/2010 (H5),Fluarix,397.05.352,1.845926
group_I,A/Hubei/1/2010 (H5),Fluarix,397.05.380,1.780876
group_I,A/Hubei/1/2010 (H5),Fluarix,397.05.381,1.798177
group_I,A/Hubei/1/2010 (H5),Fluarix,397.05.382,3.722656
group_I,A/Hubei/1/2010 (H5),Fluarix,397.05.387,1.346741
group_I,A/Hubei/1/2010 (H5),Fluarix,397.05.389,1.297151
group_I,A/Hubei/1/2010 (H5),Fluarix,397.05.390,1.186969
group_I,A/Hubei/1/2010 (H5),Fluarix,397.05.401,1.346741
group_I,A/Hubei/1/2010 (H5),Fluarix,397.05.405,3.302083
group_I,A/Hubei/1/2010 (H5),Fluarix,397.05.412,5.280982
group_I,A/Hubei/1/2010 (H5),Fluarix,397.09.014,1.246914
group_I,A/Hubei/1/2010 (H5),Fluarix,397.09.088,1.209632
group_I,A/Hubei/1/2010 (H5),Fluarix,397.09.089,1.022222
group_I,A/Hubei/1/2010 (H5),Fluarix,397.09.167,3.180461
group_I,A/Hubei/1/2010 (H5),Fluarix,397.09.303,2.543909
group_I,A/Hubei/1/2010 (H5),Fluarix,397.09.354,4.396956
group_I,A/Hubei/1/2010 (H5),Fluarix,397.09.358,1.9369
group_I,A/Hubei/1/2010 (H5),Fluarix,397.09.359,3.256308
group_I,A/Hubei/1/2010 (H5),Fluarix,397.09.419,4.218112
group_I,A/Hubei/1/2010 (H5),Fluarix,397.22.039,0.692533
group_I,A/Hubei/1/2010 (H5),Fluarix,397.22.204,0.564492
group_I,A/Hubei/1/2010 (H5),Fluarix,397.22.322,3.428571
group_I,A/Hubei/1/2010 (H5),Fluarix,397.22.388,0.709145
group_I,A/Puerto Rico/8/1934,mRNA-1010,397.06.004,7.986998
group_I,A/Puerto Rico/8/1934,mRNA-1010,397.06.006,0.90085
group_I,A/Puerto Rico/8/1934,mRNA-1010,397.06.010,0.588825
group_I,A/Puerto Rico/8/1934,mRNA-1010,397.06.012,2.963939
group_I,A/Puerto Rico/8/1934,mRNA-1010,397.06.020,0.685507
group_I,A/Puerto Rico/8/1934,mRNA-1010,397.06.021,7.410526
group_I,A/Puerto Rico/8/1934,mRNA-1010,397.06.026,0.368347
group_I,A/Puerto Rico/8/1934,mRNA-1010,397.06.032,0.51595
group_I,A/Puerto Rico/8/1934,mRNA-1010,397.06.033,0.573388
group_I,A/Puerto Rico/8/1934,mRNA-1010,397.06.036,0.176024
group_I,A/Puerto Rico/8/1934,mRNA-1010,397.06.044,4.747599
group_I,A/Puerto Rico/8/1934,mRNA-1010,397.06.045,0.732143
group_I,A/Puerto Rico/8/1934,mRNA-1010,397.06.054,0.505797
group_I,A/Puerto Rico/8/1934,mRNA-1010,397.06.057,19.33997
group_I,A/Puerto Rico/8/1934,mRNA-1010,397.06.058,7.12344
group_I,A/Puerto Rico/8/1934,mRNA-1010,397.06.059,7.165981
group_I,A/Puerto Rico/8/1934,mRNA-1010,397.06.061,0.532951
group_I,A/Puerto Rico/8/1934,mRNA-1010,397.06.102,0.449275
group_I,A/Puerto Rico/8/1934,mRNA-1010,397.06.108,0.314493
group_I,A/Puerto Rico/8/1934,mRNA-1010,397.06.111,26.04022
group_I,A/Puerto Rico/8/1934,mRNA-1010,397.06.121,17.4654
group_I,A/Puerto Rico/8/1934,mRNA-1010,397.06.123,171.3641
group_I,A/Puerto Rico/8/1934,mRNA-1010,397.06.126,7.268322
group_I,A/Puerto Rico/8/1934,mRNA-1010,397.06.129,0.680384
group_I,A/Puerto Rico/8/1934,mRNA-1010,397.06.131,0.21262
group_I,A/Puerto Rico/8/1934,mRNA-1010,397.06.145,0.156832
group_I,A/Puerto Rico/8/1934,mRNA-1010,397.06.156,0.628154
group_I,A/Puerto Rico/8/1934,mRNA-1010,397.06.163,0.648074
group_I,A/Puerto Rico/8/1934,mRNA-1010,397.06.178,35.74697
group_I,A/Puerto Rico/8/1934,mRNA-1010,397.06.179,15.49101
group_I,A/Puerto Rico/8/1934,mRNA-1010,397.06.184,245.6962
group_I,A/Puerto Rico/8/1934,mRNA-1010,397.06.193,1.290831
group_I,A/Puerto Rico/8/1934,mRNA-1010,397.06.210,8.543421
group_I,A/Puerto Rico/8/1934,mRNA-1010,397.06.211,0.775362
group_I,A/Puerto Rico/8/1934,mRNA-1010,397.06.212,1.021948
group_I,A/Puerto Rico/8/1934,mRNA-1010,397.06.215,0.723796
group_I,A/Puerto Rico/8/1934,mRNA-1010,397.06.217,1.137042
group_I,A/Puerto Rico/8/1934,mRNA-1010,397.06.229,2.736913
group_I,A/Puerto Rico/8/1934,mRNA-1010,397.06.236,0.925104
group_I,A/Puerto Rico/8/1934,mRNA-1010,397.06.242,0.947083
group_I,A/Puerto Rico/8/1934,mRNA-1010,397.06.243,1.314094
group_I,A/Puerto Rico/8/1934,mRNA-1010,397.06.244,0.790368
group_I,A/Puerto Rico/8/1934,mRNA-1010,397.06.245,0.694678
group_I,A/Puerto Rico/8/1934,mRNA-1010,397.06.246,0.621777
group_I,A/Puerto Rico/8/1934,mRNA-1010,397.06.247,0.9369
group_I,A/Puerto Rico/8/1934,mRNA-1010,397.06.248,1.02171
group_I,A/Puerto Rico/8/1934,mRNA-1010,397.06.249,1.127544
group_I,A/Puerto Rico/8/1934,mRNA-1010,397.06.251,0.858543
group_I,A/Puerto Rico/8/1934,mRNA-1010,397.06.252,0.64058
group_I,A/Puerto Rico/8/1934,mRNA-1010,397.06.253,0.769122
group_I,A/Puerto Rico/8/1934,mRNA-1010,397.06.255,0.505797
group_I,A/Puerto Rico/8/1934,mRNA-1010,397.06.258,0.85048
group_I,A/Puerto Rico/8/1934,mRNA-1010,397.06.262,1.053498
group_I,A/Puerto Rico/8/1934,mRNA-1010,397.06.263,0.510029
group_I,A/Puerto Rico/8/1934,mRNA-1010,397.06.266,0.770308
group_I,A/Puerto Rico/8/1934,mRNA-1010,397.06.267,0.55949
group_I,A/Puerto Rico/8/1934,mRNA-1010,397.06.269,0.755014
group_I,A/Puerto Rico/8/1934,mRNA-1010,397.06.272,0.666189
group_I,A/Puerto Rico/8/1934,mRNA-1010,397.06.273,0.329349
group_I,A/Puerto Rico/8/1934,mRNA-1010,397.06.275,1.011096
group_I,A/Puerto Rico/8/1934,mRNA-1010,397.06.276,0.803922
group_I,A/Puerto Rico/8/1934,mRNA-1010,397.06.277,0.685507
group_I,A/Puerto Rico/8/1934,mRNA-1010,397.06.278,0.596639
group_I,A/Puerto Rico/8/1934,mRNA-1010,397.06.284,0.746459
group_I,A/Puerto Rico/8/1934,mRNA-1010,397.06.285,0.297778
group_I,A/Puerto Rico/8/1934,mRNA-1010,397.06.287,0.643266
group_I,A/Puerto Rico/8/1934,mRNA-1010,397.06.288,0.411175
group_I,A/Puerto Rico/8/1934,mRNA-1010,397.06.290,0.82493
group_I,A/Puerto Rico/8/1934,mRNA-1010,397.06.292,0.773925
group_I,A/Puerto Rico/8/1934,mRNA-1010,397.06.293,0.151424
group_I,A/Puerto Rico/8/1934,mRNA-1010,397.06.294,0.621777
group_I,A/Puerto Rico/8/1934,mRNA-1010,397.06.295,0.613037
group_I,A/Puerto Rico/8/1934,mRNA-1010,397.06.297,0.538244
group_I,A/Puerto Rico/8/1934,mRNA-1010,397.06.299,0.421203
group_I,A/Puerto Rico/8/1934,mRNA-1010,397.06.300,0.297778
group_I,A/Puerto Rico/8/1934,mRNA-1010,397.06.302,1.510417
group_I,A/Puerto Rico/8/1934,mRNA-1010,397.06.307,1.27474
group_I,A/Puerto Rico/8/1934,mRNA-1010,397.06.308,0.738095
group_I,A/Puerto Rico/8/1934,mRNA-1010,397.06.310,0.544413
group_I,A/Puerto Rico/8/1934,mRNA-1010,397.06.314,0.742025
group_I,A/Puerto Rico/8/1934,mRNA-1010,397.06.315,0.588825
group_I,A/Puerto Rico/8/1934,mRNA-1010,397.06.322,9.571429
group_I,A/Puerto Rico/8/1934,mRNA-1010,397.06.330,11.80605
group_I,A/Puerto Rico/8/1934,mRNA-1010,397.06.333,0.9369
group_I,A/Puerto Rico/8/1934,mRNA-1010,397.06.339,1.31484
group_I,A/Puerto Rico/8/1934,mRNA-1010,397.06.340,1
group_I,A/Puerto Rico/8/1934,mRNA-1010,397.06.345,0.719834
group_I,A/Puerto Rico/8/1934,mRNA-1010,397.06.356,0.65864
group_I,A/Puerto Rico/8/1934,mRNA-1010,397.06.373,11.91859
group_I,A/Puerto Rico/8/1934,mRNA-1010,397.06.375,7.500678
group_I,A/Puerto Rico/8/1934,mRNA-1010,397.06.376,13.43099
group_I,A/Puerto Rico/8/1934,mRNA-1010,397.06.382,2.35567
group_I,A/Puerto Rico/8/1934,mRNA-1010,397.06.387,1.558299
group_I,A/Puerto Rico/8/1934,mRNA-1010,397.06.390,0.333333
group_I,A/Puerto Rico/8/1934,mRNA-1010,397.06.391,2.112045
group_I,A/Puerto Rico/8/1934,mRNA-1010,397.06.392,11.26075
group_I,A/Puerto Rico/8/1934,mRNA-1010,397.06.393,8.140083
group_I,A/Puerto Rico/8/1934,mRNA-1010,397.06.394,10.54953
group_I,A/Puerto Rico/8/1934,mRNA-1010,397.06.395,12.68421
group_I,A/Puerto Rico/8/1934,mRNA-1010,397.06.396,13.10583
group_I,A/Puerto Rico/8/1934,mRNA-1010,397.06.397,6.164609
group_I,A/Puerto Rico/8/1934,mRNA-1010,397.06.398,21.8019
group_I,A/Puerto Rico/8/1934,mRNA-1010,397.06.399,8.915395
group_I,A/Puerto Rico/8/1934,mRNA-1010,397.06.400,8.067215
group_I,A/Puerto Rico/8/1934,mRNA-1010,397.06.401,17.38523
group_I,A/Puerto Rico/8/1934,mRNA-1010,397.06.402,4.024161
group_I,A/Puerto Rico/8/1934,mRNA-1010,397.06.403,0.301349
group_I,A/Puerto Rico/8/1934,mRNA-1010,397.06.405,3.282913
group_I,A/Puerto Rico/8/1934,mRNA-1010,397.06.406,11.0846
group_I,A/Puerto Rico/8/1934,mRNA-1010,397.06.409,9.578019
group_I,A/Puerto Rico/8/1934,mRNA-1010,397.06.410,0.539259
group_I,A/Puerto Rico/8/1934,mRNA-1010,397.06.411,149.2859
group_I,A/Puerto Rico/8/1934,mRNA-1010,397.06.413,0.731634
group_I,A/Puerto Rico/8/1934,mRNA-1010,397.06.414,0.341426
group_I,A/Puerto Rico/8/1934,mRNA-1010,397.06.417,1.200573
group_I,A/Puerto Rico/8/1934,mRNA-1010,397.06.418,20.02774
group_I,A/Puerto Rico/8/1934,mRNA-1010,397.06.419,8.583446
group_I,A/Puerto Rico/8/1934,mRNA-1010,397.06.423,0.554441
group_I,A/Puerto Rico/8/1934,mRNA-1010,397.06.425,0.752174
group_I,A/Puerto Rico/8/1934,mRNA-1010,397.06.431,0.61753
group_I,A/Puerto Rico/8/1934,mRNA-1010,397.06.435,4.660156
group_I,A/Puerto Rico/8/1934,mRNA-1010,397.06.436,2.485597
group_I,A/Puerto Rico/8/1934,mRNA-1010,397.17.001,7.162822
group_I,A/Puerto Rico/8/1934,mRNA-1010,397.17.002,14.20576
group_I,A/Puerto Rico/8/1934,mRNA-1010,397.17.003,3.820896
group_I,A/Puerto Rico/8/1934,mRNA-1010,397.17.004,11.44856
group_I,A/Puerto Rico/8/1934,mRNA-1010,397.17.005,15.95007
group_I,A/Puerto Rico/8/1934,mRNA-1010,397.17.007,21.41842
group_I,A/Puerto Rico/8/1934,mRNA-1010,397.17.009,114.8473
group_I,A/Puerto Rico/8/1934,mRNA-1010,397.17.014,13.95789
group_I,A/Puerto Rico/8/1934,mRNA-1010,397.17.022,9.36214
group_I,A/Puerto Rico/8/1934,mRNA-1010,397.17.024,8.548168
group_I,A/Puerto Rico/8/1934,mRNA-1010,397.17.025,12.88615
group_I,A/Puerto Rico/8/1934,mRNA-1010,397.17.050,0.621777
group_I,A/Puerto Rico/8/1934,mRNA-1010,397.17.091,21.65132
group_I,A/Puerto Rico/8/1934,mRNA-1010,397.17.092,2.482323
group_I,A/Puerto Rico/8/1934,mRNA-1010,397.17.095,0.701363
group_I,A/Puerto Rico/8/1934,mRNA-1010,397.17.102,15.37557
group_I,A/Puerto Rico/8/1934,mRNA-1010,397.17.119,0.67765
group_I,A/Puerto Rico/8/1934,mRNA-1010,397.17.121,0.367407
group_I,A/Puerto Rico/8/1934,mRNA-1010,397.17.137,0.173913
group_I,A/Puerto Rico/8/1934,mRNA-1010,397.17.175,0.669323
group_I,A/Puerto Rico/8/1934,mRNA-1010,397.17.211,0.950255
group_I,A/Puerto Rico/8/1934,mRNA-1010,397.17.213,180.9061
group_I,A/Puerto Rico/8/1934,mRNA-1010,397.17.220,0.326087
group_I,A/Puerto Rico/8/1934,mRNA-1010,397.17.234,0.891414
group_I,A/Puerto Rico/8/1934,mRNA-1010,397.17.257,0.510029
group_I,A/Puerto Rico/8/1934,mRNA-1010,397.17.259,0.200303
group_I,A/Puerto Rico/8/1934,mRNA-1010,397.17.266,0.715686
group_I,A/Puerto Rico/8/1934,mRNA-1010,397.17.271,0.572464
group_I,A/Puerto Rico/8/1934,mRNA-1010,397.17.274,1.011096
group_I,A/Puerto Rico/8/1934,mRNA-1010,397.17.275,1.119279
group_I,A/Puerto Rico/8/1934,mRNA-1010,397.17.276,0.943478
group_I,A/Puerto Rico/8/1934,mRNA-1010,397.17.277,0.685507
group_I,A/Puerto Rico/8/1934,mRNA-1010,397.17.278,0.666189
group_I,A/Puerto Rico/8/1934,mRNA-1010,397.17.279,0.687679
group_I,A/Puerto Rico/8/1934,mRNA-1010,397.17.282,0.683473
group_I,A/Puerto Rico/8/1934,mRNA-1010,397.17.284,0.590846
group_I,A/Puerto Rico/8/1934,mRNA-1010,397.17.286,0.822946
group_I,A/Puerto Rico/8/1934,mRNA-1010,397.17.291,0.845609
group_I,A/Puerto Rico/8/1934,mRNA-1010,397.17.293,0.707246
group_I,A/Puerto Rico/8/1934,mRNA-1010,397.17.297,0.713881
group_I,A/Puerto Rico/8/1934,mRNA-1010,397.17.301,0.834278
group_I,A/Puerto Rico/8/1934,mRNA-1010,397.17.324,0.738255
group_I,A/Puerto Rico/8/1934,mRNA-1010,397.17.327,0.807292
group_I,A/Puerto Rico/8/1934,mRNA-1010,397.17.328,0.648074
group_I,A/Puerto Rico/8/1934,mRNA-1010,397.17.334,1.131167
group_I,A/Puerto Rico/8/1934,mRNA-1010,397.17.336,1.02974
group_I,A/Puerto Rico/8/1934,mRNA-1010,397.17.352,0.614731
group_I,A/Puerto Rico/8/1934,mRNA-1010,397.17.373,12.07383
group_I,A/Puerto Rico/8/1934,mRNA-1010,397.17.374,0.401481
group_I,A/Puerto Rico/8/1934,mRNA-1010,397.17.383,10.92944
group_I,A/Puerto Rico/8/1934,mRNA-1010,397.17.384,9.214765
group_I,A/Puerto Rico/8/1934,mRNA-1010,397.28.005,4.366255
group_I,A/Puerto Rico/8/1934,mRNA-1010,397.28.009,0.593289
group_I,A/Puerto Rico/8/1934,mRNA-1010,397.28.033,1.835333
group_I,A/Puerto Rico/8/1934,mRNA-1010,397.28.040,149.7866
group_I,A/Puerto Rico/8/1934,mRNA-1010,397.28.054,5.757757
group_I,A/Puerto Rico/8/1934,mRNA-1010,397.28.055,0.76933
group_I,A/Puerto Rico/8/1934,mRNA-1010,397.28.056,0.967785
group_I,A/Puerto Rico/8/1934,mRNA-1010,397.28.073,1.44009
group_I,A/Puerto Rico/8/1934,mRNA-1010,397.28.080,0.48405
group_I,A/Puerto Rico/8/1934,mRNA-1010,397.28.085,1.62465
group_I,A/Puerto Rico/8/1934,mRNA-1010,397.28.087,131.2829
group_I,A/Puerto Rico/8/1934,mRNA-1010,397.28.095,1.223958
group_I,A/Puerto Rico/8/1934,mRNA-1010,397.28.100,0.910145
group_I,A/Puerto Rico/8/1934,mRNA-1010,397.28.116,0.86443
group_I,A/Puerto Rico/8/1934,mRNA-1010,397.28.127,0.798177
group_I,A/Puerto Rico/8/1934,mRNA-1010,397.28.129,0.845708
group_I,A/Puerto Rico/8/1934,mRNA-1010,397.28.131,4.479349
group_I,A/Puerto Rico/8/1934,mRNA-1010,397.28.134,1.164474
group_I,A/Puerto Rico/8/1934,mRNA-1010,397.28.135,0.663158
group_I,A/Puerto Rico/8/1934,mRNA-1010,397.28.136,0.263704
group_I,A/Puerto Rico/8/1934,mRNA-1010,397.28.140,0.648834
group_I,A/Puerto Rico/8/1934,mRNA-1010,397.28.141,129.845
group_I,A/Puerto Rico/8/1934,mRNA-1010,397.28.149,1.053498
group_I,A/Puerto Rico/8/1934,mRNA-1010,397.28.150,0.47041
group_I,A/Puerto Rico/8/1934,mRNA-1010,397.28.174,0.585434
group_I,A/Puerto Rico/8/1934,mRNA-1010,397.29.005,0.852273
group_I,A/Puerto Rico/8/1934,mRNA-1010,397.29.024,0.140971
group_I,A/Puerto Rico/8/1934,mRNA-1010,397.29.035,0.862958
group_I,A/Puerto Rico/8/1934,mRNA-1010,397.29.038,0.762829
group_I,A/Puerto Rico/8/1934,mRNA-1010,397.29.039,18.56447
group_I,A/Puerto Rico/8/1934,mRNA-1010,397.29.060,0.655034
group_I,A/Puerto Rico/8/1934,mRNA-1010,397.29.063,0.80102
group_I,A/Puerto Rico/8/1934,mRNA-1010,397.29.064,8.026912
group_I,A/Puerto Rico/8/1934,mRNA-1010,397.29.071,0.893432
group_I,A/Puerto Rico/8/1934,mRNA-1010,397.29.085,10.03292
group_I,A/Puerto Rico/8/1934,mRNA-1010,397.29.089,0.792929
group_I,A/Puerto Rico/8/1934,mRNA-1010,397.29.101,1.008838
group_I,A/Puerto Rico/8/1934,mRNA-1010,397.29.104,0.770308
group_I,A/Puerto Rico/8/1934,mRNA-1010,397.29.106,1.468384
group_I,A/Puerto Rico/8/1934,mRNA-1010,397.29.107,10.58592
group_I,A/Puerto Rico/8/1934,mRNA-1010,397.29.121,0.161919
group_I,A/Puerto Rico/8/1934,mRNA-1010,397.29.134,192.9401
group_I,A/Puerto Rico/8/1934,mRNA-1010,397.29.141,1.044928
group_I,A/Puerto Rico/8/1934,mRNA-1010,397.29.142,0.287966
group_I,A/Puerto Rico/8/1934,mRNA-1010,397.29.172,0.241481
group_I,A/Puerto Rico/8/1934,mRNA-1010,397.29.177,10.67647
group_I,A/Puerto Rico/8/1934,mRNA-1010,397.29.181,0.66199
group_I,A/Puerto Rico/8/1934,mRNA-1010,397.29.186,0.142704
group_I,A/Puerto Rico/8/1934,mRNA-1010,397.29.195,0.79302
group_I,A/Puerto Rico/8/1934,mRNA-1010,397.29.196,0.847339
group_I,A/Puerto Rico/8/1934,mRNA-1010,397.29.209,0.75166
group_I,A/Puerto Rico/8/1934,mRNA-1010,397.29.214,65.67406
group_I,A/Puerto Rico/8/1934,mRNA-1010,397.29.219,0.634899
group_I,A/Puerto Rico/8/1934,mRNA-1010,397.29.225,0.754458
group_I,A/Puerto Rico/8/1934,mRNA-1010,397.29.238,0.399713
group_I,A/Puerto Rico/8/1934,mRNA-1010,397.29.253,0.487555
group_I,A/Puerto Rico/8/1934,mRNA-1010,397.29.263,0.633842
group_I,A/Puerto Rico/8/1934,mRNA-1010,397.29.265,7.408412
group_I,A/Puerto Rico/8/1934,mRNA-1010,397.29.272,0.488796
group_I,A/Puerto Rico/8/1934,mRNA-1010,397.29.281,0.696644
group_I,A/Puerto Rico/8/1934,mRNA-1010,397.29.288,0.56087
group_I,A/Puerto Rico/8/1934,mRNA-1010,397.29.297,0.669323
group_I,A/Puerto Rico/8/1934,mRNA-1010,397.29.300,0.573388
group_I,A/Puerto Rico/8/1934,mRNA-1010,397.29.303,0.678619
group_I,A/Puerto Rico/8/1934,mRNA-1010,397.29.304,0.852029
group_I,A/Puerto Rico/8/1934,mRNA-1010,397.29.305,0.173913
group_I,A/Puerto Rico/8/1934,mRNA-1010,397.29.310,0.371014
group_I,A/Puerto Rico/8/1934,mRNA-1010,397.29.320,8.792402
group_I,A/Puerto Rico/8/1934,mRNA-1010,397.29.335,0.56087
group_I,A/Puerto Rico/8/1934,mRNA-1010,397.29.336,0.48405
group_I,A/Puerto Rico/8/1934,mRNA-1010,397.29.337,0.52123
group_I,A/Puerto Rico/8/1934,mRNA-1010,397.29.338,0.290855
group_I,A/Puerto Rico/8/1934,mRNA-1010,397.29.354,0.118894
group_I,A/Puerto Rico/8/1934,mRNA-1010,397.29.388,0.466387
group_I,A/Puerto Rico/8/1934,mRNA-1010,397.29.395,0.763062
group_I,A/Puerto Rico/8/1934,mRNA-1010,397.29.396,0.643266
group_I,A/Puerto Rico/8/1934,mRNA-1010,397.29.397,0.70096
group_I,A/Puerto Rico/8/1934,mRNA-1010,397.29.404,0.751276
group_I,A/Puerto Rico/8/1934,mRNA-1010,397.29.405,10.65742
group_I,A/Puerto Rico/8/1934,mRNA-1010,397.29.407,8.623229
group_I,A/Puerto Rico/8/1934,mRNA-1010,397.29.408,1.592448
group_I,A/Puerto Rico/8/1934,mRNA-1010,397.29.417,0.447407
group_I,A/Puerto Rico/8/1934,mRNA-1010,397.29.420,0.223065
group_I,A/Puerto Rico/8/1934,mRNA-1010,397.29.430,20.14928
group_I,A/Puerto Rico/8/1934,mRNA-1010,397.29.435,0.634899
group_I,A/Puerto Rico/8/1934,mRNA-1010,397.29.440,0.821901
group_I,A/Puerto Rico/8/1934,mRNA-1010,397.29.442,0.901961
group_I,A/Puerto Rico/8/1934,mRNA-1010,397.29.477,0.34384
group_I,A/Puerto Rico/8/1934,mRNA-1010,397.29.506,0.232384
group_I,A/Puerto Rico/8/1934,mRNA-1010,397.29.529,11.20302
group_I,A/Puerto Rico/8/1934,mRNA-1010,397.29.532,8.528433
group_I,A/Puerto Rico/8/1934,Fluarix,397.05.001,0.777344
group_I,A/Puerto Rico/8/1934,Fluarix,397.05.002,0.693421
group_I,A/Puerto Rico/8/1934,Fluarix,397.05.004,0.573388
group_I,A/Puerto Rico/8/1934,Fluarix,397.05.026,0.63786
group_I,A/Puerto Rico/8/1934,Fluarix,397.05.058,0.696615
group_I,A/Puerto Rico/8/1934,Fluarix,397.05.064,0.555113
group_I,A/Puerto Rico/8/1934,Fluarix,397.05.083,0.515604
group_I,A/Puerto Rico/8/1934,Fluarix,397.05.094,13.6957
group_I,A/Puerto Rico/8/1934,Fluarix,397.05.104,9.28005
group_I,A/Puerto Rico/8/1934,Fluarix,397.05.106,0.153263
group_I,A/Puerto Rico/8/1934,Fluarix,397.05.115,0.465593
group_I,A/Puerto Rico/8/1934,Fluarix,397.05.127,0.525102
group_I,A/Puerto Rico/8/1934,Fluarix,397.05.134,0.595052
group_I,A/Puerto Rico/8/1934,Fluarix,397.05.147,0.630936
group_I,A/Puerto Rico/8/1934,Fluarix,397.05.148,0.527046
group_I,A/Puerto Rico/8/1934,Fluarix,397.05.154,1.381275
group_I,A/Puerto Rico/8/1934,Fluarix,397.05.157,0.510067
group_I,A/Puerto Rico/8/1934,Fluarix,397.05.163,0.195556
group_I,A/Puerto Rico/8/1934,Fluarix,397.05.164,0.310888
group_I,A/Puerto Rico/8/1934,Fluarix,397.05.212,0.440977
group_I,A/Puerto Rico/8/1934,Fluarix,397.05.213,0.363758
group_I,A/Puerto Rico/8/1934,Fluarix,397.05.226,0.427762
group_I,A/Puerto Rico/8/1934,Fluarix,397.05.228,0.651261
group_I,A/Puerto Rico/8/1934,Fluarix,397.05.242,0.396779
group_I,A/Puerto Rico/8/1934,Fluarix,397.05.246,0.781888
group_I,A/Puerto Rico/8/1934,Fluarix,397.05.260,49.65032
group_I,A/Puerto Rico/8/1934,Fluarix,397.05.263,0.593289
group_I,A/Puerto Rico/8/1934,Fluarix,397.05.266,0.666189
group_I,A/Puerto Rico/8/1934,Fluarix,397.05.267,0.621777
group_I,A/Puerto Rico/8/1934,Fluarix,397.05.269,0.956091
group_I,A/Puerto Rico/8/1934,Fluarix,397.05.272,0.760504
group_I,A/Puerto Rico/8/1934,Fluarix,397.05.273,0.67765
group_I,A/Puerto Rico/8/1934,Fluarix,397.05.274,0.746459
group_I,A/Puerto Rico/8/1934,Fluarix,397.05.278,0.385066
group_I,A/Puerto Rico/8/1934,Fluarix,397.05.280,0.510029
group_I,A/Puerto Rico/8/1934,Fluarix,397.05.283,0.769122
group_I,A/Puerto Rico/8/1934,Fluarix,397.05.285,0.499268
group_I,A/Puerto Rico/8/1934,Fluarix,397.05.286,0.421203
group_I,A/Puerto Rico/8/1934,Fluarix,397.05.289,0.770308
group_I,A/Puerto Rico/8/1934,Fluarix,397.05.303,0.652632
group_I,A/Puerto Rico/8/1934,Fluarix,397.05.313,0.510288
group_I,A/Puerto Rico/8/1934,Fluarix,397.05.318,0.48834
group_I,A/Puerto Rico/8/1934,Fluarix,397.05.321,0.381159
group_I,A/Puerto Rico/8/1934,Fluarix,397.05.327,0.532213
group_I,A/Puerto Rico/8/1934,Fluarix,397.05.328,0.526912
group_I,A/Puerto Rico/8/1934,Fluarix,397.05.329,0.606906
group_I,A/Puerto Rico/8/1934,Fluarix,397.05.330,0.552812
group_I,A/Puerto Rico/8/1934,Fluarix,397.05.332,0.625
group_I,A/Puerto Rico/8/1934,Fluarix,397.05.336,0.785021
group_I,A/Puerto Rico/8/1934,Fluarix,397.05.344,0.390756
group_I,A/Puerto Rico/8/1934,Fluarix,397.05.350,0.710491
group_I,A/Puerto Rico/8/1934,Fluarix,397.05.352,0.343704
group_I,A/Puerto Rico/8/1934,Fluarix,397.05.380,24.27756
group_I,A/Puerto Rico/8/1934,Fluarix,397.05.381,15.53255
group_I,A/Puerto Rico/8/1934,Fluarix,397.05.382,0.665365
group_I,A/Puerto Rico/8/1934,Fluarix,397.05.387,7.108183
group_I,A/Puerto Rico/8/1934,Fluarix,397.05.389,8.260516
group_I,A/Puerto Rico/8/1934,Fluarix,397.05.390,7.090652
group_I,A/Puerto Rico/8/1934,Fluarix,397.05.401,12.92649
group_I,A/Puerto Rico/8/1934,Fluarix,397.05.405,0.665365
group_I,A/Puerto Rico/8/1934,Fluarix,397.05.412,0.942331
group_I,A/Puerto Rico/8/1934,Fluarix,397.09.014,11.40329
group_I,A/Puerto Rico/8/1934,Fluarix,397.09.088,0.296034
group_I,A/Puerto Rico/8/1934,Fluarix,397.09.089,0.251852
group_I,A/Puerto Rico/8/1934,Fluarix,397.09.167,0.620081
group_I,A/Puerto Rico/8/1934,Fluarix,397.09.303,0.548159
group_I,A/Puerto Rico/8/1934,Fluarix,397.09.354,0.981265
group_I,A/Puerto Rico/8/1934,Fluarix,397.09.358,0.510288
group_I,A/Puerto Rico/8/1934,Fluarix,397.09.359,0.710491
group_I,A/Puerto Rico/8/1934,Fluarix,397.09.419,0.821429
group_I,A/Puerto Rico/8/1934,Fluarix,397.22.039,0.532943
group_I,A/Puerto Rico/8/1934,Fluarix,397.22.204,0.153263
group_I,A/Puerto Rico/8/1934,Fluarix,397.22.322,0.721939
group_I,A/Puerto Rico/8/1934,Fluarix,397.22.388,0.161919
group_I,A/New Caledonia/20/1999,mRNA-1010,397.06.004,69.95981
group_I,A/New Caledonia/20/1999,mRNA-1010,397.06.006,0.790368
group_I,A/New Caledonia/20/1999,mRNA-1010,397.06.010,0.732092
group_I,A/New Caledonia/20/1999,mRNA-1010,397.06.012,25.69487
group_I,A/New Caledonia/20/1999,mRNA-1010,397.06.020,0.718841
group_I,A/New Caledonia/20/1999,mRNA-1010,397.06.021,52.60526
group_I,A/New Caledonia/20/1999,mRNA-1010,397.06.026,0.57563
group_I,A/New Caledonia/20/1999,mRNA-1010,397.06.032,0.687933
group_I,A/New Caledonia/20/1999,mRNA-1010,397.06.033,0.733882
group_I,A/New Caledonia/20/1999,mRNA-1010,397.06.036,0.611533
group_I,A/New Caledonia/20/1999,mRNA-1010,397.06.044,1.010974
group_I,A/New Caledonia/20/1999,mRNA-1010,397.06.045,0.871173
group_I,A/New Caledonia/20/1999,mRNA-1010,397.06.054,0.695652
group_I,A/New Caledonia/20/1999,mRNA-1010,397.06.057,2.904382
group_I,A/New Caledonia/20/1999,mRNA-1010,397.06.058,1.564494
group_I,A/New Caledonia/20/1999,mRNA-1010,397.06.059,1.429355
group_I,A/New Caledonia/20/1999,mRNA-1010,397.06.061,0.710602
group_I,A/New Caledonia/20/1999,mRNA-1010,397.06.102,0.673913
group_I,A/New Caledonia/20/1999,mRNA-1010,397.06.108,0.64058
group_I,A/New Caledonia/20/1999,mRNA-1010,397.06.111,0.622746
group_I,A/New Caledonia/20/1999,mRNA-1010,397.06.121,2.755767
group_I,A/New Caledonia/20/1999,mRNA-1010,397.06.123,18.10224
group_I,A/New Caledonia/20/1999,mRNA-1010,397.06.126,1.147754
group_I,A/New Caledonia/20/1999,mRNA-1010,397.06.129,0.744856
group_I,A/New Caledonia/20/1999,mRNA-1010,397.06.131,0.70096
group_I,A/New Caledonia/20/1999,mRNA-1010,397.06.145,0.613354
group_I,A/New Caledonia/20/1999,mRNA-1010,397.06.156,0.741036
group_I,A/New Caledonia/20/1999,mRNA-1010,397.06.163,0.803453
group_I,A/New Caledonia/20/1999,mRNA-1010,397.06.178,129.7767
group_I,A/New Caledonia/20/1999,mRNA-1010,397.06.179,82.34712
group_I,A/New Caledonia/20/1999,mRNA-1010,397.06.184,103.2861
group_I,A/New Caledonia/20/1999,mRNA-1010,397.06.193,1.571633
group_I,A/New Caledonia/20/1999,mRNA-1010,397.06.210,8.890789
group_I,A/New Caledonia/20/1999,mRNA-1010,397.06.211,0.730435
group_I,A/New Caledonia/20/1999,mRNA-1010,397.06.212,1.182442
group_I,A/New Caledonia/20/1999,mRNA-1010,397.06.215,0.856941
group_I,A/New Caledonia/20/1999,mRNA-1010,397.06.217,0.883311
group_I,A/New Caledonia/20/1999,mRNA-1010,397.06.229,1.083221
group_I,A/New Caledonia/20/1999,mRNA-1010,397.06.236,0.762829
group_I,A/New Caledonia/20/1999,mRNA-1010,397.06.242,0.862958
group_I,A/New Caledonia/20/1999,mRNA-1010,397.06.243,1.53557
group_I,A/New Caledonia/20/1999,mRNA-1010,397.06.244,0.779037
group_I,A/New Caledonia/20/1999,mRNA-1010,397.06.245,0.715686
group_I,A/New Caledonia/20/1999,mRNA-1010,397.06.246,0.69914
group_I,A/New Caledonia/20/1999,mRNA-1010,397.06.247,0.765432
group_I,A/New Caledonia/20/1999,mRNA-1010,397.06.248,1.010855
group_I,A/New Caledonia/20/1999,mRNA-1010,397.06.249,1.147897
group_I,A/New Caledonia/20/1999,mRNA-1010,397.06.251,0.792717
group_I,A/New Caledonia/20/1999,mRNA-1010,397.06.252,0.718841
group_I,A/New Caledonia/20/1999,mRNA-1010,397.06.253,0.723796
group_I,A/New Caledonia/20/1999,mRNA-1010,397.06.255,0.685507
group_I,A/New Caledonia/20/1999,mRNA-1010,397.06.258,0.765432
group_I,A/New Caledonia/20/1999,mRNA-1010,397.06.262,0.829904
group_I,A/New Caledonia/20/1999,mRNA-1010,397.06.263,0.687679
group_I,A/New Caledonia/20/1999,mRNA-1010,397.06.266,0.738095
group_I,A/New Caledonia/20/1999,mRNA-1010,397.06.267,0.691218
group_I,A/New Caledonia/20/1999,mRNA-1010,397.06.269,0.743553
group_I,A/New Caledonia/20/1999,mRNA-1010,397.06.272,0.722063
group_I,A/New Caledonia/20/1999,mRNA-1010,397.06.273,0.658699
group_I,A/New Caledonia/20/1999,mRNA-1010,397.06.275,0.785021
group_I,A/New Caledonia/20/1999,mRNA-1010,397.06.276,0.770308
group_I,A/New Caledonia/20/1999,mRNA-1010,397.06.277,0.752174
group_I,A/New Caledonia/20/1999,mRNA-1010,397.06.278,0.672269
group_I,A/New Caledonia/20/1999,mRNA-1010,397.06.284,0.75779
group_I,A/New Caledonia/20/1999,mRNA-1010,397.06.285,0.677037
group_I,A/New Caledonia/20/1999,mRNA-1010,397.06.287,0.722063
group_I,A/New Caledonia/20/1999,mRNA-1010,397.06.288,0.654728
group_I,A/New Caledonia/20/1999,mRNA-1010,397.06.290,0.738095
group_I,A/New Caledonia/20/1999,mRNA-1010,397.06.292,0.719834
group_I,A/New Caledonia/20/1999,mRNA-1010,397.06.293,0.604198
group_I,A/New Caledonia/20/1999,mRNA-1010,397.06.294,0.710602
group_I,A/New Caledonia/20/1999,mRNA-1010,397.06.295,0.699029
group_I,A/New Caledonia/20/1999,mRNA-1010,397.06.297,0.691218
group_I,A/New Caledonia/20/1999,mRNA-1010,397.06.299,0.666189
group_I,A/New Caledonia/20/1999,mRNA-1010,397.06.300,0.677037
group_I,A/New Caledonia/20/1999,mRNA-1010,397.06.302,1.264323
group_I,A/New Caledonia/20/1999,mRNA-1010,397.06.307,1.050781
group_I,A/New Caledonia/20/1999,mRNA-1010,397.06.308,0.738095
group_I,A/New Caledonia/20/1999,mRNA-1010,397.06.310,0.777937
group_I,A/New Caledonia/20/1999,mRNA-1010,397.06.314,0.719834
group_I,A/New Caledonia/20/1999,mRNA-1010,397.06.315,0.69914
group_I,A/New Caledonia/20/1999,mRNA-1010,397.06.322,70.84439
group_I,A/New Caledonia/20/1999,mRNA-1010,397.06.330,88.81268
group_I,A/New Caledonia/20/1999,mRNA-1010,397.06.333,0.78738
group_I,A/New Caledonia/20/1999,mRNA-1010,397.06.339,0.9362
group_I,A/New Caledonia/20/1999,mRNA-1010,397.06.340,0.78738
group_I,A/New Caledonia/20/1999,mRNA-1010,397.06.345,0.990291
group_I,A/New Caledonia/20/1999,mRNA-1010,397.06.356,0.8017
group_I,A/New Caledonia/20/1999,mRNA-1010,397.06.373,2.142469
group_I,A/New Caledonia/20/1999,mRNA-1010,397.06.375,1.573948
group_I,A/New Caledonia/20/1999,mRNA-1010,397.06.376,2.390625
group_I,A/New Caledonia/20/1999,mRNA-1010,397.06.382,36.89433
group_I,A/New Caledonia/20/1999,mRNA-1010,397.06.387,0.9369
group_I,A/New Caledonia/20/1999,mRNA-1010,397.06.390,0.714286
group_I,A/New Caledonia/20/1999,mRNA-1010,397.06.391,0.901961
group_I,A/New Caledonia/20/1999,mRNA-1010,397.06.392,2.267684
group_I,A/New Caledonia/20/1999,mRNA-1010,397.06.393,1.597781
group_I,A/New Caledonia/20/1999,mRNA-1010,397.06.394,2.316147
group_I,A/New Caledonia/20/1999,mRNA-1010,397.06.395,2.511842
group_I,A/New Caledonia/20/1999,mRNA-1010,397.06.396,2.447761
group_I,A/New Caledonia/20/1999,mRNA-1010,397.06.397,1.471879
group_I,A/New Caledonia/20/1999,mRNA-1010,397.06.398,3.29308
group_I,A/New Caledonia/20/1999,mRNA-1010,397.06.399,1.586685
group_I,A/New Caledonia/20/1999,mRNA-1010,397.06.400,1.687243
group_I,A/New Caledonia/20/1999,mRNA-1010,397.06.401,2.84698
group_I,A/New Caledonia/20/1999,mRNA-1010,397.06.402,1.157047
group_I,A/New Caledonia/20/1999,mRNA-1010,397.06.403,0.685157
group_I,A/New Caledonia/20/1999,mRNA-1010,397.06.405,1.141457
group_I,A/New Caledonia/20/1999,mRNA-1010,397.06.406,2.102635
group_I,A/New Caledonia/20/1999,mRNA-1010,397.06.409,1.970149
group_I,A/New Caledonia/20/1999,mRNA-1010,397.06.410,0.804444
group_I,A/New Caledonia/20/1999,mRNA-1010,397.06.411,72.04417
group_I,A/New Caledonia/20/1999,mRNA-1010,397.06.413,1.187406
group_I,A/New Caledonia/20/1999,mRNA-1010,397.06.414,0.717754
group_I,A/New Caledonia/20/1999,mRNA-1010,397.06.417,0.832378
group_I,A/New Caledonia/20/1999,mRNA-1010,397.06.418,2.850208
group_I,A/New Caledonia/20/1999,mRNA-1010,397.06.419,1.370421
group_I,A/New Caledonia/20/1999,mRNA-1010,397.06.423,0.722063
group_I,A/New Caledonia/20/1999,mRNA-1010,397.06.425,0.718841
group_I,A/New Caledonia/20/1999,mRNA-1010,397.06.431,0.814077
group_I,A/New Caledonia/20/1999,mRNA-1010,397.06.435,56.33724
group_I,A/New Caledonia/20/1999,mRNA-1010,397.06.436,43.06859
group_I,A/New Caledonia/20/1999,mRNA-1010,397.17.001,1.499322
group_I,A/New Caledonia/20/1999,mRNA-1010,397.17.002,2.540466
group_I,A/New Caledonia/20/1999,mRNA-1010,397.17.003,1.63772
group_I,A/New Caledonia/20/1999,mRNA-1010,397.17.004,1.969822
group_I,A/New Caledonia/20/1999,mRNA-1010,397.17.005,2.647712
group_I,A/New Caledonia/20/1999,mRNA-1010,397.17.007,3.007895
group_I,A/New Caledonia/20/1999,mRNA-1010,397.17.009,61.57637
group_I,A/New Caledonia/20/1999,mRNA-1010,397.17.014,2.394737
group_I,A/New Caledonia/20/1999,mRNA-1010,397.17.022,1.666667
group_I,A/New Caledonia/20/1999,mRNA-1010,397.17.024,1.583446
group_I,A/New Caledonia/20/1999,mRNA-1010,397.17.025,2.485597
group_I,A/New Caledonia/20/1999,mRNA-1010,397.17.050,0.687679
group_I,A/New Caledonia/20/1999,mRNA-1010,397.17.091,3.425
group_I,A/New Caledonia/20/1999,mRNA-1010,397.17.092,1.444444
group_I,A/New Caledonia/20/1999,mRNA-1010,397.17.095,1.301115
group_I,A/New Caledonia/20/1999,mRNA-1010,397.17.102,86.20294
group_I,A/New Caledonia/20/1999,mRNA-1010,397.17.119,0.722063
group_I,A/New Caledonia/20/1999,mRNA-1010,397.17.121,0.677037
group_I,A/New Caledonia/20/1999,mRNA-1010,397.17.137,0.604198
group_I,A/New Caledonia/20/1999,mRNA-1010,397.17.175,0.75166
group_I,A/New Caledonia/20/1999,mRNA-1010,397.17.211,0.741071
group_I,A/New Caledonia/20/1999,mRNA-1010,397.17.213,65.77722
group_I,A/New Caledonia/20/1999,mRNA-1010,397.17.220,0.673913
group_I,A/New Caledonia/20/1999,mRNA-1010,397.17.234,0.969697
group_I,A/New Caledonia/20/1999,mRNA-1010,397.17.257,0.67765
group_I,A/New Caledonia/20/1999,mRNA-1010,397.17.259,0.634294
group_I,A/New Caledonia/20/1999,mRNA-1010,397.17.266,0.705882
group_I,A/New Caledonia/20/1999,mRNA-1010,397.17.271,0.718841
group_I,A/New Caledonia/20/1999,mRNA-1010,397.17.274,0.796117
group_I,A/New Caledonia/20/1999,mRNA-1010,397.17.275,0.828017
group_I,A/New Caledonia/20/1999,mRNA-1010,397.17.276,0.786957
group_I,A/New Caledonia/20/1999,mRNA-1010,397.17.277,0.718841
group_I,A/New Caledonia/20/1999,mRNA-1010,397.17.278,0.722063
group_I,A/New Caledonia/20/1999,mRNA-1010,397.17.279,0.710602
group_I,A/New Caledonia/20/1999,mRNA-1010,397.17.282,0.705882
group_I,A/New Caledonia/20/1999,mRNA-1010,397.17.284,0.687933
group_I,A/New Caledonia/20/1999,mRNA-1010,397.17.286,0.779037
group_I,A/New Caledonia/20/1999,mRNA-1010,397.17.291,0.75779
group_I,A/New Caledonia/20/1999,mRNA-1010,397.17.293,0.74058
group_I,A/New Caledonia/20/1999,mRNA-1010,397.17.297,0.723796
group_I,A/New Caledonia/20/1999,mRNA-1010,397.17.301,0.75779
group_I,A/New Caledonia/20/1999,mRNA-1010,397.17.324,0.728859
group_I,A/New Caledonia/20/1999,mRNA-1010,397.17.327,0.747396
group_I,A/New Caledonia/20/1999,mRNA-1010,397.17.328,0.721116
group_I,A/New Caledonia/20/1999,mRNA-1010,397.17.334,0.990373
group_I,A/New Caledonia/20/1999,mRNA-1010,397.17.336,0.933086
group_I,A/New Caledonia/20/1999,mRNA-1010,397.17.352,0.70255
group_I,A/New Caledonia/20/1999,mRNA-1010,397.17.373,2.216107
group_I,A/New Caledonia/20/1999,mRNA-1010,397.17.374,0.665185
group_I,A/New Caledonia/20/1999,mRNA-1010,397.17.383,1.92673
group_I,A/New Caledonia/20/1999,mRNA-1010,397.17.384,1.789262
group_I,A/New Caledonia/20/1999,mRNA-1010,397.28.005,1.032922
group_I,A/New Caledonia/20/1999,mRNA-1010,397.28.009,0.718121
group_I,A/New Caledonia/20/1999,mRNA-1010,397.28.033,1.178844
group_I,A/New Caledonia/20/1999,mRNA-1010,397.28.040,52.7096
group_I,A/New Caledonia/20/1999,mRNA-1010,397.28.054,1.430788
group_I,A/New Caledonia/20/1999,mRNA-1010,397.28.055,0.789948
group_I,A/New Caledonia/20/1999,mRNA-1010,397.28.056,0.801342
group_I,A/New Caledonia/20/1999,mRNA-1010,397.28.073,1.157895
group_I,A/New Caledonia/20/1999,mRNA-1010,397.28.080,0.719834
group_I,A/New Caledonia/20/1999,mRNA-1010,397.28.085,0.7493
group_I,A/New Caledonia/20/1999,mRNA-1010,397.28.087,17.50789
group_I,A/New Caledonia/20/1999,mRNA-1010,397.28.095,0.858073
group_I,A/New Caledonia/20/1999,mRNA-1010,397.28.100,0.933333
group_I,A/New Caledonia/20/1999,mRNA-1010,397.28.116,0.790604
group_I,A/New Caledonia/20/1999,mRNA-1010,397.28.127,0.766927
group_I,A/New Caledonia/20/1999,mRNA-1010,397.28.129,1.009281
group_I,A/New Caledonia/20/1999,mRNA-1010,397.28.131,0.795995
group_I,A/New Caledonia/20/1999,mRNA-1010,397.28.134,0.847368
group_I,A/New Caledonia/20/1999,mRNA-1010,397.28.135,11.46711
group_I,A/New Caledonia/20/1999,mRNA-1010,397.28.136,0.631111
group_I,A/New Caledonia/20/1999,mRNA-1010,397.28.140,0.744856
group_I,A/New Caledonia/20/1999,mRNA-1010,397.28.141,18.29081
group_I,A/New Caledonia/20/1999,mRNA-1010,397.28.149,0.78738
group_I,A/New Caledonia/20/1999,mRNA-1010,397.28.150,0.681335
group_I,A/New Caledonia/20/1999,mRNA-1010,397.28.174,0.672269
group_I,A/New Caledonia/20/1999,mRNA-1010,397.29.005,0.813131
group_I,A/New Caledonia/20/1999,mRNA-1010,397.29.024,0.599393
group_I,A/New Caledonia/20/1999,mRNA-1010,397.29.035,0.736771
group_I,A/New Caledonia/20/1999,mRNA-1010,397.29.038,0.742025
group_I,A/New Caledonia/20/1999,mRNA-1010,397.29.039,3.138158
group_I,A/New Caledonia/20/1999,mRNA-1010,397.29.060,0.718121
group_I,A/New Caledonia/20/1999,mRNA-1010,397.29.063,0.790816
group_I,A/New Caledonia/20/1999,mRNA-1010,397.29.064,2.600567
group_I,A/New Caledonia/20/1999,mRNA-1010,397.29.071,0.923172
group_I,A/New Caledonia/20/1999,mRNA-1010,397.29.085,2.090535
group_I,A/New Caledonia/20/1999,mRNA-1010,397.29.089,0.80303
group_I,A/New Caledonia/20/1999,mRNA-1010,397.29.101,0.891414
group_I,A/New Caledonia/20/1999,mRNA-1010,397.29.104,0.738095
group_I,A/New Caledonia/20/1999,mRNA-1010,397.29.106,1.045667
group_I,A/New Caledonia/20/1999,mRNA-1010,397.29.107,2.027446
group_I,A/New Caledonia/20/1999,mRNA-1010,397.29.121,0.616192
group_I,A/New Caledonia/20/1999,mRNA-1010,397.29.134,50.9949
group_I,A/New Caledonia/20/1999,mRNA-1010,397.29.141,0.82029
group_I,A/New Caledonia/20/1999,mRNA-1010,397.29.142,0.67765
group_I,A/New Caledonia/20/1999,mRNA-1010,397.29.172,0.619259
group_I,A/New Caledonia/20/1999,mRNA-1010,397.29.177,2.267507
group_I,A/New Caledonia/20/1999,mRNA-1010,397.29.181,0.830357
group_I,A/New Caledonia/20/1999,mRNA-1010,397.29.186,0.59447
group_I,A/New Caledonia/20/1999,mRNA-1010,397.29.195,0.961492
group_I,A/New Caledonia/20/1999,mRNA-1010,397.29.196,0.738095
group_I,A/New Caledonia/20/1999,mRNA-1010,397.29.209,0.803453
group_I,A/New Caledonia/20/1999,mRNA-1010,397.29.214,7.153953
group_I,A/New Caledonia/20/1999,mRNA-1010,397.29.219,0.873826
group_I,A/New Caledonia/20/1999,mRNA-1010,397.29.225,0.744856
group_I,A/New Caledonia/20/1999,mRNA-1010,397.29.238,0.710602
group_I,A/New Caledonia/20/1999,mRNA-1010,397.29.253,0.771596
group_I,A/New Caledonia/20/1999,mRNA-1010,397.29.263,0.708738
group_I,A/New Caledonia/20/1999,mRNA-1010,397.29.265,1.63772
group_I,A/New Caledonia/20/1999,mRNA-1010,397.29.272,9.277311
group_I,A/New Caledonia/20/1999,mRNA-1010,397.29.281,0.738255
group_I,A/New Caledonia/20/1999,mRNA-1010,397.29.288,0.707246
group_I,A/New Caledonia/20/1999,mRNA-1010,397.29.297,0.844622
group_I,A/New Caledonia/20/1999,mRNA-1010,397.29.300,0.711934
group_I,A/New Caledonia/20/1999,mRNA-1010,397.29.303,0.77158
group_I,A/New Caledonia/20/1999,mRNA-1010,397.29.304,0.879475
group_I,A/New Caledonia/20/1999,mRNA-1010,397.29.305,0.616192
group_I,A/New Caledonia/20/1999,mRNA-1010,397.29.310,0.64058
group_I,A/New Caledonia/20/1999,mRNA-1010,397.29.320,1.90502
group_I,A/New Caledonia/20/1999,mRNA-1010,397.29.335,0.775362
group_I,A/New Caledonia/20/1999,mRNA-1010,397.29.336,0.676838
group_I,A/New Caledonia/20/1999,mRNA-1010,397.29.337,0.702782
group_I,A/New Caledonia/20/1999,mRNA-1010,397.29.338,0.626687
group_I,A/New Caledonia/20/1999,mRNA-1010,397.29.354,0.583717
group_I,A/New Caledonia/20/1999,mRNA-1010,397.29.388,0.683473
group_I,A/New Caledonia/20/1999,mRNA-1010,397.29.395,0.895504
group_I,A/New Caledonia/20/1999,mRNA-1010,397.29.396,0.710602
group_I,A/New Caledonia/20/1999,mRNA-1010,397.29.397,0.744856
group_I,A/New Caledonia/20/1999,mRNA-1010,397.29.404,0.741071
group_I,A/New Caledonia/20/1999,mRNA-1010,397.29.405,2.190014
group_I,A/New Caledonia/20/1999,mRNA-1010,397.29.407,1.709632
group_I,A/New Caledonia/20/1999,mRNA-1010,397.29.408,1.152344
group_I,A/New Caledonia/20/1999,mRNA-1010,397.29.417,0.654815
group_I,A/New Caledonia/20/1999,mRNA-1010,397.29.420,0.611533
group_I,A/New Caledonia/20/1999,mRNA-1010,397.29.430,0.797101
group_I,A/New Caledonia/20/1999,mRNA-1010,397.29.435,0.738255
group_I,A/New Caledonia/20/1999,mRNA-1010,397.29.440,0.877256
group_I,A/New Caledonia/20/1999,mRNA-1010,397.29.442,0.803922
group_I,A/New Caledonia/20/1999,mRNA-1010,397.29.477,0.643266
group_I,A/New Caledonia/20/1999,mRNA-1010,397.29.506,0.626687
group_I,A/New Caledonia/20/1999,mRNA-1010,397.29.529,2.253772
group_I,A/New Caledonia/20/1999,mRNA-1010,397.29.532,2.058252
group_I,A/New Caledonia/20/1999,Fluarix,397.05.001,0.696615
group_I,A/New Caledonia/20/1999,Fluarix,397.05.002,0.734211
group_I,A/New Caledonia/20/1999,Fluarix,397.05.004,0.765432
group_I,A/New Caledonia/20/1999,Fluarix,397.05.026,0.754458
group_I,A/New Caledonia/20/1999,Fluarix,397.05.058,0.817708
group_I,A/New Caledonia/20/1999,Fluarix,397.05.064,0.762284
group_I,A/New Caledonia/20/1999,Fluarix,397.05.083,0.683853
group_I,A/New Caledonia/20/1999,Fluarix,397.05.094,85.21002
group_I,A/New Caledonia/20/1999,Fluarix,397.05.104,32.86245
group_I,A/New Caledonia/20/1999,Fluarix,397.05.106,0.599393
group_I,A/New Caledonia/20/1999,Fluarix,397.05.115,0.714495
group_I,A/New Caledonia/20/1999,Fluarix,397.05.127,0.693351
group_I,A/New Caledonia/20/1999,Fluarix,397.05.134,0.766927
group_I,A/New Caledonia/20/1999,Fluarix,397.05.147,0.693351
group_I,A/New Caledonia/20/1999,Fluarix,397.05.148,0.687933
group_I,A/New Caledonia/20/1999,Fluarix,397.05.154,0.683853
group_I,A/New Caledonia/20/1999,Fluarix,397.05.157,0.67651
group_I,A/New Caledonia/20/1999,Fluarix,397.05.163,0.631111
group_I,A/New Caledonia/20/1999,Fluarix,397.05.164,0.666189
group_I,A/New Caledonia/20/1999,Fluarix,397.05.212,0.683853
group_I,A/New Caledonia/20/1999,Fluarix,397.05.213,4.583893
group_I,A/New Caledonia/20/1999,Fluarix,397.05.226,0.691218
group_I,A/New Caledonia/20/1999,Fluarix,397.05.228,0.694678
group_I,A/New Caledonia/20/1999,Fluarix,397.05.242,0.657394
group_I,A/New Caledonia/20/1999,Fluarix,397.05.246,0.781888
group_I,A/New Caledonia/20/1999,Fluarix,397.05.260,107.6078
group_I,A/New Caledonia/20/1999,Fluarix,397.05.263,0.759732
group_I,A/New Caledonia/20/1999,Fluarix,397.05.266,0.69914
group_I,A/New Caledonia/20/1999,Fluarix,397.05.267,0.687679
group_I,A/New Caledonia/20/1999,Fluarix,397.05.269,0.822946
group_I,A/New Caledonia/20/1999,Fluarix,397.05.272,0.715686
group_I,A/New Caledonia/20/1999,Fluarix,397.05.273,0.722063
group_I,A/New Caledonia/20/1999,Fluarix,397.05.274,0.723796
group_I,A/New Caledonia/20/1999,Fluarix,397.05.278,0.692533
group_I,A/New Caledonia/20/1999,Fluarix,397.05.280,0.643266
group_I,A/New Caledonia/20/1999,Fluarix,397.05.283,0.713881
group_I,A/New Caledonia/20/1999,Fluarix,397.05.285,0.68082
group_I,A/New Caledonia/20/1999,Fluarix,397.05.286,0.643266
group_I,A/New Caledonia/20/1999,Fluarix,397.05.289,0.726891
group_I,A/New Caledonia/20/1999,Fluarix,397.05.303,0.682895
group_I,A/New Caledonia/20/1999,Fluarix,397.05.313,0.70096
group_I,A/New Caledonia/20/1999,Fluarix,397.05.318,0.691358
group_I,A/New Caledonia/20/1999,Fluarix,397.05.321,0.673913
group_I,A/New Caledonia/20/1999,Fluarix,397.05.327,0.672269
group_I,A/New Caledonia/20/1999,Fluarix,397.05.328,0.713881
group_I,A/New Caledonia/20/1999,Fluarix,397.05.329,0.699867
group_I,A/New Caledonia/20/1999,Fluarix,397.05.330,0.66941
group_I,A/New Caledonia/20/1999,Fluarix,397.05.332,0.716146
group_I,A/New Caledonia/20/1999,Fluarix,397.05.336,0.742025
group_I,A/New Caledonia/20/1999,Fluarix,397.05.344,0.640056
group_I,A/New Caledonia/20/1999,Fluarix,397.05.350,0.792829
group_I,A/New Caledonia/20/1999,Fluarix,397.05.352,0.642963
group_I,A/New Caledonia/20/1999,Fluarix,397.05.380,3.189907
group_I,A/New Caledonia/20/1999,Fluarix,397.05.381,2.654948
group_I,A/New Caledonia/20/1999,Fluarix,397.05.382,0.798177
group_I,A/New Caledonia/20/1999,Fluarix,397.05.387,1.227462
group_I,A/New Caledonia/20/1999,Fluarix,397.05.389,1.339213
group_I,A/New Caledonia/20/1999,Fluarix,397.05.390,1.464589
group_I,A/New Caledonia/20/1999,Fluarix,397.05.401,2.245492
group_I,A/New Caledonia/20/1999,Fluarix,397.05.405,0.807292
group_I,A/New Caledonia/20/1999,Fluarix,397.05.412,0.894479
group_I,A/New Caledonia/20/1999,Fluarix,397.09.014,2.068587
group_I,A/New Caledonia/20/1999,Fluarix,397.09.088,0.647309
group_I,A/New Caledonia/20/1999,Fluarix,397.09.089,0.642963
group_I,A/New Caledonia/20/1999,Fluarix,397.09.167,0.725916
group_I,A/New Caledonia/20/1999,Fluarix,397.09.303,0.691218
group_I,A/New Caledonia/20/1999,Fluarix,397.09.354,0.9637
group_I,A/New Caledonia/20/1999,Fluarix,397.09.358,0.711934
group_I,A/New Caledonia/20/1999,Fluarix,397.09.359,0.721116
group_I,A/New Caledonia/20/1999,Fluarix,397.09.419,0.771684
group_I,A/New Caledonia/20/1999,Fluarix,397.22.039,0.850659
group_I,A/New Caledonia/20/1999,Fluarix,397.22.204,0.599393
group_I,A/New Caledonia/20/1999,Fluarix,397.22.322,0.830357
group_I,A/New Caledonia/20/1999,Fluarix,397.22.388,0.604198
group_I,A/California/04/2009,mRNA-1010,397.06.004,190.3593
group_I,A/California/04/2009,mRNA-1010,397.06.006,1.720963
group_I,A/California/04/2009,mRNA-1010,397.06.010,1.796562
group_I,A/California/04/2009,mRNA-1010,397.06.012,8.056865
group_I,A/California/04/2009,mRNA-1010,397.06.020,1.442029
group_I,A/California/04/2009,mRNA-1010,397.06.021,49.26447
group_I,A/California/04/2009,mRNA-1010,397.06.026,1.294118
group_I,A/California/04/2009,mRNA-1010,397.06.032,42.28988
group_I,A/California/04/2009,mRNA-1010,397.06.033,72.28258
group_I,A/California/04/2009,mRNA-1010,397.06.036,1
group_I,A/California/04/2009,mRNA-1010,397.06.044,1.784636
group_I,A/California/04/2009,mRNA-1010,397.06.045,120.0702
group_I,A/California/04/2009,mRNA-1010,397.06.054,1.395652
group_I,A/California/04/2009,mRNA-1010,397.06.057,2.524568
group_I,A/California/04/2009,mRNA-1010,397.06.058,2.156727
group_I,A/California/04/2009,mRNA-1010,397.06.059,1.687243
group_I,A/California/04/2009,mRNA-1010,397.06.061,1.593123
group_I,A/California/04/2009,mRNA-1010,397.06.102,1.463768
group_I,A/California/04/2009,mRNA-1010,397.06.108,106.6174
group_I,A/California/04/2009,mRNA-1010,397.06.111,3.680999
group_I,A/California/04/2009,mRNA-1010,397.06.121,2.667571
group_I,A/California/04/2009,mRNA-1010,397.06.123,10.08403
group_I,A/California/04/2009,mRNA-1010,397.06.126,12.69149
group_I,A/California/04/2009,mRNA-1010,397.06.129,111.0041
group_I,A/California/04/2009,mRNA-1010,397.06.131,3.513032
group_I,A/California/04/2009,mRNA-1010,397.06.145,1.217391
group_I,A/California/04/2009,mRNA-1010,397.06.156,133.9827
group_I,A/California/04/2009,mRNA-1010,397.06.163,142.0491
group_I,A/California/04/2009,mRNA-1010,397.06.178,241.549
group_I,A/California/04/2009,mRNA-1010,397.06.179,172.455
group_I,A/California/04/2009,mRNA-1010,397.06.184,190.9031
group_I,A/California/04/2009,mRNA-1010,397.06.193,5.664756
group_I,A/California/04/2009,mRNA-1010,397.06.210,43.17895
group_I,A/California/04/2009,mRNA-1010,397.06.211,1.589855
group_I,A/California/04/2009,mRNA-1010,397.06.212,4.112483
group_I,A/California/04/2009,mRNA-1010,397.06.215,2.611898
group_I,A/California/04/2009,mRNA-1010,397.06.217,2.469471
group_I,A/California/04/2009,mRNA-1010,397.06.229,4.177181
group_I,A/California/04/2009,mRNA-1010,397.06.236,1.750347
group_I,A/California/04/2009,mRNA-1010,397.06.242,2.49118
group_I,A/California/04/2009,mRNA-1010,397.06.243,8.389262
group_I,A/California/04/2009,mRNA-1010,397.06.244,2.179887
group_I,A/California/04/2009,mRNA-1010,397.06.245,1.448179
group_I,A/California/04/2009,mRNA-1010,397.06.246,1.458453
group_I,A/California/04/2009,mRNA-1010,397.06.247,1.839506
group_I,A/California/04/2009,mRNA-1010,397.06.248,4.115332
group_I,A/California/04/2009,mRNA-1010,397.06.249,6.070556
group_I,A/California/04/2009,mRNA-1010,397.06.251,2.022409
group_I,A/California/04/2009,mRNA-1010,397.06.252,1.555072
group_I,A/California/04/2009,mRNA-1010,397.06.253,1.631728
group_I,A/California/04/2009,mRNA-1010,397.06.255,1.373913
group_I,A/California/04/2009,mRNA-1010,397.06.258,1.622771
group_I,A/California/04/2009,mRNA-1010,397.06.262,1.969822
group_I,A/California/04/2009,mRNA-1010,397.06.263,1.525788
group_I,A/California/04/2009,mRNA-1010,397.06.266,1.679272
group_I,A/California/04/2009,mRNA-1010,397.06.267,1.441926
group_I,A/California/04/2009,mRNA-1010,397.06.269,1.604585
group_I,A/California/04/2009,mRNA-1010,397.06.272,1.525788
group_I,A/California/04/2009,mRNA-1010,397.06.273,1.164675
group_I,A/California/04/2009,mRNA-1010,397.06.275,1.882108
group_I,A/California/04/2009,mRNA-1010,397.06.276,1.778711
group_I,A/California/04/2009,mRNA-1010,397.06.277,1.646377
group_I,A/California/04/2009,mRNA-1010,397.06.278,1.305322
group_I,A/California/04/2009,mRNA-1010,397.06.284,1.652975
group_I,A/California/04/2009,mRNA-1010,397.06.285,1.392593
group_I,A/California/04/2009,mRNA-1010,397.06.287,1.525788
group_I,A/California/04/2009,mRNA-1010,397.06.288,1.15616
group_I,A/California/04/2009,mRNA-1010,397.06.290,1.90056
group_I,A/California/04/2009,mRNA-1010,397.06.292,1.553398
group_I,A/California/04/2009,mRNA-1010,397.06.293,1.023988
group_I,A/California/04/2009,mRNA-1010,397.06.294,1.492837
group_I,A/California/04/2009,mRNA-1010,397.06.295,1.477115
group_I,A/California/04/2009,mRNA-1010,397.06.297,1.409348
group_I,A/California/04/2009,mRNA-1010,397.06.299,1.593123
group_I,A/California/04/2009,mRNA-1010,397.06.300,1.392593
group_I,A/California/04/2009,mRNA-1010,397.06.302,4.201823
group_I,A/California/04/2009,mRNA-1010,397.06.307,3.029948
group_I,A/California/04/2009,mRNA-1010,397.06.308,1.690476
group_I,A/California/04/2009,mRNA-1010,397.06.310,1.762178
group_I,A/California/04/2009,mRNA-1010,397.06.314,1.521498
group_I,A/California/04/2009,mRNA-1010,397.06.315,1.525788
group_I,A/California/04/2009,mRNA-1010,397.06.322,167.4541
group_I,A/California/04/2009,mRNA-1010,397.06.330,170.3302
group_I,A/California/04/2009,mRNA-1010,397.06.333,1.969822
group_I,A/California/04/2009,mRNA-1010,397.06.339,2.378641
group_I,A/California/04/2009,mRNA-1010,397.06.340,1.861454
group_I,A/California/04/2009,mRNA-1010,397.06.345,2.726768
group_I,A/California/04/2009,mRNA-1010,397.06.356,2
group_I,A/California/04/2009,mRNA-1010,397.06.373,2.240163
group_I,A/California/04/2009,mRNA-1010,397.06.375,2.175034
group_I,A/California/04/2009,mRNA-1010,397.06.376,2.527344
group_I,A/California/04/2009,mRNA-1010,397.06.382,137.0722
group_I,A/California/04/2009,mRNA-1010,397.06.387,2.297668
group_I,A/California/04/2009,mRNA-1010,397.06.390,1.623656
group_I,A/California/04/2009,mRNA-1010,397.06.391,1.359944
group_I,A/California/04/2009,mRNA-1010,397.06.392,2.356449
group_I,A/California/04/2009,mRNA-1010,397.06.393,1.969487
group_I,A/California/04/2009,mRNA-1010,397.06.394,2.601085
group_I,A/California/04/2009,mRNA-1010,397.06.395,2.597368
group_I,A/California/04/2009,mRNA-1010,397.06.396,2.469471
group_I,A/California/04/2009,mRNA-1010,397.06.397,1.969822
group_I,A/California/04/2009,mRNA-1010,397.06.398,2.656716
group_I,A/California/04/2009,mRNA-1010,397.06.399,1.980583
group_I,A/California/04/2009,mRNA-1010,397.06.400,2.122085
group_I,A/California/04/2009,mRNA-1010,397.06.401,2.638926
group_I,A/California/04/2009,mRNA-1010,397.06.402,2.280537
group_I,A/California/04/2009,mRNA-1010,397.06.403,1.503748
group_I,A/California/04/2009,mRNA-1010,397.06.405,1.789916
group_I,A/California/04/2009,mRNA-1010,397.06.406,2.145631
group_I,A/California/04/2009,mRNA-1010,397.06.409,2.272727
group_I,A/California/04/2009,mRNA-1010,397.06.410,2.115556
group_I,A/California/04/2009,mRNA-1010,397.06.411,116.7877
group_I,A/California/04/2009,mRNA-1010,397.06.413,1.584708
group_I,A/California/04/2009,mRNA-1010,397.06.414,1.603945
group_I,A/California/04/2009,mRNA-1010,397.06.417,1.706304
group_I,A/California/04/2009,mRNA-1010,397.06.418,2.178918
group_I,A/California/04/2009,mRNA-1010,397.06.419,1.563094
group_I,A/California/04/2009,mRNA-1010,397.06.423,1.571633
group_I,A/California/04/2009,mRNA-1010,397.06.425,1.555072
group_I,A/California/04/2009,mRNA-1010,397.06.431,55.58167
group_I,A/California/04/2009,mRNA-1010,397.06.435,68.97266
group_I,A/California/04/2009,mRNA-1010,397.06.436,43.49246
group_I,A/California/04/2009,mRNA-1010,397.17.001,1.90502
group_I,A/California/04/2009,mRNA-1010,397.17.002,2.264746
group_I,A/California/04/2009,mRNA-1010,397.17.003,5.430122
group_I,A/California/04/2009,mRNA-1010,397.17.004,1.980796
group_I,A/California/04/2009,mRNA-1010,397.17.005,2.345354
group_I,A/California/04/2009,mRNA-1010,397.17.007,2.909211
group_I,A/California/04/2009,mRNA-1010,397.17.009,129.074
group_I,A/California/04/2009,mRNA-1010,397.17.014,2.363158
group_I,A/California/04/2009,mRNA-1010,397.17.022,2.046639
group_I,A/California/04/2009,mRNA-1010,397.17.024,1.991859
group_I,A/California/04/2009,mRNA-1010,397.17.025,3.101509
group_I,A/California/04/2009,mRNA-1010,397.17.050,1.729226
group_I,A/California/04/2009,mRNA-1010,397.17.091,2.942105
group_I,A/California/04/2009,mRNA-1010,397.17.092,6.118687
group_I,A/California/04/2009,mRNA-1010,397.17.095,149.5006
group_I,A/California/04/2009,mRNA-1010,397.17.102,171.1129
group_I,A/California/04/2009,mRNA-1010,397.17.119,1.886819
group_I,A/California/04/2009,mRNA-1010,397.17.121,1.368889
group_I,A/California/04/2009,mRNA-1010,397.17.137,1.011994
group_I,A/California/04/2009,mRNA-1010,397.17.175,40.98938
group_I,A/California/04/2009,mRNA-1010,397.17.211,150.8916
group_I,A/California/04/2009,mRNA-1010,397.17.213,104.3755
group_I,A/California/04/2009,mRNA-1010,397.17.220,137.9449
group_I,A/California/04/2009,mRNA-1010,397.17.234,1.40404
group_I,A/California/04/2009,mRNA-1010,397.17.257,1.627507
group_I,A/California/04/2009,mRNA-1010,397.17.259,1.153263
group_I,A/California/04/2009,mRNA-1010,397.17.266,1.557423
group_I,A/California/04/2009,mRNA-1010,397.17.271,1.33913
group_I,A/California/04/2009,mRNA-1010,397.17.274,1.925104
group_I,A/California/04/2009,mRNA-1010,397.17.275,2.047157
group_I,A/California/04/2009,mRNA-1010,397.17.276,1.84058
group_I,A/California/04/2009,mRNA-1010,397.17.277,1.623188
group_I,A/California/04/2009,mRNA-1010,397.17.278,1.583095
group_I,A/California/04/2009,mRNA-1010,397.17.279,1.492837
group_I,A/California/04/2009,mRNA-1010,397.17.282,1.701681
group_I,A/California/04/2009,mRNA-1010,397.17.284,1.696255
group_I,A/California/04/2009,mRNA-1010,397.17.286,1.776204
group_I,A/California/04/2009,mRNA-1010,397.17.291,1.966006
group_I,A/California/04/2009,mRNA-1010,397.17.293,1.782609
group_I,A/California/04/2009,mRNA-1010,397.17.297,1.643059
group_I,A/California/04/2009,mRNA-1010,397.17.301,1.753541
group_I,A/California/04/2009,mRNA-1010,397.17.324,140.4094
group_I,A/California/04/2009,mRNA-1010,397.17.327,140.8385
group_I,A/California/04/2009,mRNA-1010,397.17.328,137.3785
group_I,A/California/04/2009,mRNA-1010,397.17.334,127.2888
group_I,A/California/04/2009,mRNA-1010,397.17.336,134.4064
group_I,A/California/04/2009,mRNA-1010,397.17.352,1.542493
group_I,A/California/04/2009,mRNA-1010,397.17.373,2.14094
group_I,A/California/04/2009,mRNA-1010,397.17.374,1.299259
group_I,A/California/04/2009,mRNA-1010,397.17.383,1.915875
group_I,A/California/04/2009,mRNA-1010,397.17.384,1.873826
group_I,A/California/04/2009,mRNA-1010,397.28.005,1.666667
group_I,A/California/04/2009,mRNA-1010,397.28.009,52.98926
group_I,A/California/04/2009,mRNA-1010,397.28.033,120.9564
group_I,A/California/04/2009,mRNA-1010,397.28.040,110.0253
group_I,A/California/04/2009,mRNA-1010,397.28.054,174.9523
group_I,A/California/04/2009,mRNA-1010,397.28.055,69.52964
group_I,A/California/04/2009,mRNA-1010,397.28.056,3.358389
group_I,A/California/04/2009,mRNA-1010,397.28.073,96.24972
group_I,A/California/04/2009,mRNA-1010,397.28.080,34.10402
group_I,A/California/04/2009,mRNA-1010,397.28.085,1.371148
group_I,A/California/04/2009,mRNA-1010,397.28.087,5.702632
group_I,A/California/04/2009,mRNA-1010,397.28.095,2.932292
group_I,A/California/04/2009,mRNA-1010,397.28.100,3.228986
group_I,A/California/04/2009,mRNA-1010,397.28.116,154.8322
group_I,A/California/04/2009,mRNA-1010,397.28.127,78.72266
group_I,A/California/04/2009,mRNA-1010,397.28.129,139.9617
group_I,A/California/04/2009,mRNA-1010,397.28.131,73.29287
group_I,A/California/04/2009,mRNA-1010,397.28.134,6.389474
group_I,A/California/04/2009,mRNA-1010,397.28.135,64.61053
group_I,A/California/04/2009,mRNA-1010,397.28.136,2.234074
group_I,A/California/04/2009,mRNA-1010,397.28.140,23.27023
group_I,A/California/04/2009,mRNA-1010,397.28.141,1.38546
group_I,A/California/04/2009,mRNA-1010,397.28.149,3.021948
group_I,A/California/04/2009,mRNA-1010,397.28.150,4.576631
group_I,A/California/04/2009,mRNA-1010,397.28.174,28.89916
group_I,A/California/04/2009,mRNA-1010,397.29.005,59.17045
group_I,A/California/04/2009,mRNA-1010,397.29.024,1.283763
group_I,A/California/04/2009,mRNA-1010,397.29.035,1.723202
group_I,A/California/04/2009,mRNA-1010,397.29.038,2.424411
group_I,A/California/04/2009,mRNA-1010,397.29.039,3.269737
group_I,A/California/04/2009,mRNA-1010,397.29.060,26.89396
group_I,A/California/04/2009,mRNA-1010,397.29.063,89.85587
group_I,A/California/04/2009,mRNA-1010,397.29.064,6.818697
group_I,A/California/04/2009,mRNA-1010,397.29.071,116.6481
group_I,A/California/04/2009,mRNA-1010,397.29.085,2.286694
group_I,A/California/04/2009,mRNA-1010,397.29.089,27.64646
group_I,A/California/04/2009,mRNA-1010,397.29.101,47.27399
group_I,A/California/04/2009,mRNA-1010,397.29.104,1.701681
group_I,A/California/04/2009,mRNA-1010,397.29.106,137.7471
group_I,A/California/04/2009,mRNA-1010,397.29.107,3.433174
group_I,A/California/04/2009,mRNA-1010,397.29.121,11.34033
group_I,A/California/04/2009,mRNA-1010,397.29.134,127.264
group_I,A/California/04/2009,mRNA-1010,397.29.141,1.955072
group_I,A/California/04/2009,mRNA-1010,397.29.142,17.73209
group_I,A/California/04/2009,mRNA-1010,397.29.172,12.5363
group_I,A/California/04/2009,mRNA-1010,397.29.177,2.492997
group_I,A/California/04/2009,mRNA-1010,397.29.181,1.549745
group_I,A/California/04/2009,mRNA-1010,397.29.186,1.059908
group_I,A/California/04/2009,mRNA-1010,397.29.195,137.6474
group_I,A/California/04/2009,mRNA-1010,397.29.196,1.634454
group_I,A/California/04/2009,mRNA-1010,397.29.209,188.1846
group_I,A/California/04/2009,mRNA-1010,397.29.214,47.23162
group_I,A/California/04/2009,mRNA-1010,397.29.219,134.6711
group_I,A/California/04/2009,mRNA-1010,397.29.225,154.7257
group_I,A/California/04/2009,mRNA-1010,397.29.238,3.597421
group_I,A/California/04/2009,mRNA-1010,397.29.253,1.951684
group_I,A/California/04/2009,mRNA-1010,397.29.263,131.6491
group_I,A/California/04/2009,mRNA-1010,397.29.265,1.915875
group_I,A/California/04/2009,mRNA-1010,397.29.272,56.9986
group_I,A/California/04/2009,mRNA-1010,397.29.281,50.63624
group_I,A/California/04/2009,mRNA-1010,397.29.288,1.521739
group_I,A/California/04/2009,mRNA-1010,397.29.297,154.915
group_I,A/California/04/2009,mRNA-1010,397.29.300,78.43621
group_I,A/California/04/2009,mRNA-1010,397.29.303,161.5777
group_I,A/California/04/2009,mRNA-1010,397.29.304,141.5644
group_I,A/California/04/2009,mRNA-1010,397.29.305,1.443778
group_I,A/California/04/2009,mRNA-1010,397.29.310,73.81159
group_I,A/California/04/2009,mRNA-1010,397.29.320,2.327001
group_I,A/California/04/2009,mRNA-1010,397.29.335,1.92029
group_I,A/California/04/2009,mRNA-1010,397.29.336,36.00416
group_I,A/California/04/2009,mRNA-1010,397.29.337,1.547584
group_I,A/California/04/2009,mRNA-1010,397.29.338,1.08096
group_I,A/California/04/2009,mRNA-1010,397.29.354,1.576037
group_I,A/California/04/2009,mRNA-1010,397.29.388,136.2941
group_I,A/California/04/2009,mRNA-1010,397.29.395,104.1495
group_I,A/California/04/2009,mRNA-1010,397.29.396,1.537249
group_I,A/California/04/2009,mRNA-1010,397.29.397,7.773663
group_I,A/California/04/2009,mRNA-1010,397.29.404,142.6684
group_I,A/California/04/2009,mRNA-1010,397.29.405,2.513176
group_I,A/California/04/2009,mRNA-1010,397.29.407,2.033994
group_I,A/California/04/2009,mRNA-1010,397.29.408,12.35417
group_I,A/California/04/2009,mRNA-1010,397.29.417,1.380741
group_I,A/California/04/2009,mRNA-1010,397.29.420,6.743551
group_I,A/California/04/2009,mRNA-1010,397.29.430,6.266667
group_I,A/California/04/2009,mRNA-1010,397.29.435,132.447
group_I,A/California/04/2009,mRNA-1010,397.29.440,127.6438
group_I,A/California/04/2009,mRNA-1010,397.29.442,1.745098
group_I,A/California/04/2009,mRNA-1010,397.29.477,1.256447
group_I,A/California/04/2009,mRNA-1010,397.29.506,32.23088
group_I,A/California/04/2009,mRNA-1010,397.29.529,2.441701
group_I,A/California/04/2009,mRNA-1010,397.29.532,2.590846
group_I,A/California/04/2009,Fluarix,397.05.001,83.04036
group_I,A/California/04/2009,Fluarix,397.05.002,74.24868
group_I,A/California/04/2009,Fluarix,397.05.004,114.3978
group_I,A/California/04/2009,Fluarix,397.05.026,108.9012
group_I,A/California/04/2009,Fluarix,397.05.058,115.0352
group_I,A/California/04/2009,Fluarix,397.05.064,132.1355
group_I,A/California/04/2009,Fluarix,397.05.083,72.44233
group_I,A/California/04/2009,Fluarix,397.05.094,155.7816
group_I,A/California/04/2009,Fluarix,397.05.104,90.66667
group_I,A/California/04/2009,Fluarix,397.05.106,2.834598
group_I,A/California/04/2009,Fluarix,397.05.115,1.352855
group_I,A/California/04/2009,Fluarix,397.05.127,49.66757
group_I,A/California/04/2009,Fluarix,397.05.134,95.52865
group_I,A/California/04/2009,Fluarix,397.05.147,64.74898
group_I,A/California/04/2009,Fluarix,397.05.148,45.51456
group_I,A/California/04/2009,Fluarix,397.05.154,48.80597
group_I,A/California/04/2009,Fluarix,397.05.157,41.83624
group_I,A/California/04/2009,Fluarix,397.05.163,111.6815
group_I,A/California/04/2009,Fluarix,397.05.164,118.5
group_I,A/California/04/2009,Fluarix,397.05.212,45.30122
group_I,A/California/04/2009,Fluarix,397.05.213,55.46711
group_I,A/California/04/2009,Fluarix,397.05.226,78.46317
group_I,A/California/04/2009,Fluarix,397.05.228,130.3908
group_I,A/California/04/2009,Fluarix,397.05.242,134.0703
group_I,A/California/04/2009,Fluarix,397.05.246,103.2168
group_I,A/California/04/2009,Fluarix,397.05.260,211.5005
group_I,A/California/04/2009,Fluarix,397.05.263,122.5732
group_I,A/California/04/2009,Fluarix,397.05.266,1.481375
group_I,A/California/04/2009,Fluarix,397.05.267,1.583095
group_I,A/California/04/2009,Fluarix,397.05.269,1.876771
group_I,A/California/04/2009,Fluarix,397.05.272,1.679272
group_I,A/California/04/2009,Fluarix,397.05.273,1.560172
group_I,A/California/04/2009,Fluarix,397.05.274,1.686969
group_I,A/California/04/2009,Fluarix,397.05.278,1.594436
group_I,A/California/04/2009,Fluarix,397.05.280,1.27937
group_I,A/California/04/2009,Fluarix,397.05.283,1.597734
group_I,A/California/04/2009,Fluarix,397.05.285,1.47877
group_I,A/California/04/2009,Fluarix,397.05.286,1.123209
group_I,A/California/04/2009,Fluarix,397.05.289,1.502801
group_I,A/California/04/2009,Fluarix,397.05.303,55.77632
group_I,A/California/04/2009,Fluarix,397.05.313,126.6543
group_I,A/California/04/2009,Fluarix,397.05.318,122.5309
group_I,A/California/04/2009,Fluarix,397.05.321,130.8913
group_I,A/California/04/2009,Fluarix,397.05.327,126.1443
group_I,A/California/04/2009,Fluarix,397.05.328,140.932
group_I,A/California/04/2009,Fluarix,397.05.329,117.9748
group_I,A/California/04/2009,Fluarix,397.05.330,136.107
group_I,A/California/04/2009,Fluarix,397.05.332,83.9349
group_I,A/California/04/2009,Fluarix,397.05.336,2.413315
group_I,A/California/04/2009,Fluarix,397.05.344,25.4902
group_I,A/California/04/2009,Fluarix,397.05.350,129.9535
group_I,A/California/04/2009,Fluarix,397.05.352,7.272593
group_I,A/California/04/2009,Fluarix,397.05.380,2.837981
group_I,A/California/04/2009,Fluarix,397.05.381,3.346354
group_I,A/California/04/2009,Fluarix,397.05.382,92.22526
group_I,A/California/04/2009,Fluarix,397.05.387,1.772538
group_I,A/California/04/2009,Fluarix,397.05.389,1.723202
group_I,A/California/04/2009,Fluarix,397.05.390,1.910765
group_I,A/California/04/2009,Fluarix,397.05.401,2.400832
group_I,A/California/04/2009,Fluarix,397.05.405,117.2747
group_I,A/California/04/2009,Fluarix,397.05.412,129.0663
group_I,A/California/04/2009,Fluarix,397.09.014,1.958848
group_I,A/California/04/2009,Fluarix,397.09.088,22.90793
group_I,A/California/04/2009,Fluarix,397.09.089,15.31259
group_I,A/California/04/2009,Fluarix,397.09.167,61.48575
group_I,A/California/04/2009,Fluarix,397.09.303,149.8258
group_I,A/California/04/2009,Fluarix,397.09.354,136.9766
group_I,A/California/04/2009,Fluarix,397.09.358,144.2922
group_I,A/California/04/2009,Fluarix,397.09.359,136.9973
group_I,A/California/04/2009,Fluarix,397.09.419,163.7168
group_I,A/California/04/2009,Fluarix,397.22.039,2.711567
group_I,A/California/04/2009,Fluarix,397.22.204,1.14264
group_I,A/California/04/2009,Fluarix,397.22.322,141.4758
group_I,A/California/04/2009,Fluarix,397.22.388,76.75712
group_I,A/Wisconsin/588/2019,mRNA-1010,397.06.004,355.0591
group_I,A/Wisconsin/588/2019,mRNA-1010,397.06.006,74.24646
group_I,A/Wisconsin/588/2019,mRNA-1010,397.06.010,178.7794
group_I,A/Wisconsin/588/2019,mRNA-1010,397.06.012,31.94868
group_I,A/Wisconsin/588/2019,mRNA-1010,397.06.020,259.4348
group_I,A/Wisconsin/588/2019,mRNA-1010,397.06.021,147.5855
group_I,A/Wisconsin/588/2019,mRNA-1010,397.06.026,112.1036
group_I,A/Wisconsin/588/2019,mRNA-1010,397.06.032,722.6075
group_I,A/Wisconsin/588/2019,mRNA-1010,397.06.033,728.3951
group_I,A/Wisconsin/588/2019,mRNA-1010,397.06.036,49.18665
group_I,A/Wisconsin/588/2019,mRNA-1010,397.06.044,146.7257
group_I,A/Wisconsin/588/2019,mRNA-1010,397.06.045,632.6531
group_I,A/Wisconsin/588/2019,mRNA-1010,397.06.054,158.9623
group_I,A/Wisconsin/588/2019,mRNA-1010,397.06.057,200.8831
group_I,A/Wisconsin/588/2019,mRNA-1010,397.06.058,107.1484
group_I,A/Wisconsin/588/2019,mRNA-1010,397.06.059,111.0041
group_I,A/Wisconsin/588/2019,mRNA-1010,397.06.061,166.6533
group_I,A/Wisconsin/588/2019,mRNA-1010,397.06.102,195.1652
group_I,A/Wisconsin/588/2019,mRNA-1010,397.06.108,419.1536
group_I,A/Wisconsin/588/2019,mRNA-1010,397.06.111,404.6519
group_I,A/Wisconsin/588/2019,mRNA-1010,397.06.121,190.6431
group_I,A/Wisconsin/588/2019,mRNA-1010,397.06.123,156.2171
group_I,A/Wisconsin/588/2019,mRNA-1010,397.06.126,56.11466
group_I,A/Wisconsin/588/2019,mRNA-1010,397.06.129,739.369
group_I,A/Wisconsin/588/2019,mRNA-1010,397.06.131,37.79287
group_I,A/Wisconsin/588/2019,mRNA-1010,397.06.145,38.45186
group_I,A/Wisconsin/588/2019,mRNA-1010,397.06.156,683.9309
group_I,A/Wisconsin/588/2019,mRNA-1010,397.06.163,686.587
group_I,A/Wisconsin/588/2019,mRNA-1010,397.06.178,471.9472
group_I,A/Wisconsin/588/2019,mRNA-1010,397.06.179,337.3237
group_I,A/Wisconsin/588/2019,mRNA-1010,397.06.184,627.6596
group_I,A/Wisconsin/588/2019,mRNA-1010,397.06.193,85.47278
group_I,A/Wisconsin/588/2019,mRNA-1010,397.06.210,415.3303
group_I,A/Wisconsin/588/2019,mRNA-1010,397.06.211,261.6739
group_I,A/Wisconsin/588/2019,mRNA-1010,397.06.212,245.5556
group_I,A/Wisconsin/588/2019,mRNA-1010,397.06.215,214.2564
group_I,A/Wisconsin/588/2019,mRNA-1010,397.06.217,297.9213
group_I,A/Wisconsin/588/2019,mRNA-1010,397.06.229,248.6926
group_I,A/Wisconsin/588/2019,mRNA-1010,397.06.236,306.2968
group_I,A/Wisconsin/588/2019,mRNA-1010,397.06.242,281.2225
group_I,A/Wisconsin/588/2019,mRNA-1010,397.06.243,283.8725
group_I,A/Wisconsin/588/2019,mRNA-1010,397.06.244,260.9292
group_I,A/Wisconsin/588/2019,mRNA-1010,397.06.245,254.3319
group_I,A/Wisconsin/588/2019,mRNA-1010,397.06.246,230.0659
group_I,A/Wisconsin/588/2019,mRNA-1010,397.06.247,304.69
group_I,A/Wisconsin/588/2019,mRNA-1010,397.06.248,285.3039
group_I,A/Wisconsin/588/2019,mRNA-1010,397.06.249,284.483
group_I,A/Wisconsin/588/2019,mRNA-1010,397.06.251,277.2129
group_I,A/Wisconsin/588/2019,mRNA-1010,397.06.252,215.5174
group_I,A/Wisconsin/588/2019,mRNA-1010,397.06.253,266.2224
group_I,A/Wisconsin/588/2019,mRNA-1010,397.06.255,213.0826
group_I,A/Wisconsin/588/2019,mRNA-1010,397.06.258,285.1289
group_I,A/Wisconsin/588/2019,mRNA-1010,397.06.262,316.3567
group_I,A/Wisconsin/588/2019,mRNA-1010,397.06.263,240.1289
group_I,A/Wisconsin/588/2019,mRNA-1010,397.06.266,236.0938
group_I,A/Wisconsin/588/2019,mRNA-1010,397.06.267,248.5227
group_I,A/Wisconsin/588/2019,mRNA-1010,397.06.269,253.5401
group_I,A/Wisconsin/588/2019,mRNA-1010,397.06.272,225.5215
group_I,A/Wisconsin/588/2019,mRNA-1010,397.06.273,77.56308
group_I,A/Wisconsin/588/2019,mRNA-1010,397.06.275,308.9626
group_I,A/Wisconsin/588/2019,mRNA-1010,397.06.276,239.4916
group_I,A/Wisconsin/588/2019,mRNA-1010,397.06.277,219.8493
group_I,A/Wisconsin/588/2019,mRNA-1010,397.06.278,263.9972
group_I,A/Wisconsin/588/2019,mRNA-1010,397.06.284,266.9887
group_I,A/Wisconsin/588/2019,mRNA-1010,397.06.285,53.8237
group_I,A/Wisconsin/588/2019,mRNA-1010,397.06.287,201.8668
group_I,A/Wisconsin/588/2019,mRNA-1010,397.06.288,177.2765
group_I,A/Wisconsin/588/2019,mRNA-1010,397.06.290,298.7717
group_I,A/Wisconsin/588/2019,mRNA-1010,397.06.292,267.5104
group_I,A/Wisconsin/588/2019,mRNA-1010,397.06.293,4.692654
group_I,A/Wisconsin/588/2019,mRNA-1010,397.06.294,211.841
group_I,A/Wisconsin/588/2019,mRNA-1010,397.06.295,245.4521
group_I,A/Wisconsin/588/2019,mRNA-1010,397.06.297,230.7252
group_I,A/Wisconsin/588/2019,mRNA-1010,397.06.299,195.1232
group_I,A/Wisconsin/588/2019,mRNA-1010,397.06.300,51.71852
group_I,A/Wisconsin/588/2019,mRNA-1010,397.06.302,362.6003
group_I,A/Wisconsin/588/2019,mRNA-1010,397.06.307,310.9023
group_I,A/Wisconsin/588/2019,mRNA-1010,397.06.308,230.7605
group_I,A/Wisconsin/588/2019,mRNA-1010,397.06.310,76.89398
group_I,A/Wisconsin/588/2019,mRNA-1010,397.06.314,281.7254
group_I,A/Wisconsin/588/2019,mRNA-1010,397.06.315,199.0272
group_I,A/Wisconsin/588/2019,mRNA-1010,397.06.322,353.1403
group_I,A/Wisconsin/588/2019,mRNA-1010,397.06.330,331.7606
group_I,A/Wisconsin/588/2019,mRNA-1010,397.06.333,241.3717
group_I,A/Wisconsin/588/2019,mRNA-1010,397.06.339,269.0527
group_I,A/Wisconsin/588/2019,mRNA-1010,397.06.340,284.3086
group_I,A/Wisconsin/588/2019,mRNA-1010,397.06.345,206.8377
group_I,A/Wisconsin/588/2019,mRNA-1010,397.06.356,175.2677
group_I,A/Wisconsin/588/2019,mRNA-1010,397.06.373,202.924
group_I,A/Wisconsin/588/2019,mRNA-1010,397.06.375,146.7626
group_I,A/Wisconsin/588/2019,mRNA-1010,397.06.376,132.8346
group_I,A/Wisconsin/588/2019,mRNA-1010,397.06.382,300.6546
group_I,A/Wisconsin/588/2019,mRNA-1010,397.06.387,186.8258
group_I,A/Wisconsin/588/2019,mRNA-1010,397.06.390,74.26114
group_I,A/Wisconsin/588/2019,mRNA-1010,397.06.391,99.46919
group_I,A/Wisconsin/588/2019,mRNA-1010,397.06.392,162.7004
group_I,A/Wisconsin/588/2019,mRNA-1010,397.06.393,151.7046
group_I,A/Wisconsin/588/2019,mRNA-1010,397.06.394,136.5115
group_I,A/Wisconsin/588/2019,mRNA-1010,397.06.395,140.7408
group_I,A/Wisconsin/588/2019,mRNA-1010,397.06.396,174.1574
group_I,A/Wisconsin/588/2019,mRNA-1010,397.06.397,125.2634
group_I,A/Wisconsin/588/2019,mRNA-1010,397.06.398,177.6309
group_I,A/Wisconsin/588/2019,mRNA-1010,397.06.399,133.8544
group_I,A/Wisconsin/588/2019,mRNA-1010,397.06.400,160.4636
group_I,A/Wisconsin/588/2019,mRNA-1010,397.06.401,164.6966
group_I,A/Wisconsin/588/2019,mRNA-1010,397.06.402,152.2523
group_I,A/Wisconsin/588/2019,mRNA-1010,397.06.403,52.86207
group_I,A/Wisconsin/588/2019,mRNA-1010,397.06.405,155.7815
group_I,A/Wisconsin/588/2019,mRNA-1010,397.06.406,159.9861
group_I,A/Wisconsin/588/2019,mRNA-1010,397.06.409,154.3365
group_I,A/Wisconsin/588/2019,mRNA-1010,397.06.410,66.10519
group_I,A/Wisconsin/588/2019,mRNA-1010,397.06.411,473.9423
group_I,A/Wisconsin/588/2019,mRNA-1010,397.06.413,3.229385
group_I,A/Wisconsin/588/2019,mRNA-1010,397.06.414,47.76024
group_I,A/Wisconsin/588/2019,mRNA-1010,397.06.417,133.0129
group_I,A/Wisconsin/588/2019,mRNA-1010,397.06.418,166.3953
group_I,A/Wisconsin/588/2019,mRNA-1010,397.06.419,132.4071
group_I,A/Wisconsin/588/2019,mRNA-1010,397.06.423,144.9427
group_I,A/Wisconsin/588/2019,mRNA-1010,397.06.425,154.587
group_I,A/Wisconsin/588/2019,mRNA-1010,397.06.431,617.5299
group_I,A/Wisconsin/588/2019,mRNA-1010,397.06.435,206.1367
group_I,A/Wisconsin/588/2019,mRNA-1010,397.06.436,160.915
group_I,A/Wisconsin/588/2019,mRNA-1010,397.17.001,151.3419
group_I,A/Wisconsin/588/2019,mRNA-1010,397.17.002,151.3018
group_I,A/Wisconsin/588/2019,mRNA-1010,397.17.003,188.4953
group_I,A/Wisconsin/588/2019,mRNA-1010,397.17.004,132.3855
group_I,A/Wisconsin/588/2019,mRNA-1010,397.17.005,146.301
group_I,A/Wisconsin/588/2019,mRNA-1010,397.17.007,185.3987
group_I,A/Wisconsin/588/2019,mRNA-1010,397.17.009,456.8974
group_I,A/Wisconsin/588/2019,mRNA-1010,397.17.014,171.2855
group_I,A/Wisconsin/588/2019,mRNA-1010,397.17.022,152.5761
group_I,A/Wisconsin/588/2019,mRNA-1010,397.17.024,145.133
group_I,A/Wisconsin/588/2019,mRNA-1010,397.17.025,134.6049
group_I,A/Wisconsin/588/2019,mRNA-1010,397.17.050,221.7006
group_I,A/Wisconsin/588/2019,mRNA-1010,397.17.091,188.0447
group_I,A/Wisconsin/588/2019,mRNA-1010,397.17.092,337.5884
group_I,A/Wisconsin/588/2019,mRNA-1010,397.17.095,537.7943
group_I,A/Wisconsin/588/2019,mRNA-1010,397.17.102,342.4353
group_I,A/Wisconsin/588/2019,mRNA-1010,397.17.119,205.9126
group_I,A/Wisconsin/588/2019,mRNA-1010,397.17.121,149.4652
group_I,A/Wisconsin/588/2019,mRNA-1010,397.17.137,51.43628
group_I,A/Wisconsin/588/2019,mRNA-1010,397.17.175,391.996
group_I,A/Wisconsin/588/2019,mRNA-1010,397.17.211,667.0918
group_I,A/Wisconsin/588/2019,mRNA-1010,397.17.213,490.5757
group_I,A/Wisconsin/588/2019,mRNA-1010,397.17.220,325.6536
group_I,A/Wisconsin/588/2019,mRNA-1010,397.17.234,559.3434
group_I,A/Wisconsin/588/2019,mRNA-1010,397.17.257,211.2393
group_I,A/Wisconsin/588/2019,mRNA-1010,397.17.259,11.52352
group_I,A/Wisconsin/588/2019,mRNA-1010,397.17.266,196.7843
group_I,A/Wisconsin/588/2019,mRNA-1010,397.17.271,182.387
group_I,A/Wisconsin/588/2019,mRNA-1010,397.17.274,262.1859
group_I,A/Wisconsin/588/2019,mRNA-1010,397.17.275,279.3024
group_I,A/Wisconsin/588/2019,mRNA-1010,397.17.276,245.7058
group_I,A/Wisconsin/588/2019,mRNA-1010,397.17.277,220.4754
group_I,A/Wisconsin/588/2019,mRNA-1010,397.17.278,223.6017
group_I,A/Wisconsin/588/2019,mRNA-1010,397.17.279,209.4484
group_I,A/Wisconsin/588/2019,mRNA-1010,397.17.282,204.1737
group_I,A/Wisconsin/588/2019,mRNA-1010,397.17.284,187.8336
group_I,A/Wisconsin/588/2019,mRNA-1010,397.17.286,195.1076
group_I,A/Wisconsin/588/2019,mRNA-1010,397.17.291,250.6671
group_I,A/Wisconsin/588/2019,mRNA-1010,397.17.293,214.2971
group_I,A/Wisconsin/588/2019,mRNA-1010,397.17.297,206.4873
group_I,A/Wisconsin/588/2019,mRNA-1010,397.17.301,224.2394
group_I,A/Wisconsin/588/2019,mRNA-1010,397.17.324,669.7987
group_I,A/Wisconsin/588/2019,mRNA-1010,397.17.327,717.4479
group_I,A/Wisconsin/588/2019,mRNA-1010,397.17.328,584.3293
group_I,A/Wisconsin/588/2019,mRNA-1010,397.17.334,661.8532
group_I,A/Wisconsin/588/2019,mRNA-1010,397.17.336,669.145
group_I,A/Wisconsin/588/2019,mRNA-1010,397.17.352,122.7507
group_I,A/Wisconsin/588/2019,mRNA-1010,397.17.373,137.3168
group_I,A/Wisconsin/588/2019,mRNA-1010,397.17.374,91.7437
group_I,A/Wisconsin/588/2019,mRNA-1010,397.17.383,108.6052
group_I,A/Wisconsin/588/2019,mRNA-1010,397.17.384,113.1745
group_I,A/Wisconsin/588/2019,mRNA-1010,397.28.005,133.4897
group_I,A/Wisconsin/588/2019,mRNA-1010,397.28.009,455.7946
group_I,A/Wisconsin/588/2019,mRNA-1010,397.28.033,587.7863
group_I,A/Wisconsin/588/2019,mRNA-1010,397.28.040,384.8371
group_I,A/Wisconsin/588/2019,mRNA-1010,397.28.054,599.0453
group_I,A/Wisconsin/588/2019,mRNA-1010,397.28.055,433.7655
group_I,A/Wisconsin/588/2019,mRNA-1010,397.28.056,243.749
group_I,A/Wisconsin/588/2019,mRNA-1010,397.28.073,639.4177
group_I,A/Wisconsin/588/2019,mRNA-1010,397.28.080,28.68377
group_I,A/Wisconsin/588/2019,mRNA-1010,397.28.085,13.90896
group_I,A/Wisconsin/588/2019,mRNA-1010,397.28.087,114.3434
group_I,A/Wisconsin/588/2019,mRNA-1010,397.28.095,286.7227
group_I,A/Wisconsin/588/2019,mRNA-1010,397.28.100,119.8739
group_I,A/Wisconsin/588/2019,mRNA-1010,397.28.116,652.349
group_I,A/Wisconsin/588/2019,mRNA-1010,397.28.127,557.2917
group_I,A/Wisconsin/588/2019,mRNA-1010,397.28.129,537.123
group_I,A/Wisconsin/588/2019,mRNA-1010,397.28.131,518.1477
group_I,A/Wisconsin/588/2019,mRNA-1010,397.28.134,295.6592
group_I,A/Wisconsin/588/2019,mRNA-1010,397.28.135,288.0724
group_I,A/Wisconsin/588/2019,mRNA-1010,397.28.136,6.748148
group_I,A/Wisconsin/588/2019,mRNA-1010,397.28.140,309.1235
group_I,A/Wisconsin/588/2019,mRNA-1010,397.28.141,99.28532
group_I,A/Wisconsin/588/2019,mRNA-1010,397.28.149,215.3169
group_I,A/Wisconsin/588/2019,mRNA-1010,397.28.150,42.10926
group_I,A/Wisconsin/588/2019,mRNA-1010,397.28.174,223.6317
group_I,A/Wisconsin/588/2019,mRNA-1010,397.29.005,441.4722
group_I,A/Wisconsin/588/2019,mRNA-1010,397.29.024,2.444613
group_I,A/Wisconsin/588/2019,mRNA-1010,397.29.035,227.422
group_I,A/Wisconsin/588/2019,mRNA-1010,397.29.038,237.1664
group_I,A/Wisconsin/588/2019,mRNA-1010,397.29.039,150.9289
group_I,A/Wisconsin/588/2019,mRNA-1010,397.29.060,467.953
group_I,A/Wisconsin/588/2019,mRNA-1010,397.29.063,540.8163
group_I,A/Wisconsin/588/2019,mRNA-1010,397.29.064,18.53683
group_I,A/Wisconsin/588/2019,mRNA-1010,397.29.071,527.881
group_I,A/Wisconsin/588/2019,mRNA-1010,397.29.085,125.9575
group_I,A/Wisconsin/588/2019,mRNA-1010,397.29.089,357.8056
group_I,A/Wisconsin/588/2019,mRNA-1010,397.29.101,326.0265
group_I,A/Wisconsin/588/2019,mRNA-1010,397.29.104,226.8431
group_I,A/Wisconsin/588/2019,mRNA-1010,397.29.106,542.1546
group_I,A/Wisconsin/588/2019,mRNA-1010,397.29.107,113.2685
group_I,A/Wisconsin/588/2019,mRNA-1010,397.29.121,33.13043
group_I,A/Wisconsin/588/2019,mRNA-1010,397.29.134,511.4796
group_I,A/Wisconsin/588/2019,mRNA-1010,397.29.141,74.39275
group_I,A/Wisconsin/588/2019,mRNA-1010,397.29.142,81.05731
group_I,A/Wisconsin/588/2019,mRNA-1010,397.29.172,53.28889
group_I,A/Wisconsin/588/2019,mRNA-1010,397.29.177,106.4468
group_I,A/Wisconsin/588/2019,mRNA-1010,397.29.181,379.8023
group_I,A/Wisconsin/588/2019,mRNA-1010,397.29.186,3.792627
group_I,A/Wisconsin/588/2019,mRNA-1010,397.29.195,512.6354
group_I,A/Wisconsin/588/2019,mRNA-1010,397.29.196,222.9944
group_I,A/Wisconsin/588/2019,mRNA-1010,397.29.209,653.3865
group_I,A/Wisconsin/588/2019,mRNA-1010,397.29.214,207.4272
group_I,A/Wisconsin/588/2019,mRNA-1010,397.29.219,523.0564
group_I,A/Wisconsin/588/2019,mRNA-1010,397.29.225,644.7188
group_I,A/Wisconsin/588/2019,mRNA-1010,397.29.238,82.79226
group_I,A/Wisconsin/588/2019,mRNA-1010,397.29.253,57.21669
group_I,A/Wisconsin/588/2019,mRNA-1010,397.29.263,521.7822
group_I,A/Wisconsin/588/2019,mRNA-1010,397.29.265,94.05156
group_I,A/Wisconsin/588/2019,mRNA-1010,397.29.272,87.66387
group_I,A/Wisconsin/588/2019,mRNA-1010,397.29.281,434.9732
group_I,A/Wisconsin/588/2019,mRNA-1010,397.29.288,181.8739
group_I,A/Wisconsin/588/2019,mRNA-1010,397.29.297,511.4635
group_I,A/Wisconsin/588/2019,mRNA-1010,397.29.300,351.1317
group_I,A/Wisconsin/588/2019,mRNA-1010,397.29.303,608.2337
group_I,A/Wisconsin/588/2019,mRNA-1010,397.29.304,591.8854
group_I,A/Wisconsin/588/2019,mRNA-1010,397.29.305,8.427286
group_I,A/Wisconsin/588/2019,mRNA-1010,397.29.310,353.1362
group_I,A/Wisconsin/588/2019,mRNA-1010,397.29.320,106.2605
group_I,A/Wisconsin/588/2019,mRNA-1010,397.29.335,53.72029
group_I,A/Wisconsin/588/2019,mRNA-1010,397.29.336,351.9515
group_I,A/Wisconsin/588/2019,mRNA-1010,397.29.337,143.6706
group_I,A/Wisconsin/588/2019,mRNA-1010,397.29.338,160.3643
group_I,A/Wisconsin/588/2019,mRNA-1010,397.29.354,2.672811
group_I,A/Wisconsin/588/2019,mRNA-1010,397.29.388,499.8361
group_I,A/Wisconsin/588/2019,mRNA-1010,397.29.395,472.0972
group_I,A/Wisconsin/588/2019,mRNA-1010,397.29.396,188.086
group_I,A/Wisconsin/588/2019,mRNA-1010,397.29.397,202.2565
group_I,A/Wisconsin/588/2019,mRNA-1010,397.29.404,603.3163
group_I,A/Wisconsin/588/2019,mRNA-1010,397.29.405,92.8294
group_I,A/Wisconsin/588/2019,mRNA-1010,397.29.407,100.3244
group_I,A/Wisconsin/588/2019,mRNA-1010,397.29.408,403.8698
group_I,A/Wisconsin/588/2019,mRNA-1010,397.29.417,206.3926
group_I,A/Wisconsin/588/2019,mRNA-1010,397.29.420,6.728376
group_I,A/Wisconsin/588/2019,mRNA-1010,397.29.430,60.50145
group_I,A/Wisconsin/588/2019,mRNA-1010,397.29.435,585.2349
group_I,A/Wisconsin/588/2019,mRNA-1010,397.29.440,605.2948
group_I,A/Wisconsin/588/2019,mRNA-1010,397.29.442,242.2479
group_I,A/Wisconsin/588/2019,mRNA-1010,397.29.477,160.6948
group_I,A/Wisconsin/588/2019,mRNA-1010,397.29.506,154.6612
group_I,A/Wisconsin/588/2019,mRNA-1010,397.29.529,120.856
group_I,A/Wisconsin/588/2019,mRNA-1010,397.29.532,94.34119
group_I,A/Wisconsin/588/2019,Fluarix,397.05.001,742.1875
group_I,A/Wisconsin/588/2019,Fluarix,397.05.002,751.3158
group_I,A/Wisconsin/588/2019,Fluarix,397.05.004,754.4582
group_I,A/Wisconsin/588/2019,Fluarix,397.05.026,728.3951
group_I,A/Wisconsin/588/2019,Fluarix,397.05.058,736.9792
group_I,A/Wisconsin/588/2019,Fluarix,397.05.064,678.6189
group_I,A/Wisconsin/588/2019,Fluarix,397.05.083,620.0814
group_I,A/Wisconsin/588/2019,Fluarix,397.05.094,317.2088
group_I,A/Wisconsin/588/2019,Fluarix,397.05.104,232.9033
group_I,A/Wisconsin/588/2019,Fluarix,397.05.106,8.924127
group_I,A/Wisconsin/588/2019,Fluarix,397.05.115,176.6428
group_I,A/Wisconsin/588/2019,Fluarix,397.05.127,521.038
group_I,A/Wisconsin/588/2019,Fluarix,397.05.134,665.3646
group_I,A/Wisconsin/588/2019,Fluarix,397.05.147,599.7286
group_I,A/Wisconsin/588/2019,Fluarix,397.05.148,570.0416
group_I,A/Wisconsin/588/2019,Fluarix,397.05.154,522.5672
group_I,A/Wisconsin/588/2019,Fluarix,397.05.157,533.9087
group_I,A/Wisconsin/588/2019,Fluarix,397.05.163,87.68296
group_I,A/Wisconsin/588/2019,Fluarix,397.05.164,334.2521
group_I,A/Wisconsin/588/2019,Fluarix,397.05.212,541.2904
group_I,A/Wisconsin/588/2019,Fluarix,397.05.213,179.7383
group_I,A/Wisconsin/588/2019,Fluarix,397.05.226,534.432
group_I,A/Wisconsin/588/2019,Fluarix,397.05.228,781.5126
group_I,A/Wisconsin/588/2019,Fluarix,397.05.242,702.7818
group_I,A/Wisconsin/588/2019,Fluarix,397.05.246,746.1735
group_I,A/Wisconsin/588/2019,Fluarix,397.05.260,367.9574
group_I,A/Wisconsin/588/2019,Fluarix,397.05.263,633.557
group_I,A/Wisconsin/588/2019,Fluarix,397.05.266,269.2736
group_I,A/Wisconsin/588/2019,Fluarix,397.05.267,252.8152
group_I,A/Wisconsin/588/2019,Fluarix,397.05.269,91.55099
group_I,A/Wisconsin/588/2019,Fluarix,397.05.272,271.6905
group_I,A/Wisconsin/588/2019,Fluarix,397.05.273,239.4441
group_I,A/Wisconsin/588/2019,Fluarix,397.05.274,274.7691
group_I,A/Wisconsin/588/2019,Fluarix,397.05.278,68.96925
group_I,A/Wisconsin/588/2019,Fluarix,397.05.280,246.3868
group_I,A/Wisconsin/588/2019,Fluarix,397.05.283,278.7465
group_I,A/Wisconsin/588/2019,Fluarix,397.05.285,242.6149
group_I,A/Wisconsin/588/2019,Fluarix,397.05.286,244.9814
group_I,A/Wisconsin/588/2019,Fluarix,397.05.289,291.119
group_I,A/Wisconsin/588/2019,Fluarix,397.05.303,602.6316
group_I,A/Wisconsin/588/2019,Fluarix,397.05.313,672.1536
group_I,A/Wisconsin/588/2019,Fluarix,397.05.318,615.9122
group_I,A/Wisconsin/588/2019,Fluarix,397.05.321,441.7261
group_I,A/Wisconsin/588/2019,Fluarix,397.05.327,628.8515
group_I,A/Wisconsin/588/2019,Fluarix,397.05.328,604.8159
group_I,A/Wisconsin/588/2019,Fluarix,397.05.329,715.8035
group_I,A/Wisconsin/588/2019,Fluarix,397.05.330,743.4842
group_I,A/Wisconsin/588/2019,Fluarix,397.05.332,653.6458
group_I,A/Wisconsin/588/2019,Fluarix,397.05.336,251.8627
group_I,A/Wisconsin/588/2019,Fluarix,397.05.344,406.2451
group_I,A/Wisconsin/588/2019,Fluarix,397.05.350,706.5073
group_I,A/Wisconsin/588/2019,Fluarix,397.05.352,287.3881
group_I,A/Wisconsin/588/2019,Fluarix,397.05.380,204.923
group_I,A/Wisconsin/588/2019,Fluarix,397.05.381,186.0859
group_I,A/Wisconsin/588/2019,Fluarix,397.05.382,591.1458
group_I,A/Wisconsin/588/2019,Fluarix,397.05.387,116.9417
group_I,A/Wisconsin/588/2019,Fluarix,397.05.389,144.7286
group_I,A/Wisconsin/588/2019,Fluarix,397.05.390,122.7507
group_I,A/Wisconsin/588/2019,Fluarix,397.05.401,159.9861
group_I,A/Wisconsin/588/2019,Fluarix,397.05.405,649.7396
group_I,A/Wisconsin/588/2019,Fluarix,397.05.412,754.6012
group_I,A/Wisconsin/588/2019,Fluarix,397.09.014,128.7723
group_I,A/Wisconsin/588/2019,Fluarix,397.09.088,134.8187
group_I,A/Wisconsin/588/2019,Fluarix,397.09.089,105.7867
group_I,A/Wisconsin/588/2019,Fluarix,397.09.167,533.4071
group_I,A/Wisconsin/588/2019,Fluarix,397.09.303,644.4759
group_I,A/Wisconsin/588/2019,Fluarix,397.09.354,667.4473
group_I,A/Wisconsin/588/2019,Fluarix,397.09.358,502.6255
group_I,A/Wisconsin/588/2019,Fluarix,397.09.359,674.6348
group_I,A/Wisconsin/588/2019,Fluarix,397.09.419,702.8061
group_I,A/Wisconsin/588/2019,Fluarix,397.22.039,24.40849
group_I,A/Wisconsin/588/2019,Fluarix,397.22.204,10.79666
group_I,A/Wisconsin/588/2019,Fluarix,397.22.322,553.5714
group_I,A/Wisconsin/588/2019,Fluarix,397.22.388,52.07946
group_I,A/Victoria/4897/2022,mRNA-1010,397.06.004,680.8511
group_I,A/Victoria/4897/2022,mRNA-1010,397.06.006,39.49433
group_I,A/Victoria/4897/2022,mRNA-1010,397.06.010,39.75645
group_I,A/Victoria/4897/2022,mRNA-1010,397.06.012,289.1248
group_I,A/Victoria/4897/2022,mRNA-1010,397.06.020,45.72609
group_I,A/Victoria/4897/2022,mRNA-1010,397.06.021,564.4737
group_I,A/Victoria/4897/2022,mRNA-1010,397.06.026,24.33894
group_I,A/Victoria/4897/2022,mRNA-1010,397.06.032,945.9085
group_I,A/Victoria/4897/2022,mRNA-1010,397.06.033,916.3237
group_I,A/Victoria/4897/2022,mRNA-1010,397.06.036,4.209408
group_I,A/Victoria/4897/2022,mRNA-1010,397.06.044,29.48971
group_I,A/Victoria/4897/2022,mRNA-1010,397.06.045,793.3673
group_I,A/Victoria/4897/2022,mRNA-1010,397.06.054,33.61739
group_I,A/Victoria/4897/2022,mRNA-1010,397.06.057,45.33732
group_I,A/Victoria/4897/2022,mRNA-1010,397.06.058,25.18724
group_I,A/Victoria/4897/2022,mRNA-1010,397.06.059,25.41289
group_I,A/Victoria/4897/2022,mRNA-1010,397.06.061,35.81232
group_I,A/Victoria/4897/2022,mRNA-1010,397.06.102,32.32174
group_I,A/Victoria/4897/2022,mRNA-1010,397.06.108,0.695652
group_I,A/Victoria/4897/2022,mRNA-1010,397.06.111,150.4383
group_I,A/Victoria/4897/2022,mRNA-1010,397.06.121,42.91588
group_I,A/Victoria/4897/2022,mRNA-1010,397.06.123,41.17787
group_I,A/Victoria/4897/2022,mRNA-1010,397.06.126,60.67494
group_I,A/Victoria/4897/2022,mRNA-1010,397.06.129,1005.487
group_I,A/Victoria/4897/2022,mRNA-1010,397.06.131,39.1797
group_I,A/Victoria/4897/2022,mRNA-1010,397.06.145,21.27484
group_I,A/Victoria/4897/2022,mRNA-1010,397.06.156,814.077
group_I,A/Victoria/4897/2022,mRNA-1010,397.06.163,790.1726
group_I,A/Victoria/4897/2022,mRNA-1010,397.06.178,847.0847
group_I,A/Victoria/4897/2022,mRNA-1010,397.06.179,633.9928
group_I,A/Victoria/4897/2022,mRNA-1010,397.06.184,808.5106
group_I,A/Victoria/4897/2022,mRNA-1010,397.06.193,52.7063
group_I,A/Victoria/4897/2022,mRNA-1010,397.06.210,224.9961
group_I,A/Victoria/4897/2022,mRNA-1010,397.06.211,53.85507
group_I,A/Victoria/4897/2022,mRNA-1010,397.06.212,62.16049
group_I,A/Victoria/4897/2022,mRNA-1010,397.06.215,47.52408
group_I,A/Victoria/4897/2022,mRNA-1010,397.06.217,73.5943
group_I,A/Victoria/4897/2022,mRNA-1010,397.06.229,75.14497
group_I,A/Victoria/4897/2022,mRNA-1010,397.06.236,65.16505
group_I,A/Victoria/4897/2022,mRNA-1010,397.06.242,61.96336
group_I,A/Victoria/4897/2022,mRNA-1010,397.06.243,79.65503
group_I,A/Victoria/4897/2022,mRNA-1010,397.06.244,53.29887
group_I,A/Victoria/4897/2022,mRNA-1010,397.06.245,50.0014
group_I,A/Victoria/4897/2022,mRNA-1010,397.06.246,46.66762
group_I,A/Victoria/4897/2022,mRNA-1010,397.06.247,63.95199
group_I,A/Victoria/4897/2022,mRNA-1010,397.06.248,66.80054
group_I,A/Victoria/4897/2022,mRNA-1010,397.06.249,69.64858
group_I,A/Victoria/4897/2022,mRNA-1010,397.06.251,55.57003
group_I,A/Victoria/4897/2022,mRNA-1010,397.06.252,53.18406
group_I,A/Victoria/4897/2022,mRNA-1010,397.06.253,56.19972
group_I,A/Victoria/4897/2022,mRNA-1010,397.06.255,39.26667
group_I,A/Victoria/4897/2022,mRNA-1010,397.06.258,59.35117
group_I,A/Victoria/4897/2022,mRNA-1010,397.06.262,71.90398
group_I,A/Victoria/4897/2022,mRNA-1010,397.06.263,51.14756
group_I,A/Victoria/4897/2022,mRNA-1010,397.06.266,55.85294
group_I,A/Victoria/4897/2022,mRNA-1010,397.06.267,48.11615
group_I,A/Victoria/4897/2022,mRNA-1010,397.06.269,51.79083
group_I,A/Victoria/4897/2022,mRNA-1010,397.06.272,45.75931
group_I,A/Victoria/4897/2022,mRNA-1010,397.06.273,14.90571
group_I,A/Victoria/4897/2022,mRNA-1010,397.06.275,63.50208
group_I,A/Victoria/4897/2022,mRNA-1010,397.06.276,62.4944
group_I,A/Victoria/4897/2022,mRNA-1010,397.06.277,53.31739
group_I,A/Victoria/4897/2022,mRNA-1010,397.06.278,47.45938
group_I,A/Victoria/4897/2022,mRNA-1010,397.06.284,55.77479
group_I,A/Victoria/4897/2022,mRNA-1010,397.06.285,32.06815
group_I,A/Victoria/4897/2022,mRNA-1010,397.06.287,44.54441
group_I,A/Victoria/4897/2022,mRNA-1010,397.06.288,36.49427
group_I,A/Victoria/4897/2022,mRNA-1010,397.06.290,64.62325
group_I,A/Victoria/4897/2022,mRNA-1010,397.06.292,54.89182
group_I,A/Victoria/4897/2022,mRNA-1010,397.06.293,1.67916
group_I,A/Victoria/4897/2022,mRNA-1010,397.06.294,46.2106
group_I,A/Victoria/4897/2022,mRNA-1010,397.06.295,49.51595
group_I,A/Victoria/4897/2022,mRNA-1010,397.06.297,48.23513
group_I,A/Victoria/4897/2022,mRNA-1010,397.06.299,44.76218
group_I,A/Victoria/4897/2022,mRNA-1010,397.06.300,27.81481
group_I,A/Victoria/4897/2022,mRNA-1010,397.06.302,105.9453
group_I,A/Victoria/4897/2022,mRNA-1010,397.06.307,85.75521
group_I,A/Victoria/4897/2022,mRNA-1010,397.06.308,54.73249
group_I,A/Victoria/4897/2022,mRNA-1010,397.06.310,38.72493
group_I,A/Victoria/4897/2022,mRNA-1010,397.06.314,60.47295
group_I,A/Victoria/4897/2022,mRNA-1010,397.06.315,47.36246
group_I,A/Victoria/4897/2022,mRNA-1010,397.06.322,761.4796
group_I,A/Victoria/4897/2022,mRNA-1010,397.06.330,674.5506
group_I,A/Victoria/4897/2022,mRNA-1010,397.06.333,56.97394
group_I,A/Victoria/4897/2022,mRNA-1010,397.06.339,63.83079
group_I,A/Victoria/4897/2022,mRNA-1010,397.06.340,65.45953
group_I,A/Victoria/4897/2022,mRNA-1010,397.06.345,51.02497
group_I,A/Victoria/4897/2022,mRNA-1010,397.06.356,47.87819
group_I,A/Victoria/4897/2022,mRNA-1010,397.06.373,43.76526
group_I,A/Victoria/4897/2022,mRNA-1010,397.06.375,36.327
group_I,A/Victoria/4897/2022,mRNA-1010,397.06.376,36.74479
group_I,A/Victoria/4897/2022,mRNA-1010,397.06.382,715.2062
group_I,A/Victoria/4897/2022,mRNA-1010,397.06.387,47.65021
group_I,A/Victoria/4897/2022,mRNA-1010,397.06.390,41.12596
group_I,A/Victoria/4897/2022,mRNA-1010,397.06.391,21.10224
group_I,A/Victoria/4897/2022,mRNA-1010,397.06.392,38.85853
group_I,A/Victoria/4897/2022,mRNA-1010,397.06.393,35.24688
group_I,A/Victoria/4897/2022,mRNA-1010,397.06.394,34.15739
group_I,A/Victoria/4897/2022,mRNA-1010,397.06.395,38.40526
group_I,A/Victoria/4897/2022,mRNA-1010,397.06.396,43.12619
group_I,A/Victoria/4897/2022,mRNA-1010,397.06.397,29.02195
group_I,A/Victoria/4897/2022,mRNA-1010,397.06.398,41.77748
group_I,A/Victoria/4897/2022,mRNA-1010,397.06.399,32.54785
group_I,A/Victoria/4897/2022,mRNA-1010,397.06.400,36.29218
group_I,A/Victoria/4897/2022,mRNA-1010,397.06.401,44.48456
group_I,A/Victoria/4897/2022,mRNA-1010,397.06.402,36.89262
group_I,A/Victoria/4897/2022,mRNA-1010,397.06.403,31.28936
group_I,A/Victoria/4897/2022,mRNA-1010,397.06.405,35.34174
group_I,A/Victoria/4897/2022,mRNA-1010,397.06.406,34.50763
group_I,A/Victoria/4897/2022,mRNA-1010,397.06.409,40.77341
group_I,A/Victoria/4897/2022,mRNA-1010,397.06.410,39.10222
group_I,A/Victoria/4897/2022,mRNA-1010,397.06.411,739.8773
group_I,A/Victoria/4897/2022,mRNA-1010,397.06.413,5.106447
group_I,A/Victoria/4897/2022,mRNA-1010,397.06.414,29.92868
group_I,A/Victoria/4897/2022,mRNA-1010,397.06.417,30.72923
group_I,A/Victoria/4897/2022,mRNA-1010,397.06.418,35.91956
group_I,A/Victoria/4897/2022,mRNA-1010,397.06.419,28.77205
group_I,A/Victoria/4897/2022,mRNA-1010,397.06.423,32.39685
group_I,A/Victoria/4897/2022,mRNA-1010,397.06.425,32.62174
group_I,A/Victoria/4897/2022,mRNA-1010,397.06.431,867.1979
group_I,A/Victoria/4897/2022,mRNA-1010,397.06.435,368.987
group_I,A/Victoria/4897/2022,mRNA-1010,397.06.436,321.8957
group_I,A/Victoria/4897/2022,mRNA-1010,397.17.001,36.50068
group_I,A/Victoria/4897/2022,mRNA-1010,397.17.002,38.80384
group_I,A/Victoria/4897/2022,mRNA-1010,397.17.003,53.42877
group_I,A/Victoria/4897/2022,mRNA-1010,397.17.004,32.34156
group_I,A/Victoria/4897/2022,mRNA-1010,397.17.005,33.78641
group_I,A/Victoria/4897/2022,mRNA-1010,397.17.007,46.85789
group_I,A/Victoria/4897/2022,mRNA-1010,397.17.009,738.6635
group_I,A/Victoria/4897/2022,mRNA-1010,397.17.014,43.49868
group_I,A/Victoria/4897/2022,mRNA-1010,397.17.022,36.29218
group_I,A/Victoria/4897/2022,mRNA-1010,397.17.024,36.327
group_I,A/Victoria/4897/2022,mRNA-1010,397.17.025,34.86008
group_I,A/Victoria/4897/2022,mRNA-1010,397.17.050,50.89398
group_I,A/Victoria/4897/2022,mRNA-1010,397.17.091,48.89474
group_I,A/Victoria/4897/2022,mRNA-1010,397.17.092,80.95581
group_I,A/Victoria/4897/2022,mRNA-1010,397.17.095,750.9294
group_I,A/Victoria/4897/2022,mRNA-1010,397.17.102,666.6667
group_I,A/Victoria/4897/2022,mRNA-1010,397.17.119,48.18768
group_I,A/Victoria/4897/2022,mRNA-1010,397.17.121,22.27407
group_I,A/Victoria/4897/2022,mRNA-1010,397.17.137,8.34033
group_I,A/Victoria/4897/2022,mRNA-1010,397.17.175,173.3665
group_I,A/Victoria/4897/2022,mRNA-1010,397.17.211,0.850765
group_I,A/Victoria/4897/2022,mRNA-1010,397.17.213,732.1652
group_I,A/Victoria/4897/2022,mRNA-1010,397.17.220,0.786957
group_I,A/Victoria/4897/2022,mRNA-1010,397.17.234,756.3131
group_I,A/Victoria/4897/2022,mRNA-1010,397.17.257,55.00716
group_I,A/Victoria/4897/2022,mRNA-1010,397.17.259,4.616085
group_I,A/Victoria/4897/2022,mRNA-1010,397.17.266,48.41036
group_I,A/Victoria/4897/2022,mRNA-1010,397.17.271,37.00435
group_I,A/Victoria/4897/2022,mRNA-1010,397.17.274,63.66713
group_I,A/Victoria/4897/2022,mRNA-1010,397.17.275,68.63939
group_I,A/Victoria/4897/2022,mRNA-1010,397.17.276,61.9087
group_I,A/Victoria/4897/2022,mRNA-1010,397.17.277,50.84638
group_I,A/Victoria/4897/2022,mRNA-1010,397.17.278,51.14756
group_I,A/Victoria/4897/2022,mRNA-1010,397.17.279,44.54441
group_I,A/Victoria/4897/2022,mRNA-1010,397.17.282,44.73389
group_I,A/Victoria/4897/2022,mRNA-1010,397.17.284,45.8516
group_I,A/Victoria/4897/2022,mRNA-1010,397.17.286,53.16572
group_I,A/Victoria/4897/2022,mRNA-1010,397.17.291,60.97167
group_I,A/Victoria/4897/2022,mRNA-1010,397.17.293,48.86812
group_I,A/Victoria/4897/2022,mRNA-1010,397.17.297,48.11615
group_I,A/Victoria/4897/2022,mRNA-1010,397.17.301,51.07649
group_I,A/Victoria/4897/2022,mRNA-1010,397.17.324,9.269799
group_I,A/Victoria/4897/2022,mRNA-1010,397.17.327,1.010417
group_I,A/Victoria/4897/2022,mRNA-1010,397.17.328,0.741036
group_I,A/Victoria/4897/2022,mRNA-1010,397.17.334,827.9182
group_I,A/Victoria/4897/2022,mRNA-1010,397.17.336,804.2131
group_I,A/Victoria/4897/2022,mRNA-1010,397.17.352,50.69547
group_I,A/Victoria/4897/2022,mRNA-1010,397.17.373,34.8443
group_I,A/Victoria/4897/2022,mRNA-1010,397.17.374,19.06963
group_I,A/Victoria/4897/2022,mRNA-1010,397.17.383,27.12483
group_I,A/Victoria/4897/2022,mRNA-1010,397.17.384,27.88591
group_I,A/Victoria/4897/2022,mRNA-1010,397.28.005,31.74486
group_I,A/Victoria/4897/2022,mRNA-1010,397.28.009,521.5248
group_I,A/Victoria/4897/2022,mRNA-1010,397.28.033,657.5791
group_I,A/Victoria/4897/2022,mRNA-1010,397.28.040,707.0707
group_I,A/Victoria/4897/2022,mRNA-1010,397.28.054,811.4558
group_I,A/Victoria/4897/2022,mRNA-1010,397.28.055,224.8144
group_I,A/Victoria/4897/2022,mRNA-1010,397.28.056,79.86711
group_I,A/Victoria/4897/2022,mRNA-1010,397.28.073,772.6764
group_I,A/Victoria/4897/2022,mRNA-1010,397.28.080,28.36061
group_I,A/Victoria/4897/2022,mRNA-1010,397.28.085,194.5672
group_I,A/Victoria/4897/2022,mRNA-1010,397.28.087,51.16053
group_I,A/Victoria/4897/2022,mRNA-1010,397.28.095,80.63411
group_I,A/Victoria/4897/2022,mRNA-1010,397.28.100,52.91739
group_I,A/Victoria/4897/2022,mRNA-1010,397.28.116,6.92349
group_I,A/Victoria/4897/2022,mRNA-1010,397.28.127,662.7604
group_I,A/Victoria/4897/2022,mRNA-1010,397.28.129,784.2227
group_I,A/Victoria/4897/2022,mRNA-1010,397.28.131,277.9962
group_I,A/Victoria/4897/2022,mRNA-1010,397.28.134,99.19079
group_I,A/Victoria/4897/2022,mRNA-1010,397.28.135,548.6842
group_I,A/Victoria/4897/2022,mRNA-1010,397.28.136,8.343704
group_I,A/Victoria/4897/2022,mRNA-1010,397.28.140,81.18793
group_I,A/Victoria/4897/2022,mRNA-1010,397.28.141,36.03429
group_I,A/Victoria/4897/2022,mRNA-1010,397.28.149,52.40329
group_I,A/Victoria/4897/2022,mRNA-1010,397.28.150,17.70106
group_I,A/Victoria/4897/2022,mRNA-1010,397.28.174,147.3235
group_I,A/Victoria/4897/2022,mRNA-1010,397.29.005,546.7172
group_I,A/Victoria/4897/2022,mRNA-1010,397.29.024,1.14264
group_I,A/Victoria/4897/2022,mRNA-1010,397.29.035,58.85753
group_I,A/Victoria/4897/2022,mRNA-1010,397.29.038,58.79334
group_I,A/Victoria/4897/2022,mRNA-1010,397.29.039,42.33684
group_I,A/Victoria/4897/2022,mRNA-1010,397.29.060,272.6497
group_I,A/Victoria/4897/2022,mRNA-1010,397.29.063,467.3648
group_I,A/Victoria/4897/2022,mRNA-1010,397.29.064,6.011331
group_I,A/Victoria/4897/2022,mRNA-1010,397.29.071,733.5812
group_I,A/Victoria/4897/2022,mRNA-1010,397.29.085,32.34156
group_I,A/Victoria/4897/2022,mRNA-1010,397.29.089,175.9028
group_I,A/Victoria/4897/2022,mRNA-1010,397.29.101,244.9331
group_I,A/Victoria/4897/2022,mRNA-1010,397.29.104,54.04622
group_I,A/Victoria/4897/2022,mRNA-1010,397.29.106,770.4918
group_I,A/Victoria/4897/2022,mRNA-1010,397.29.107,33.0358
group_I,A/Victoria/4897/2022,mRNA-1010,397.29.121,64.53673
group_I,A/Victoria/4897/2022,mRNA-1010,397.29.134,815.051
group_I,A/Victoria/4897/2022,mRNA-1010,397.29.141,39.17391
group_I,A/Victoria/4897/2022,mRNA-1010,397.29.142,36.92693
group_I,A/Victoria/4897/2022,mRNA-1010,397.29.172,6.22963
group_I,A/Victoria/4897/2022,mRNA-1010,397.29.177,26.59104
group_I,A/Victoria/4897/2022,mRNA-1010,397.29.181,590.5612
group_I,A/Victoria/4897/2022,mRNA-1010,397.29.186,1.516129
group_I,A/Victoria/4897/2022,mRNA-1010,397.29.195,771.3598
group_I,A/Victoria/4897/2022,mRNA-1010,397.29.196,54.87115
group_I,A/Victoria/4897/2022,mRNA-1010,397.29.209,59.56308
group_I,A/Victoria/4897/2022,mRNA-1010,397.29.214,327.3564
group_I,A/Victoria/4897/2022,mRNA-1010,397.29.219,848.3221
group_I,A/Victoria/4897/2022,mRNA-1010,397.29.225,4.884774
group_I,A/Victoria/4897/2022,mRNA-1010,397.29.238,46.4384
group_I,A/Victoria/4897/2022,mRNA-1010,397.29.253,32.57833
group_I,A/Victoria/4897/2022,mRNA-1010,397.29.263,1.281553
group_I,A/Victoria/4897/2022,mRNA-1010,397.29.265,22.81818
group_I,A/Victoria/4897/2022,mRNA-1010,397.29.272,273.2563
group_I,A/Victoria/4897/2022,mRNA-1010,397.29.281,197.3517
group_I,A/Victoria/4897/2022,mRNA-1010,397.29.288,36.14203
group_I,A/Victoria/4897/2022,mRNA-1010,397.29.297,807.4369
group_I,A/Victoria/4897/2022,mRNA-1010,397.29.300,91.07407
group_I,A/Victoria/4897/2022,mRNA-1010,397.29.303,278.4382
group_I,A/Victoria/4897/2022,mRNA-1010,397.29.304,742.2434
group_I,A/Victoria/4897/2022,mRNA-1010,397.29.305,3.50075
group_I,A/Victoria/4897/2022,mRNA-1010,397.29.310,0.831884
group_I,A/Victoria/4897/2022,mRNA-1010,397.29.320,24.80461
group_I,A/Victoria/4897/2022,mRNA-1010,397.29.335,29.16957
group_I,A/Victoria/4897/2022,mRNA-1010,397.29.336,142.2829
group_I,A/Victoria/4897/2022,mRNA-1010,397.29.337,36.68521
group_I,A/Victoria/4897/2022,mRNA-1010,397.29.338,187.0885
group_I,A/Victoria/4897/2022,mRNA-1010,397.29.354,4.605223
group_I,A/Victoria/4897/2022,mRNA-1010,397.29.388,1.130252
group_I,A/Victoria/4897/2022,mRNA-1010,397.29.395,642.7704
group_I,A/Victoria/4897/2022,mRNA-1010,397.29.396,44.98138
group_I,A/Victoria/4897/2022,mRNA-1010,397.29.397,66.3155
group_I,A/Victoria/4897/2022,mRNA-1010,397.29.404,1.308673
group_I,A/Victoria/4897/2022,mRNA-1010,397.29.405,25.46741
group_I,A/Victoria/4897/2022,mRNA-1010,397.29.407,24.18697
group_I,A/Victoria/4897/2022,mRNA-1010,397.29.408,174.849
group_I,A/Victoria/4897/2022,mRNA-1010,397.29.417,38.73185
group_I,A/Victoria/4897/2022,mRNA-1010,397.29.420,15.2519
group_I,A/Victoria/4897/2022,mRNA-1010,397.29.430,214.9058
group_I,A/Victoria/4897/2022,mRNA-1010,397.29.435,587.9195
group_I,A/Victoria/4897/2022,mRNA-1010,397.29.440,718.4116
group_I,A/Victoria/4897/2022,mRNA-1010,397.29.442,51.91457
group_I,A/Victoria/4897/2022,mRNA-1010,397.29.477,29.16332
group_I,A/Victoria/4897/2022,mRNA-1010,397.29.506,0.790105
group_I,A/Victoria/4897/2022,mRNA-1010,397.29.529,29.62551
group_I,A/Victoria/4897/2022,mRNA-1010,397.29.532,28.23301
group_I,A/Victoria/4897/2022,Fluarix,397.05.001,488.4167
group_I,A/Victoria/4897/2022,Fluarix,397.05.002,907.8947
group_I,A/Victoria/4897/2022,Fluarix,397.05.004,879.2867
group_I,A/Victoria/4897/2022,Fluarix,397.05.026,882.0302
group_I,A/Victoria/4897/2022,Fluarix,397.05.058,829.4271
group_I,A/Victoria/4897/2022,Fluarix,397.05.064,828.6853
group_I,A/Victoria/4897/2022,Fluarix,397.05.083,342.3189
group_I,A/Victoria/4897/2022,Fluarix,397.05.094,704.0573
group_I,A/Victoria/4897/2022,Fluarix,397.05.104,662.9492
group_I,A/Victoria/4897/2022,Fluarix,397.05.106,8.441578
group_I,A/Victoria/4897/2022,Fluarix,397.05.115,40.72767
group_I,A/Victoria/4897/2022,Fluarix,397.05.127,216.6526
group_I,A/Victoria/4897/2022,Fluarix,397.05.134,782.5521
group_I,A/Victoria/4897/2022,Fluarix,397.05.147,221.6526
group_I,A/Victoria/4897/2022,Fluarix,397.05.148,272.1637
group_I,A/Victoria/4897/2022,Fluarix,397.05.154,220.3908
group_I,A/Victoria/4897/2022,Fluarix,397.05.157,264.1544
group_I,A/Victoria/4897/2022,Fluarix,397.05.163,0.711111
group_I,A/Victoria/4897/2022,Fluarix,397.05.164,247.8009
group_I,A/Victoria/4897/2022,Fluarix,397.05.212,401.6757
group_I,A/Victoria/4897/2022,Fluarix,397.05.213,230.843
group_I,A/Victoria/4897/2022,Fluarix,397.05.226,808.7819
group_I,A/Victoria/4897/2022,Fluarix,397.05.228,1.557423
group_I,A/Victoria/4897/2022,Fluarix,397.05.242,7.926794
group_I,A/Victoria/4897/2022,Fluarix,397.05.246,822.7041
group_I,A/Victoria/4897/2022,Fluarix,397.05.260,648.4736
group_I,A/Victoria/4897/2022,Fluarix,397.05.263,860.4027
group_I,A/Victoria/4897/2022,Fluarix,397.05.266,48.66762
group_I,A/Victoria/4897/2022,Fluarix,397.05.267,47.01433
group_I,A/Victoria/4897/2022,Fluarix,397.05.269,45.68697
group_I,A/Victoria/4897/2022,Fluarix,397.05.272,54.59524
group_I,A/Victoria/4897/2022,Fluarix,397.05.273,49.64327
group_I,A/Victoria/4897/2022,Fluarix,397.05.274,50.94901
group_I,A/Victoria/4897/2022,Fluarix,397.05.278,31.91069
group_I,A/Victoria/4897/2022,Fluarix,397.05.280,39.75645
group_I,A/Victoria/4897/2022,Fluarix,397.05.283,51.33144
group_I,A/Victoria/4897/2022,Fluarix,397.05.285,43.15081
group_I,A/Victoria/4897/2022,Fluarix,397.05.286,34.33238
group_I,A/Victoria/4897/2022,Fluarix,397.05.289,48.89356
group_I,A/Victoria/4897/2022,Fluarix,397.05.303,489.2382
group_I,A/Victoria/4897/2022,Fluarix,397.05.313,109.1989
group_I,A/Victoria/4897/2022,Fluarix,397.05.318,271.5089
group_I,A/Victoria/4897/2022,Fluarix,397.05.321,0.797101
group_I,A/Victoria/4897/2022,Fluarix,397.05.327,0.715686
group_I,A/Victoria/4897/2022,Fluarix,397.05.328,478.1686
group_I,A/Victoria/4897/2022,Fluarix,397.05.329,2.567065
group_I,A/Victoria/4897/2022,Fluarix,397.05.330,3.993141
group_I,A/Victoria/4897/2022,Fluarix,397.05.332,411.0039
group_I,A/Victoria/4897/2022,Fluarix,397.05.336,51.66852
group_I,A/Victoria/4897/2022,Fluarix,397.05.344,203.5952
group_I,A/Victoria/4897/2022,Fluarix,397.05.350,816.7331
group_I,A/Victoria/4897/2022,Fluarix,397.05.352,140.6207
group_I,A/Victoria/4897/2022,Fluarix,397.05.380,49.47278
group_I,A/Victoria/4897/2022,Fluarix,397.05.381,46.83594
group_I,A/Victoria/4897/2022,Fluarix,397.05.382,726.5625
group_I,A/Victoria/4897/2022,Fluarix,397.05.387,27.04854
group_I,A/Victoria/4897/2022,Fluarix,397.05.389,32.74491
group_I,A/Victoria/4897/2022,Fluarix,397.05.390,28.12465
group_I,A/Victoria/4897/2022,Fluarix,397.05.401,39.70874
group_I,A/Victoria/4897/2022,Fluarix,397.05.405,764.3229
group_I,A/Victoria/4897/2022,Fluarix,397.05.412,857.6687
group_I,A/Victoria/4897/2022,Fluarix,397.09.014,33.57202
group_I,A/Victoria/4897/2022,Fluarix,397.09.088,255.0127
group_I,A/Victoria/4897/2022,Fluarix,397.09.089,195.0444
group_I,A/Victoria/4897/2022,Fluarix,397.09.167,383.3894
group_I,A/Victoria/4897/2022,Fluarix,397.09.303,0.735127
group_I,A/Victoria/4897/2022,Fluarix,397.09.354,759.9532
group_I,A/Victoria/4897/2022,Fluarix,397.09.358,0.765432
group_I,A/Victoria/4897/2022,Fluarix,397.09.359,0.814077
group_I,A/Victoria/4897/2022,Fluarix,397.09.419,202.5064
group_I,A/Victoria/4897/2022,Fluarix,397.22.039,9.795022
group_I,A/Victoria/4897/2022,Fluarix,397.22.204,6.042489
group_I,A/Victoria/4897/2022,Fluarix,397.22.322,798.4694
group_I,A/Victoria/4897/2022,Fluarix,397.22.388,100.3448
group_I,A/Netherlands/01317/2025,mRNA-1010,397.06.004,92.06619
group_I,A/Netherlands/01317/2025,mRNA-1010,397.06.006,19.04533
group_I,A/Netherlands/01317/2025,mRNA-1010,397.06.010,41.91834
group_I,A/Netherlands/01317/2025,mRNA-1010,397.06.012,3.112344
group_I,A/Netherlands/01317/2025,mRNA-1010,397.06.020,54.81014
group_I,A/Netherlands/01317/2025,mRNA-1010,397.06.021,25.26184
group_I,A/Netherlands/01317/2025,mRNA-1010,397.06.026,21.01261
group_I,A/Netherlands/01317/2025,mRNA-1010,397.06.032,147.1179
group_I,A/Netherlands/01317/2025,mRNA-1010,397.06.033,142.6941
group_I,A/Netherlands/01317/2025,mRNA-1010,397.06.036,1.342944
group_I,A/Netherlands/01317/2025,mRNA-1010,397.06.044,34.4513
group_I,A/Netherlands/01317/2025,mRNA-1010,397.06.045,174.7054
group_I,A/Netherlands/01317/2025,mRNA-1010,397.06.054,36.05797
group_I,A/Netherlands/01317/2025,mRNA-1010,397.06.057,50.98938
group_I,A/Netherlands/01317/2025,mRNA-1010,397.06.058,30.02219
group_I,A/Netherlands/01317/2025,mRNA-1010,397.06.059,30.52263
group_I,A/Netherlands/01317/2025,mRNA-1010,397.06.061,32.24785
group_I,A/Netherlands/01317/2025,mRNA-1010,397.06.102,36.57101
group_I,A/Netherlands/01317/2025,mRNA-1010,397.06.108,0.35942
group_I,A/Netherlands/01317/2025,mRNA-1010,397.06.111,25.638
group_I,A/Netherlands/01317/2025,mRNA-1010,397.06.121,47.24966
group_I,A/Netherlands/01317/2025,mRNA-1010,397.06.123,64.95798
group_I,A/Netherlands/01317/2025,mRNA-1010,397.06.126,3.565012
group_I,A/Netherlands/01317/2025,mRNA-1010,397.06.129,134.2318
group_I,A/Netherlands/01317/2025,mRNA-1010,397.06.131,3.226337
group_I,A/Netherlands/01317/2025,mRNA-1010,397.06.145,8.372671
group_I,A/Netherlands/01317/2025,mRNA-1010,397.06.156,207.8619
group_I,A/Netherlands/01317/2025,mRNA-1010,397.06.163,209.6454
group_I,A/Netherlands/01317/2025,mRNA-1010,397.06.178,178.1804
group_I,A/Netherlands/01317/2025,mRNA-1010,397.06.179,109.7221
group_I,A/Netherlands/01317/2025,mRNA-1010,397.06.184,222.8061
group_I,A/Netherlands/01317/2025,mRNA-1010,397.06.193,17.87822
group_I,A/Netherlands/01317/2025,mRNA-1010,397.06.210,111.8579
group_I,A/Netherlands/01317/2025,mRNA-1010,397.06.211,55.78551
group_I,A/Netherlands/01317/2025,mRNA-1010,397.06.212,55.68313
group_I,A/Netherlands/01317/2025,mRNA-1010,397.06.215,45.68697
group_I,A/Netherlands/01317/2025,mRNA-1010,397.06.217,65.25509
group_I,A/Netherlands/01317/2025,mRNA-1010,397.06.229,58.3745
group_I,A/Netherlands/01317/2025,mRNA-1010,397.06.236,67.40083
group_I,A/Netherlands/01317/2025,mRNA-1010,397.06.242,59.61737
group_I,A/Netherlands/01317/2025,mRNA-1010,397.06.243,62.25503
group_I,A/Netherlands/01317/2025,mRNA-1010,397.06.244,56.19972
group_I,A/Netherlands/01317/2025,mRNA-1010,397.06.245,54.87115
group_I,A/Netherlands/01317/2025,mRNA-1010,397.06.246,47.59742
group_I,A/Netherlands/01317/2025,mRNA-1010,397.06.247,66.3155
group_I,A/Netherlands/01317/2025,mRNA-1010,397.06.248,62.76934
group_I,A/Netherlands/01317/2025,mRNA-1010,397.06.249,62.12347
group_I,A/Netherlands/01317/2025,mRNA-1010,397.06.251,56.42157
group_I,A/Netherlands/01317/2025,mRNA-1010,397.06.252,50.34348
group_I,A/Netherlands/01317/2025,mRNA-1010,397.06.253,58.38102
group_I,A/Netherlands/01317/2025,mRNA-1010,397.06.255,44.62319
group_I,A/Netherlands/01317/2025,mRNA-1010,397.06.258,62.00137
group_I,A/Netherlands/01317/2025,mRNA-1010,397.06.262,71.71605
group_I,A/Netherlands/01317/2025,mRNA-1010,397.06.263,51.91977
group_I,A/Netherlands/01317/2025,mRNA-1010,397.06.266,58.02241
group_I,A/Netherlands/01317/2025,mRNA-1010,397.06.267,53.16572
group_I,A/Netherlands/01317/2025,mRNA-1010,397.06.269,51.91977
group_I,A/Netherlands/01317/2025,mRNA-1010,397.06.272,48.18768
group_I,A/Netherlands/01317/2025,mRNA-1010,397.06.273,15.42762
group_I,A/Netherlands/01317/2025,mRNA-1010,397.06.275,63.01248
group_I,A/Netherlands/01317/2025,mRNA-1010,397.06.276,61.69608
group_I,A/Netherlands/01317/2025,mRNA-1010,397.06.277,49.84638
group_I,A/Netherlands/01317/2025,mRNA-1010,397.06.278,57.28852
group_I,A/Netherlands/01317/2025,mRNA-1010,397.06.284,59.58499
group_I,A/Netherlands/01317/2025,mRNA-1010,397.06.285,11.51852
group_I,A/Netherlands/01317/2025,mRNA-1010,397.06.287,42.12178
group_I,A/Netherlands/01317/2025,mRNA-1010,397.06.288,35.98138
group_I,A/Netherlands/01317/2025,mRNA-1010,397.06.290,65.80392
group_I,A/Netherlands/01317/2025,mRNA-1010,397.06.292,56.30097
group_I,A/Netherlands/01317/2025,mRNA-1010,397.06.293,1.385307
group_I,A/Netherlands/01317/2025,mRNA-1010,397.06.294,49.03009
group_I,A/Netherlands/01317/2025,mRNA-1010,397.06.295,55.59085
group_I,A/Netherlands/01317/2025,mRNA-1010,397.06.297,51.46034
group_I,A/Netherlands/01317/2025,mRNA-1010,397.06.299,47.24642
group_I,A/Netherlands/01317/2025,mRNA-1010,397.06.300,13.14222
group_I,A/Netherlands/01317/2025,mRNA-1010,397.06.302,87.61849
group_I,A/Netherlands/01317/2025,mRNA-1010,397.06.307,72.32031
group_I,A/Netherlands/01317/2025,mRNA-1010,397.06.308,55.0098
group_I,A/Netherlands/01317/2025,mRNA-1010,397.06.310,18.47851
group_I,A/Netherlands/01317/2025,mRNA-1010,397.06.314,60.16366
group_I,A/Netherlands/01317/2025,mRNA-1010,397.06.315,44.98138
group_I,A/Netherlands/01317/2025,mRNA-1010,397.06.322,84.68495
group_I,A/Netherlands/01317/2025,mRNA-1010,397.06.330,108.824
group_I,A/Netherlands/01317/2025,mRNA-1010,397.06.333,57.11934
group_I,A/Netherlands/01317/2025,mRNA-1010,397.06.339,66.87656
group_I,A/Netherlands/01317/2025,mRNA-1010,397.06.340,68.24143
group_I,A/Netherlands/01317/2025,mRNA-1010,397.06.345,45.51456
group_I,A/Netherlands/01317/2025,mRNA-1010,397.06.356,38.65297
group_I,A/Netherlands/01317/2025,mRNA-1010,397.06.373,54.66079
group_I,A/Netherlands/01317/2025,mRNA-1010,397.06.375,35.55767
group_I,A/Netherlands/01317/2025,mRNA-1010,397.06.376,32.54818
group_I,A/Netherlands/01317/2025,mRNA-1010,397.06.382,42.28866
group_I,A/Netherlands/01317/2025,mRNA-1010,397.06.387,46.13855
group_I,A/Netherlands/01317/2025,mRNA-1010,397.06.390,17.38095
group_I,A/Netherlands/01317/2025,mRNA-1010,397.06.391,26.76891
group_I,A/Netherlands/01317/2025,mRNA-1010,397.06.392,39.61442
group_I,A/Netherlands/01317/2025,mRNA-1010,397.06.393,38.39667
group_I,A/Netherlands/01317/2025,mRNA-1010,397.06.394,32.74491
group_I,A/Netherlands/01317/2025,mRNA-1010,397.06.395,32.43026
group_I,A/Netherlands/01317/2025,mRNA-1010,397.06.396,43.44505
group_I,A/Netherlands/01317/2025,mRNA-1010,397.06.397,35.35665
group_I,A/Netherlands/01317/2025,mRNA-1010,397.06.398,46.20624
group_I,A/Netherlands/01317/2025,mRNA-1010,397.06.399,33.86546
group_I,A/Netherlands/01317/2025,mRNA-1010,397.06.400,38.15775
group_I,A/Netherlands/01317/2025,mRNA-1010,397.06.401,41.5302
group_I,A/Netherlands/01317/2025,mRNA-1010,397.06.402,34.92752
group_I,A/Netherlands/01317/2025,mRNA-1010,397.06.403,12.41379
group_I,A/Netherlands/01317/2025,mRNA-1010,397.06.405,37.76611
group_I,A/Netherlands/01317/2025,mRNA-1010,397.06.406,38.03051
group_I,A/Netherlands/01317/2025,mRNA-1010,397.06.409,39.41384
group_I,A/Netherlands/01317/2025,mRNA-1010,397.06.410,16.19704
group_I,A/Netherlands/01317/2025,mRNA-1010,397.06.411,104.5963
group_I,A/Netherlands/01317/2025,mRNA-1010,397.06.413,0.743628
group_I,A/Netherlands/01317/2025,mRNA-1010,397.06.414,10.54325
group_I,A/Netherlands/01317/2025,mRNA-1010,397.06.417,29.29513
group_I,A/Netherlands/01317/2025,mRNA-1010,397.06.418,41.27462
group_I,A/Netherlands/01317/2025,mRNA-1010,397.06.419,33.67843
group_I,A/Netherlands/01317/2025,mRNA-1010,397.06.423,32.39685
group_I,A/Netherlands/01317/2025,mRNA-1010,397.06.425,35.88841
group_I,A/Netherlands/01317/2025,mRNA-1010,397.06.431,154.915
group_I,A/Netherlands/01317/2025,mRNA-1010,397.06.435,37.82292
group_I,A/Netherlands/01317/2025,mRNA-1010,397.06.436,22.13717
group_I,A/Netherlands/01317/2025,mRNA-1010,397.17.001,37.02714
group_I,A/Netherlands/01317/2025,mRNA-1010,397.17.002,37.52263
group_I,A/Netherlands/01317/2025,mRNA-1010,397.17.003,42.81004
group_I,A/Netherlands/01317/2025,mRNA-1010,397.17.004,31.74486
group_I,A/Netherlands/01317/2025,mRNA-1010,397.17.005,34.18447
group_I,A/Netherlands/01317/2025,mRNA-1010,397.17.007,48.16447
group_I,A/Netherlands/01317/2025,mRNA-1010,397.17.009,105.716
group_I,A/Netherlands/01317/2025,mRNA-1010,397.17.014,42.44079
group_I,A/Netherlands/01317/2025,mRNA-1010,397.17.022,38.34019
group_I,A/Netherlands/01317/2025,mRNA-1010,397.17.024,37.65265
group_I,A/Netherlands/01317/2025,mRNA-1010,397.17.025,35.35665
group_I,A/Netherlands/01317/2025,mRNA-1010,397.17.050,49.39685
group_I,A/Netherlands/01317/2025,mRNA-1010,397.17.091,48.28553
group_I,A/Netherlands/01317/2025,mRNA-1010,397.17.092,85.19318
group_I,A/Netherlands/01317/2025,mRNA-1010,397.17.095,101.1016
group_I,A/Netherlands/01317/2025,mRNA-1010,397.17.102,115.562
group_I,A/Netherlands/01317/2025,mRNA-1010,397.17.119,45.42407
group_I,A/Netherlands/01317/2025,mRNA-1010,397.17.121,25.91407
group_I,A/Netherlands/01317/2025,mRNA-1010,397.17.137,14.77211
group_I,A/Netherlands/01317/2025,mRNA-1010,397.17.175,84.69456
group_I,A/Netherlands/01317/2025,mRNA-1010,397.17.211,1.44898
group_I,A/Netherlands/01317/2025,mRNA-1010,397.17.213,159.2904
group_I,A/Netherlands/01317/2025,mRNA-1010,397.17.220,8.84058
group_I,A/Netherlands/01317/2025,mRNA-1010,397.17.234,147.2866
group_I,A/Netherlands/01317/2025,mRNA-1010,397.17.257,51.66189
group_I,A/Netherlands/01317/2025,mRNA-1010,397.17.259,2.933232
group_I,A/Netherlands/01317/2025,mRNA-1010,397.17.266,43.86695
group_I,A/Netherlands/01317/2025,mRNA-1010,397.17.271,36.05797
group_I,A/Netherlands/01317/2025,mRNA-1010,397.17.274,61.88766
group_I,A/Netherlands/01317/2025,mRNA-1010,397.17.275,65.33426
group_I,A/Netherlands/01317/2025,mRNA-1010,397.17.276,58.23623
group_I,A/Netherlands/01317/2025,mRNA-1010,397.17.277,50.21884
group_I,A/Netherlands/01317/2025,mRNA-1010,397.17.278,48.90974
group_I,A/Netherlands/01317/2025,mRNA-1010,397.17.279,45.09169
group_I,A/Netherlands/01317/2025,mRNA-1010,397.17.282,42.08683
group_I,A/Netherlands/01317/2025,mRNA-1010,397.17.284,41.27462
group_I,A/Netherlands/01317/2025,mRNA-1010,397.17.286,50.69547
group_I,A/Netherlands/01317/2025,mRNA-1010,397.17.291,58.98017
group_I,A/Netherlands/01317/2025,mRNA-1010,397.17.293,47.55942
group_I,A/Netherlands/01317/2025,mRNA-1010,397.17.297,47.87819
group_I,A/Netherlands/01317/2025,mRNA-1010,397.17.301,49.94193
group_I,A/Netherlands/01317/2025,mRNA-1010,397.17.324,156.1396
group_I,A/Netherlands/01317/2025,mRNA-1010,397.17.327,116.6302
group_I,A/Netherlands/01317/2025,mRNA-1010,397.17.328,52.5591
group_I,A/Netherlands/01317/2025,mRNA-1010,397.17.334,208.1408
group_I,A/Netherlands/01317/2025,mRNA-1010,397.17.336,200.7014
group_I,A/Netherlands/01317/2025,mRNA-1010,397.17.352,40.26062
group_I,A/Netherlands/01317/2025,mRNA-1010,397.17.373,32.16644
group_I,A/Netherlands/01317/2025,mRNA-1010,397.17.374,18.26074
group_I,A/Netherlands/01317/2025,mRNA-1010,397.17.383,25.93351
group_I,A/Netherlands/01317/2025,mRNA-1010,397.17.384,26.23624
group_I,A/Netherlands/01317/2025,mRNA-1010,397.28.005,30.03567
group_I,A/Netherlands/01317/2025,mRNA-1010,397.28.009,62.74094
group_I,A/Netherlands/01317/2025,mRNA-1010,397.28.033,126.4973
group_I,A/Netherlands/01317/2025,mRNA-1010,397.28.040,115.2992
group_I,A/Netherlands/01317/2025,mRNA-1010,397.28.054,193.2768
group_I,A/Netherlands/01317/2025,mRNA-1010,397.28.055,88.60438
group_I,A/Netherlands/01317/2025,mRNA-1010,397.28.056,62.90336
group_I,A/Netherlands/01317/2025,mRNA-1010,397.28.073,93.90146
group_I,A/Netherlands/01317/2025,mRNA-1010,397.28.080,8.106796
group_I,A/Netherlands/01317/2025,mRNA-1010,397.28.085,3.943978
group_I,A/Netherlands/01317/2025,mRNA-1010,397.28.087,49.63684
group_I,A/Netherlands/01317/2025,mRNA-1010,397.28.095,66.48828
group_I,A/Netherlands/01317/2025,mRNA-1010,397.28.100,28.26377
group_I,A/Netherlands/01317/2025,mRNA-1010,397.28.116,11.7906
group_I,A/Netherlands/01317/2025,mRNA-1010,397.28.127,106.2357
group_I,A/Netherlands/01317/2025,mRNA-1010,397.28.129,173.0046
group_I,A/Netherlands/01317/2025,mRNA-1010,397.28.131,99.09011
group_I,A/Netherlands/01317/2025,mRNA-1010,397.28.134,70.06579
group_I,A/Netherlands/01317/2025,mRNA-1010,397.28.135,74.05263
group_I,A/Netherlands/01317/2025,mRNA-1010,397.28.136,1.728889
group_I,A/Netherlands/01317/2025,mRNA-1010,397.28.140,41.62277
group_I,A/Netherlands/01317/2025,mRNA-1010,397.28.141,41.9273
group_I,A/Netherlands/01317/2025,mRNA-1010,397.28.149,46.36763
group_I,A/Netherlands/01317/2025,mRNA-1010,397.28.150,7.644917
group_I,A/Netherlands/01317/2025,mRNA-1010,397.28.174,35.17507
group_I,A/Netherlands/01317/2025,mRNA-1010,397.29.005,96.48611
group_I,A/Netherlands/01317/2025,mRNA-1010,397.29.024,0.576631
group_I,A/Netherlands/01317/2025,mRNA-1010,397.29.035,52.75712
group_I,A/Netherlands/01317/2025,mRNA-1010,397.29.038,51.28155
group_I,A/Netherlands/01317/2025,mRNA-1010,397.29.039,38.59211
group_I,A/Netherlands/01317/2025,mRNA-1010,397.29.060,74.3557
group_I,A/Netherlands/01317/2025,mRNA-1010,397.29.063,106.6633
group_I,A/Netherlands/01317/2025,mRNA-1010,397.29.064,5.345609
group_I,A/Netherlands/01317/2025,mRNA-1010,397.29.071,152.9009
group_I,A/Netherlands/01317/2025,mRNA-1010,397.29.085,30.38272
group_I,A/Netherlands/01317/2025,mRNA-1010,397.29.089,87.04924
group_I,A/Netherlands/01317/2025,mRNA-1010,397.29.101,87.99369
group_I,A/Netherlands/01317/2025,mRNA-1010,397.29.104,48.05042
group_I,A/Netherlands/01317/2025,mRNA-1010,397.29.106,160.8396
group_I,A/Netherlands/01317/2025,mRNA-1010,397.29.107,28.00358
group_I,A/Netherlands/01317/2025,mRNA-1010,397.29.121,4.772114
group_I,A/Netherlands/01317/2025,mRNA-1010,397.29.134,132.6837
group_I,A/Netherlands/01317/2025,mRNA-1010,397.29.141,18.42464
group_I,A/Netherlands/01317/2025,mRNA-1010,397.29.142,18.06447
group_I,A/Netherlands/01317/2025,mRNA-1010,397.29.172,11.54074
group_I,A/Netherlands/01317/2025,mRNA-1010,397.29.177,25.54762
group_I,A/Netherlands/01317/2025,mRNA-1010,397.29.181,107.8406
group_I,A/Netherlands/01317/2025,mRNA-1010,397.29.186,0.952381
group_I,A/Netherlands/01317/2025,mRNA-1010,397.29.195,143.9639
group_I,A/Netherlands/01317/2025,mRNA-1010,397.29.196,49.87675
group_I,A/Netherlands/01317/2025,mRNA-1010,397.29.209,45.56175
group_I,A/Netherlands/01317/2025,mRNA-1010,397.29.214,29.681
group_I,A/Netherlands/01317/2025,mRNA-1010,397.29.219,135.0456
group_I,A/Netherlands/01317/2025,mRNA-1010,397.29.225,134.9794
group_I,A/Netherlands/01317/2025,mRNA-1010,397.29.238,17.26648
group_I,A/Netherlands/01317/2025,mRNA-1010,397.29.253,12.9634
group_I,A/Netherlands/01317/2025,mRNA-1010,397.29.263,110.7129
group_I,A/Netherlands/01317/2025,mRNA-1010,397.29.265,20.7517
group_I,A/Netherlands/01317/2025,mRNA-1010,397.29.272,7.582633
group_I,A/Netherlands/01317/2025,mRNA-1010,397.29.281,68.72081
group_I,A/Netherlands/01317/2025,mRNA-1010,397.29.288,34.48841
group_I,A/Netherlands/01317/2025,mRNA-1010,397.29.297,167.5989
group_I,A/Netherlands/01317/2025,mRNA-1010,397.29.300,52.93416
group_I,A/Netherlands/01317/2025,mRNA-1010,397.29.303,120.2722
group_I,A/Netherlands/01317/2025,mRNA-1010,397.29.304,149.3317
group_I,A/Netherlands/01317/2025,mRNA-1010,397.29.305,2.43928
group_I,A/Netherlands/01317/2025,mRNA-1010,397.29.310,16.39855
group_I,A/Netherlands/01317/2025,mRNA-1010,397.29.320,25.02578
group_I,A/Netherlands/01317/2025,mRNA-1010,397.29.335,14.22174
group_I,A/Netherlands/01317/2025,mRNA-1010,397.29.336,60.31761
group_I,A/Netherlands/01317/2025,mRNA-1010,397.29.337,29.80381
group_I,A/Netherlands/01317/2025,mRNA-1010,397.29.338,32.08396
group_I,A/Netherlands/01317/2025,mRNA-1010,397.29.354,0.689708
group_I,A/Netherlands/01317/2025,mRNA-1010,397.29.388,142.4846
group_I,A/Netherlands/01317/2025,mRNA-1010,397.29.395,133.6464
group_I,A/Netherlands/01317/2025,mRNA-1010,397.29.396,40.91977
group_I,A/Netherlands/01317/2025,mRNA-1010,397.29.397,42.85871
group_I,A/Netherlands/01317/2025,mRNA-1010,397.29.404,148.3724
group_I,A/Netherlands/01317/2025,mRNA-1010,397.29.405,22.23856
group_I,A/Netherlands/01317/2025,mRNA-1010,397.29.407,21.52408
group_I,A/Netherlands/01317/2025,mRNA-1010,397.29.408,102.5286
group_I,A/Netherlands/01317/2025,mRNA-1010,397.29.417,39.75852
group_I,A/Netherlands/01317/2025,mRNA-1010,397.29.420,1.544765
group_I,A/Netherlands/01317/2025,mRNA-1010,397.29.430,9.504348
group_I,A/Netherlands/01317/2025,mRNA-1010,397.29.435,148.4671
group_I,A/Netherlands/01317/2025,mRNA-1010,397.29.440,173.4477
group_I,A/Netherlands/01317/2025,mRNA-1010,397.29.442,48.65126
group_I,A/Netherlands/01317/2025,mRNA-1010,397.29.477,28.44699
group_I,A/Netherlands/01317/2025,mRNA-1010,397.29.506,28.65517
group_I,A/Netherlands/01317/2025,mRNA-1010,397.29.529,29.62551
group_I,A/Netherlands/01317/2025,mRNA-1010,397.29.532,22.82247
group_I,A/Netherlands/01317/2025,Fluarix,397.05.001,63.27604
group_I,A/Netherlands/01317/2025,Fluarix,397.05.002,113.4039
group_I,A/Netherlands/01317/2025,Fluarix,397.05.004,184.7243
group_I,A/Netherlands/01317/2025,Fluarix,397.05.026,170.2167
group_I,A/Netherlands/01317/2025,Fluarix,397.05.058,129.9154
group_I,A/Netherlands/01317/2025,Fluarix,397.05.064,178.8367
group_I,A/Netherlands/01317/2025,Fluarix,397.05.083,89.36228
group_I,A/Netherlands/01317/2025,Fluarix,397.05.094,63.37709
group_I,A/Netherlands/01317/2025,Fluarix,397.05.104,25.92069
group_I,A/Netherlands/01317/2025,Fluarix,397.05.106,2.095599
group_I,A/Netherlands/01317/2025,Fluarix,397.05.115,42.6325
group_I,A/Netherlands/01317/2025,Fluarix,397.05.127,93.54545
group_I,A/Netherlands/01317/2025,Fluarix,397.05.134,171.4258
group_I,A/Netherlands/01317/2025,Fluarix,397.05.147,106.2605
group_I,A/Netherlands/01317/2025,Fluarix,397.05.148,122.534
group_I,A/Netherlands/01317/2025,Fluarix,397.05.154,100.0896
group_I,A/Netherlands/01317/2025,Fluarix,397.05.157,118.9128
group_I,A/Netherlands/01317/2025,Fluarix,397.05.163,0.355556
group_I,A/Netherlands/01317/2025,Fluarix,397.05.164,49.39685
group_I,A/Netherlands/01317/2025,Fluarix,397.05.212,111.3107
group_I,A/Netherlands/01317/2025,Fluarix,397.05.213,76.54899
group_I,A/Netherlands/01317/2025,Fluarix,397.05.226,175.2677
group_I,A/Netherlands/01317/2025,Fluarix,397.05.228,0.509804
group_I,A/Netherlands/01317/2025,Fluarix,397.05.242,0.420205
group_I,A/Netherlands/01317/2025,Fluarix,397.05.246,199.6429
group_I,A/Netherlands/01317/2025,Fluarix,397.05.260,133.3349
group_I,A/Netherlands/01317/2025,Fluarix,397.05.263,186.4711
group_I,A/Netherlands/01317/2025,Fluarix,397.05.266,56.70057
group_I,A/Netherlands/01317/2025,Fluarix,397.05.267,54.59312
group_I,A/Netherlands/01317/2025,Fluarix,397.05.269,22.32295
group_I,A/Netherlands/01317/2025,Fluarix,397.05.272,62.81653
group_I,A/Netherlands/01317/2025,Fluarix,397.05.273,55.2851
group_I,A/Netherlands/01317/2025,Fluarix,397.05.274,58.98017
group_I,A/Netherlands/01317/2025,Fluarix,397.05.278,14.22548
group_I,A/Netherlands/01317/2025,Fluarix,397.05.280,49.03009
group_I,A/Netherlands/01317/2025,Fluarix,397.05.283,59.28187
group_I,A/Netherlands/01317/2025,Fluarix,397.05.285,49.98389
group_I,A/Netherlands/01317/2025,Fluarix,397.05.286,45.75931
group_I,A/Netherlands/01317/2025,Fluarix,397.05.289,63.30392
group_I,A/Netherlands/01317/2025,Fluarix,397.05.303,98.11974
group_I,A/Netherlands/01317/2025,Fluarix,397.05.313,123.8889
group_I,A/Netherlands/01317/2025,Fluarix,397.05.318,115.3416
group_I,A/Netherlands/01317/2025,Fluarix,397.05.321,130.1725
group_I,A/Netherlands/01317/2025,Fluarix,397.05.327,41.67927
group_I,A/Netherlands/01317/2025,Fluarix,397.05.328,197.8895
group_I,A/Netherlands/01317/2025,Fluarix,397.05.329,75.73572
group_I,A/Netherlands/01317/2025,Fluarix,397.05.330,16.39781
group_I,A/Netherlands/01317/2025,Fluarix,397.05.332,154.0352
group_I,A/Netherlands/01317/2025,Fluarix,397.05.336,55.73232
group_I,A/Netherlands/01317/2025,Fluarix,397.05.344,29.90336
group_I,A/Netherlands/01317/2025,Fluarix,397.05.350,163.4064
group_I,A/Netherlands/01317/2025,Fluarix,397.05.352,38.18519
group_I,A/Netherlands/01317/2025,Fluarix,397.05.380,56.15139
group_I,A/Netherlands/01317/2025,Fluarix,397.05.381,48.02214
group_I,A/Netherlands/01317/2025,Fluarix,397.05.382,143.2174
group_I,A/Netherlands/01317/2025,Fluarix,397.05.387,33.3939
group_I,A/Netherlands/01317/2025,Fluarix,397.05.389,34.48168
group_I,A/Netherlands/01317/2025,Fluarix,397.05.390,30.94334
group_I,A/Netherlands/01317/2025,Fluarix,397.05.401,38.95284
group_I,A/Netherlands/01317/2025,Fluarix,397.05.405,174.849
group_I,A/Netherlands/01317/2025,Fluarix,397.05.412,222.1767
group_I,A/Netherlands/01317/2025,Fluarix,397.09.014,30.59259
group_I,A/Netherlands/01317/2025,Fluarix,397.09.088,28.57224
group_I,A/Netherlands/01317/2025,Fluarix,397.09.089,22.85185
group_I,A/Netherlands/01317/2025,Fluarix,397.09.167,90.08548
group_I,A/Netherlands/01317/2025,Fluarix,397.09.303,12.1034
group_I,A/Netherlands/01317/2025,Fluarix,397.09.354,207.226
group_I,A/Netherlands/01317/2025,Fluarix,397.09.358,0.63786
group_I,A/Netherlands/01317/2025,Fluarix,397.09.359,1.13413
group_I,A/Netherlands/01317/2025,Fluarix,397.09.419,209.5574
group_I,A/Netherlands/01317/2025,Fluarix,397.22.039,7.926794
group_I,A/Netherlands/01317/2025,Fluarix,397.22.204,1.902883
group_I,A/Netherlands/01317/2025,Fluarix,397.22.322,157.3865
group_I,A/Netherlands/01317/2025,Fluarix,397.22.388,25.37781
group_II,SARS-CoV-2 RBD,mRNA-1010,397.06.001,1
group_II,SARS-CoV-2 RBD,mRNA-1010,397.06.003,1
group_II,SARS-CoV-2 RBD,mRNA-1010,397.06.004,1
group_II,SARS-CoV-2 RBD,mRNA-1010,397.06.006,1
group_II,SARS-CoV-2 RBD,mRNA-1010,397.06.007,1
group_II,SARS-CoV-2 RBD,mRNA-1010,397.06.013,1
group_II,SARS-CoV-2 RBD,mRNA-1010,397.06.014,1
group_II,SARS-CoV-2 RBD,mRNA-1010,397.06.015,1
group_II,SARS-CoV-2 RBD,mRNA-1010,397.06.016,1
group_II,SARS-CoV-2 RBD,mRNA-1010,397.06.021,1
group_II,SARS-CoV-2 RBD,mRNA-1010,397.06.066,1
group_II,SARS-CoV-2 RBD,mRNA-1010,397.06.068,1
group_II,SARS-CoV-2 RBD,mRNA-1010,397.06.069,1
group_II,SARS-CoV-2 RBD,mRNA-1010,397.06.079,1
group_II,SARS-CoV-2 RBD,mRNA-1010,397.06.085,1
group_II,SARS-CoV-2 RBD,mRNA-1010,397.06.086,1
group_II,SARS-CoV-2 RBD,mRNA-1010,397.06.090,1
group_II,SARS-CoV-2 RBD,mRNA-1010,397.06.112,1
group_II,SARS-CoV-2 RBD,mRNA-1010,397.06.122,1
group_II,SARS-CoV-2 RBD,mRNA-1010,397.06.126,1
group_II,SARS-CoV-2 RBD,mRNA-1010,397.06.127,1
group_II,SARS-CoV-2 RBD,mRNA-1010,397.06.128,1
group_II,SARS-CoV-2 RBD,mRNA-1010,397.06.130,1
group_II,SARS-CoV-2 RBD,mRNA-1010,397.06.134,1
group_II,SARS-CoV-2 RBD,mRNA-1010,397.06.138,1
group_II,SARS-CoV-2 RBD,mRNA-1010,397.06.139,1
group_II,SARS-CoV-2 RBD,mRNA-1010,397.06.144,1
group_II,SARS-CoV-2 RBD,mRNA-1010,397.06.145,1
group_II,SARS-CoV-2 RBD,mRNA-1010,397.06.147,1
group_II,SARS-CoV-2 RBD,mRNA-1010,397.06.153,1
group_II,SARS-CoV-2 RBD,mRNA-1010,397.06.160,1
group_II,SARS-CoV-2 RBD,mRNA-1010,397.06.161,1
group_II,SARS-CoV-2 RBD,mRNA-1010,397.06.165,1
group_II,SARS-CoV-2 RBD,mRNA-1010,397.06.166,1
group_II,SARS-CoV-2 RBD,mRNA-1010,397.06.167,1
group_II,SARS-CoV-2 RBD,mRNA-1010,397.06.168,1
group_II,SARS-CoV-2 RBD,mRNA-1010,397.06.169,1
group_II,SARS-CoV-2 RBD,mRNA-1010,397.06.171,1
group_II,SARS-CoV-2 RBD,mRNA-1010,397.06.175,1
group_II,SARS-CoV-2 RBD,mRNA-1010,397.06.176,1
group_II,SARS-CoV-2 RBD,mRNA-1010,397.06.177,1
group_II,SARS-CoV-2 RBD,mRNA-1010,397.06.181,1
group_II,SARS-CoV-2 RBD,mRNA-1010,397.06.182,1
group_II,SARS-CoV-2 RBD,mRNA-1010,397.06.183,1
group_II,SARS-CoV-2 RBD,mRNA-1010,397.06.184,1
group_II,SARS-CoV-2 RBD,mRNA-1010,397.06.186,1
group_II,SARS-CoV-2 RBD,mRNA-1010,397.06.195,1
group_II,SARS-CoV-2 RBD,mRNA-1010,397.06.196,1
group_II,SARS-CoV-2 RBD,mRNA-1010,397.06.198,1
group_II,SARS-CoV-2 RBD,mRNA-1010,397.06.200,1
group_II,SARS-CoV-2 RBD,mRNA-1010,397.06.203,1
group_II,SARS-CoV-2 RBD,mRNA-1010,397.06.208,1
group_II,SARS-CoV-2 RBD,mRNA-1010,397.06.209,1
group_II,SARS-CoV-2 RBD,mRNA-1010,397.06.226,1
group_II,SARS-CoV-2 RBD,mRNA-1010,397.06.231,1
group_II,SARS-CoV-2 RBD,mRNA-1010,397.06.260,1
group_II,SARS-CoV-2 RBD,mRNA-1010,397.06.279,1
group_II,SARS-CoV-2 RBD,mRNA-1010,397.06.281,1
group_II,SARS-CoV-2 RBD,mRNA-1010,397.06.296,1
group_II,SARS-CoV-2 RBD,mRNA-1010,397.06.321,1
group_II,SARS-CoV-2 RBD,mRNA-1010,397.06.322,1
group_II,SARS-CoV-2 RBD,mRNA-1010,397.06.325,1
group_II,SARS-CoV-2 RBD,mRNA-1010,397.06.326,1
group_II,SARS-CoV-2 RBD,mRNA-1010,397.06.327,1
group_II,SARS-CoV-2 RBD,mRNA-1010,397.06.330,1
group_II,SARS-CoV-2 RBD,mRNA-1010,397.06.332,1
group_II,SARS-CoV-2 RBD,mRNA-1010,397.06.350,1
group_II,SARS-CoV-2 RBD,mRNA-1010,397.06.357,1
group_II,SARS-CoV-2 RBD,mRNA-1010,397.06.361,1
group_II,SARS-CoV-2 RBD,mRNA-1010,397.06.367,1
group_II,SARS-CoV-2 RBD,mRNA-1010,397.06.369,1
group_II,SARS-CoV-2 RBD,mRNA-1010,397.06.371,1
group_II,SARS-CoV-2 RBD,mRNA-1010,397.06.380,1
group_II,SARS-CoV-2 RBD,mRNA-1010,397.06.381,1
group_II,SARS-CoV-2 RBD,mRNA-1010,397.06.382,1
group_II,SARS-CoV-2 RBD,mRNA-1010,397.06.383,1
group_II,SARS-CoV-2 RBD,mRNA-1010,397.06.384,1
group_II,SARS-CoV-2 RBD,mRNA-1010,397.06.385,1
group_II,SARS-CoV-2 RBD,mRNA-1010,397.06.388,1
group_II,SARS-CoV-2 RBD,mRNA-1010,397.06.389,1
group_II,SARS-CoV-2 RBD,mRNA-1010,397.06.404,1
group_II,SARS-CoV-2 RBD,mRNA-1010,397.06.408,1
group_II,SARS-CoV-2 RBD,mRNA-1010,397.06.410,1
group_II,SARS-CoV-2 RBD,mRNA-1010,397.06.413,1
group_II,SARS-CoV-2 RBD,mRNA-1010,397.06.426,1
group_II,SARS-CoV-2 RBD,mRNA-1010,397.06.428,1
group_II,SARS-CoV-2 RBD,mRNA-1010,397.06.430,1
group_II,SARS-CoV-2 RBD,mRNA-1010,397.06.434,1
group_II,SARS-CoV-2 RBD,mRNA-1010,397.06.437,1
group_II,SARS-CoV-2 RBD,mRNA-1010,397.17.016,1
group_II,SARS-CoV-2 RBD,mRNA-1010,397.17.017,1
group_II,SARS-CoV-2 RBD,mRNA-1010,397.17.026,1
group_II,SARS-CoV-2 RBD,mRNA-1010,397.17.042,1
group_II,SARS-CoV-2 RBD,mRNA-1010,397.17.043,1
group_II,SARS-CoV-2 RBD,mRNA-1010,397.17.047,1
group_II,SARS-CoV-2 RBD,mRNA-1010,397.17.048,1
group_II,SARS-CoV-2 RBD,mRNA-1010,397.17.051,1
group_II,SARS-CoV-2 RBD,mRNA-1010,397.17.053,1
group_II,SARS-CoV-2 RBD,mRNA-1010,397.17.068,1
group_II,SARS-CoV-2 RBD,mRNA-1010,397.17.072,1
group_II,SARS-CoV-2 RBD,mRNA-1010,397.17.073,1
group_II,SARS-CoV-2 RBD,mRNA-1010,397.17.074,1
group_II,SARS-CoV-2 RBD,mRNA-1010,397.17.078,1
group_II,SARS-CoV-2 RBD,mRNA-1010,397.17.079,1
group_II,SARS-CoV-2 RBD,mRNA-1010,397.17.080,1
group_II,SARS-CoV-2 RBD,mRNA-1010,397.17.081,1
group_II,SARS-CoV-2 RBD,mRNA-1010,397.17.082,1
group_II,SARS-CoV-2 RBD,mRNA-1010,397.17.083,1
group_II,SARS-CoV-2 RBD,mRNA-1010,397.17.084,1
group_II,SARS-CoV-2 RBD,mRNA-1010,397.17.086,1
group_II,SARS-CoV-2 RBD,mRNA-1010,397.17.088,1
group_II,SARS-CoV-2 RBD,mRNA-1010,397.17.099,1
group_II,SARS-CoV-2 RBD,mRNA-1010,397.17.101,1
group_II,SARS-CoV-2 RBD,mRNA-1010,397.17.102,1
group_II,SARS-CoV-2 RBD,mRNA-1010,397.17.103,1
group_II,SARS-CoV-2 RBD,mRNA-1010,397.17.109,1
group_II,SARS-CoV-2 RBD,mRNA-1010,397.17.112,1
group_II,SARS-CoV-2 RBD,mRNA-1010,397.17.113,1
group_II,SARS-CoV-2 RBD,mRNA-1010,397.17.118,1
group_II,SARS-CoV-2 RBD,mRNA-1010,397.17.122,1
group_II,SARS-CoV-2 RBD,mRNA-1010,397.17.124,1
group_II,SARS-CoV-2 RBD,mRNA-1010,397.17.125,1
group_II,SARS-CoV-2 RBD,mRNA-1010,397.17.128,1
group_II,SARS-CoV-2 RBD,mRNA-1010,397.17.129,1
group_II,SARS-CoV-2 RBD,mRNA-1010,397.17.130,1
group_II,SARS-CoV-2 RBD,mRNA-1010,397.17.148,1
group_II,SARS-CoV-2 RBD,mRNA-1010,397.17.154,1
group_II,SARS-CoV-2 RBD,mRNA-1010,397.17.159,1
group_II,SARS-CoV-2 RBD,mRNA-1010,397.17.160,1
group_II,SARS-CoV-2 RBD,mRNA-1010,397.17.161,1
group_II,SARS-CoV-2 RBD,mRNA-1010,397.17.162,1
group_II,SARS-CoV-2 RBD,mRNA-1010,397.17.165,1
group_II,SARS-CoV-2 RBD,mRNA-1010,397.17.166,1
group_II,SARS-CoV-2 RBD,mRNA-1010,397.17.167,1
group_II,SARS-CoV-2 RBD,mRNA-1010,397.17.169,1
group_II,SARS-CoV-2 RBD,mRNA-1010,397.17.170,1
group_II,SARS-CoV-2 RBD,mRNA-1010,397.17.171,1
group_II,SARS-CoV-2 RBD,mRNA-1010,397.17.174,1
group_II,SARS-CoV-2 RBD,mRNA-1010,397.17.176,1
group_II,SARS-CoV-2 RBD,mRNA-1010,397.17.177,1
group_II,SARS-CoV-2 RBD,mRNA-1010,397.17.178,1
group_II,SARS-CoV-2 RBD,mRNA-1010,397.17.179,1
group_II,SARS-CoV-2 RBD,mRNA-1010,397.17.182,1
group_II,SARS-CoV-2 RBD,mRNA-1010,397.17.183,1
group_II,SARS-CoV-2 RBD,mRNA-1010,397.17.185,1
group_II,SARS-CoV-2 RBD,mRNA-1010,397.17.189,1
group_II,SARS-CoV-2 RBD,mRNA-1010,397.17.191,1
group_II,SARS-CoV-2 RBD,mRNA-1010,397.17.193,1
group_II,SARS-CoV-2 RBD,mRNA-1010,397.17.194,1
group_II,SARS-CoV-2 RBD,mRNA-1010,397.17.195,1
group_II,SARS-CoV-2 RBD,mRNA-1010,397.17.196,1
group_II,SARS-CoV-2 RBD,mRNA-1010,397.17.197,1
group_II,SARS-CoV-2 RBD,mRNA-1010,397.17.198,1
group_II,SARS-CoV-2 RBD,mRNA-1010,397.17.199,1
group_II,SARS-CoV-2 RBD,mRNA-1010,397.17.201,1
group_II,SARS-CoV-2 RBD,mRNA-1010,397.17.203,1
group_II,SARS-CoV-2 RBD,mRNA-1010,397.17.207,1
group_II,SARS-CoV-2 RBD,mRNA-1010,397.17.208,1
group_II,SARS-CoV-2 RBD,mRNA-1010,397.17.210,1
group_II,SARS-CoV-2 RBD,mRNA-1010,397.17.213,1
group_II,SARS-CoV-2 RBD,mRNA-1010,397.17.215,1
group_II,SARS-CoV-2 RBD,mRNA-1010,397.17.222,1
group_II,SARS-CoV-2 RBD,mRNA-1010,397.17.223,1
group_II,SARS-CoV-2 RBD,mRNA-1010,397.17.224,1
group_II,SARS-CoV-2 RBD,mRNA-1010,397.17.225,1
group_II,SARS-CoV-2 RBD,mRNA-1010,397.17.226,1
group_II,SARS-CoV-2 RBD,mRNA-1010,397.17.227,1
group_II,SARS-CoV-2 RBD,mRNA-1010,397.17.228,1
group_II,SARS-CoV-2 RBD,mRNA-1010,397.17.231,1
group_II,SARS-CoV-2 RBD,mRNA-1010,397.17.241,1
group_II,SARS-CoV-2 RBD,mRNA-1010,397.17.246,1
group_II,SARS-CoV-2 RBD,mRNA-1010,397.17.247,1
group_II,SARS-CoV-2 RBD,mRNA-1010,397.17.250,1
group_II,SARS-CoV-2 RBD,mRNA-1010,397.17.252,1
group_II,SARS-CoV-2 RBD,mRNA-1010,397.17.261,1
group_II,SARS-CoV-2 RBD,mRNA-1010,397.17.263,1
group_II,SARS-CoV-2 RBD,mRNA-1010,397.17.264,1
group_II,SARS-CoV-2 RBD,mRNA-1010,397.17.281,1
group_II,SARS-CoV-2 RBD,mRNA-1010,397.17.296,1
group_II,SARS-CoV-2 RBD,mRNA-1010,397.17.298,1
group_II,SARS-CoV-2 RBD,mRNA-1010,397.17.302,1
group_II,SARS-CoV-2 RBD,mRNA-1010,397.17.303,1
group_II,SARS-CoV-2 RBD,mRNA-1010,397.17.309,1
group_II,SARS-CoV-2 RBD,mRNA-1010,397.17.310,1
group_II,SARS-CoV-2 RBD,mRNA-1010,397.17.311,1
group_II,SARS-CoV-2 RBD,mRNA-1010,397.17.315,1
group_II,SARS-CoV-2 RBD,mRNA-1010,397.17.322,1
group_II,SARS-CoV-2 RBD,mRNA-1010,397.17.330,1
group_II,SARS-CoV-2 RBD,mRNA-1010,397.17.337,1
group_II,SARS-CoV-2 RBD,mRNA-1010,397.17.338,1
group_II,SARS-CoV-2 RBD,mRNA-1010,397.17.344,1
group_II,SARS-CoV-2 RBD,mRNA-1010,397.17.347,1
group_II,SARS-CoV-2 RBD,mRNA-1010,397.17.348,1
group_II,SARS-CoV-2 RBD,mRNA-1010,397.17.359,1
group_II,SARS-CoV-2 RBD,mRNA-1010,397.17.360,1
group_II,SARS-CoV-2 RBD,mRNA-1010,397.17.362,1
group_II,SARS-CoV-2 RBD,mRNA-1010,397.17.364,1
group_II,SARS-CoV-2 RBD,mRNA-1010,397.17.365,1
group_II,SARS-CoV-2 RBD,mRNA-1010,397.17.371,1
group_II,SARS-CoV-2 RBD,mRNA-1010,397.17.377,1
group_II,SARS-CoV-2 RBD,mRNA-1010,397.17.378,1
group_II,SARS-CoV-2 RBD,mRNA-1010,397.17.379,1
group_II,SARS-CoV-2 RBD,mRNA-1010,397.28.006,1
group_II,SARS-CoV-2 RBD,mRNA-1010,397.28.013,1
group_II,SARS-CoV-2 RBD,mRNA-1010,397.28.038,1
group_II,SARS-CoV-2 RBD,mRNA-1010,397.28.040,1
group_II,SARS-CoV-2 RBD,mRNA-1010,397.28.056,1
group_II,SARS-CoV-2 RBD,mRNA-1010,397.28.060,1
group_II,SARS-CoV-2 RBD,mRNA-1010,397.28.077,1
group_II,SARS-CoV-2 RBD,mRNA-1010,397.28.081,1
group_II,SARS-CoV-2 RBD,mRNA-1010,397.28.082,1
group_II,SARS-CoV-2 RBD,mRNA-1010,397.28.084,1
group_II,SARS-CoV-2 RBD,mRNA-1010,397.28.095,1
group_II,SARS-CoV-2 RBD,mRNA-1010,397.28.098,1
group_II,SARS-CoV-2 RBD,mRNA-1010,397.28.104,1
group_II,SARS-CoV-2 RBD,mRNA-1010,397.28.105,1
group_II,SARS-CoV-2 RBD,mRNA-1010,397.28.106,1
group_II,SARS-CoV-2 RBD,mRNA-1010,397.28.107,1
group_II,SARS-CoV-2 RBD,mRNA-1010,397.28.108,1
group_II,SARS-CoV-2 RBD,mRNA-1010,397.28.109,1
group_II,SARS-CoV-2 RBD,mRNA-1010,397.28.112,1
group_II,SARS-CoV-2 RBD,mRNA-1010,397.28.113,1
group_II,SARS-CoV-2 RBD,mRNA-1010,397.28.114,1
group_II,SARS-CoV-2 RBD,mRNA-1010,397.28.115,1
group_II,SARS-CoV-2 RBD,mRNA-1010,397.28.122,1
group_II,SARS-CoV-2 RBD,mRNA-1010,397.28.124,1
group_II,SARS-CoV-2 RBD,mRNA-1010,397.28.132,1
group_II,SARS-CoV-2 RBD,mRNA-1010,397.28.133,1
group_II,SARS-CoV-2 RBD,mRNA-1010,397.28.146,1
group_II,SARS-CoV-2 RBD,mRNA-1010,397.28.153,1
group_II,SARS-CoV-2 RBD,mRNA-1010,397.28.155,1
group_II,SARS-CoV-2 RBD,mRNA-1010,397.28.156,1
group_II,SARS-CoV-2 RBD,mRNA-1010,397.28.169,1
group_II,SARS-CoV-2 RBD,mRNA-1010,397.29.001,1
group_II,SARS-CoV-2 RBD,mRNA-1010,397.29.011,1
group_II,SARS-CoV-2 RBD,mRNA-1010,397.29.012,1
group_II,SARS-CoV-2 RBD,mRNA-1010,397.29.023,1
group_II,SARS-CoV-2 RBD,mRNA-1010,397.29.024,1
group_II,SARS-CoV-2 RBD,mRNA-1010,397.29.028,1
group_II,SARS-CoV-2 RBD,mRNA-1010,397.29.036,1
group_II,SARS-CoV-2 RBD,mRNA-1010,397.29.041,1
group_II,SARS-CoV-2 RBD,mRNA-1010,397.29.044,1
group_II,SARS-CoV-2 RBD,mRNA-1010,397.29.045,1
group_II,SARS-CoV-2 RBD,mRNA-1010,397.29.047,1
group_II,SARS-CoV-2 RBD,mRNA-1010,397.29.057,1
group_II,SARS-CoV-2 RBD,mRNA-1010,397.29.062,1
group_II,SARS-CoV-2 RBD,mRNA-1010,397.29.064,1
group_II,SARS-CoV-2 RBD,mRNA-1010,397.29.069,1
group_II,SARS-CoV-2 RBD,mRNA-1010,397.29.072,1
group_II,SARS-CoV-2 RBD,mRNA-1010,397.29.080,1
group_II,SARS-CoV-2 RBD,mRNA-1010,397.29.082,1
group_II,SARS-CoV-2 RBD,mRNA-1010,397.29.083,1
group_II,SARS-CoV-2 RBD,mRNA-1010,397.29.084,1
group_II,SARS-CoV-2 RBD,mRNA-1010,397.29.088,1
group_II,SARS-CoV-2 RBD,mRNA-1010,397.29.089,1
group_II,SARS-CoV-2 RBD,mRNA-1010,397.29.090,1
group_II,SARS-CoV-2 RBD,mRNA-1010,397.29.100,1
group_II,SARS-CoV-2 RBD,mRNA-1010,397.29.109,1
group_II,SARS-CoV-2 RBD,mRNA-1010,397.29.111,1
group_II,SARS-CoV-2 RBD,mRNA-1010,397.29.114,1
group_II,SARS-CoV-2 RBD,mRNA-1010,397.29.119,1
group_II,SARS-CoV-2 RBD,mRNA-1010,397.29.120,1
group_II,SARS-CoV-2 RBD,mRNA-1010,397.29.123,1
group_II,SARS-CoV-2 RBD,mRNA-1010,397.29.125,1
group_II,SARS-CoV-2 RBD,mRNA-1010,397.29.127,1
group_II,SARS-CoV-2 RBD,mRNA-1010,397.29.129,1
group_II,SARS-CoV-2 RBD,mRNA-1010,397.29.136,1
group_II,SARS-CoV-2 RBD,mRNA-1010,397.29.142,1
group_II,SARS-CoV-2 RBD,mRNA-1010,397.29.143,1
group_II,SARS-CoV-2 RBD,mRNA-1010,397.29.149,1
group_II,SARS-CoV-2 RBD,mRNA-1010,397.29.152,1
group_II,SARS-CoV-2 RBD,mRNA-1010,397.29.155,1
group_II,SARS-CoV-2 RBD,mRNA-1010,397.29.156,1
group_II,SARS-CoV-2 RBD,mRNA-1010,397.29.157,1
group_II,SARS-CoV-2 RBD,mRNA-1010,397.29.159,1
group_II,SARS-CoV-2 RBD,mRNA-1010,397.29.164,1
group_II,SARS-CoV-2 RBD,mRNA-1010,397.29.166,1
group_II,SARS-CoV-2 RBD,mRNA-1010,397.29.167,1
group_II,SARS-CoV-2 RBD,mRNA-1010,397.29.168,1
group_II,SARS-CoV-2 RBD,mRNA-1010,397.29.169,1
group_II,SARS-CoV-2 RBD,mRNA-1010,397.29.175,1
group_II,SARS-CoV-2 RBD,mRNA-1010,397.29.176,1
group_II,SARS-CoV-2 RBD,mRNA-1010,397.29.190,1
group_II,SARS-CoV-2 RBD,mRNA-1010,397.29.192,1
group_II,SARS-CoV-2 RBD,mRNA-1010,397.29.193,1
group_II,SARS-CoV-2 RBD,mRNA-1010,397.29.194,1
group_II,SARS-CoV-2 RBD,mRNA-1010,397.29.199,1
group_II,SARS-CoV-2 RBD,mRNA-1010,397.29.200,1
group_II,SARS-CoV-2 RBD,mRNA-1010,397.29.201,1
group_II,SARS-CoV-2 RBD,mRNA-1010,397.29.202,1
group_II,SARS-CoV-2 RBD,mRNA-1010,397.29.203,1
group_II,SARS-CoV-2 RBD,mRNA-1010,397.29.204,1
group_II,SARS-CoV-2 RBD,mRNA-1010,397.29.206,1
group_II,SARS-CoV-2 RBD,mRNA-1010,397.29.207,1
group_II,SARS-CoV-2 RBD,mRNA-1010,397.29.213,1
group_II,SARS-CoV-2 RBD,mRNA-1010,397.29.214,1
group_II,SARS-CoV-2 RBD,mRNA-1010,397.29.217,1
group_II,SARS-CoV-2 RBD,mRNA-1010,397.29.219,1
group_II,SARS-CoV-2 RBD,mRNA-1010,397.29.221,1
group_II,SARS-CoV-2 RBD,mRNA-1010,397.29.223,1
group_II,SARS-CoV-2 RBD,mRNA-1010,397.29.224,1
group_II,SARS-CoV-2 RBD,mRNA-1010,397.29.226,1
group_II,SARS-CoV-2 RBD,mRNA-1010,397.29.231,1
group_II,SARS-CoV-2 RBD,mRNA-1010,397.29.232,1
group_II,SARS-CoV-2 RBD,mRNA-1010,397.29.234,1
group_II,SARS-CoV-2 RBD,mRNA-1010,397.29.240,1
group_II,SARS-CoV-2 RBD,mRNA-1010,397.29.241,1
group_II,SARS-CoV-2 RBD,mRNA-1010,397.29.245,1
group_II,SARS-CoV-2 RBD,mRNA-1010,397.29.246,1
group_II,SARS-CoV-2 RBD,mRNA-1010,397.29.249,1
group_II,SARS-CoV-2 RBD,mRNA-1010,397.29.262,1
group_II,SARS-CoV-2 RBD,mRNA-1010,397.29.279,1
group_II,SARS-CoV-2 RBD,mRNA-1010,397.29.280,1
group_II,SARS-CoV-2 RBD,mRNA-1010,397.29.287,1
group_II,SARS-CoV-2 RBD,mRNA-1010,397.29.312,1
group_II,SARS-CoV-2 RBD,mRNA-1010,397.29.318,1
group_II,SARS-CoV-2 RBD,mRNA-1010,397.29.322,1
group_II,SARS-CoV-2 RBD,mRNA-1010,397.29.328,1
group_II,SARS-CoV-2 RBD,mRNA-1010,397.29.342,1
group_II,SARS-CoV-2 RBD,mRNA-1010,397.29.349,1
group_II,SARS-CoV-2 RBD,mRNA-1010,397.29.350,1
group_II,SARS-CoV-2 RBD,mRNA-1010,397.29.351,1
group_II,SARS-CoV-2 RBD,mRNA-1010,397.29.353,1
group_II,SARS-CoV-2 RBD,mRNA-1010,397.29.355,1
group_II,SARS-CoV-2 RBD,mRNA-1010,397.29.356,1
group_II,SARS-CoV-2 RBD,mRNA-1010,397.29.359,1
group_II,SARS-CoV-2 RBD,mRNA-1010,397.29.370,1
group_II,SARS-CoV-2 RBD,mRNA-1010,397.29.378,1
group_II,SARS-CoV-2 RBD,mRNA-1010,397.29.381,1
group_II,SARS-CoV-2 RBD,mRNA-1010,397.29.382,1
group_II,SARS-CoV-2 RBD,mRNA-1010,397.29.383,1
group_II,SARS-CoV-2 RBD,mRNA-1010,397.29.384,1
group_II,SARS-CoV-2 RBD,mRNA-1010,397.29.386,1
group_II,SARS-CoV-2 RBD,mRNA-1010,397.29.398,1
group_II,SARS-CoV-2 RBD,mRNA-1010,397.29.400,1
group_II,SARS-CoV-2 RBD,mRNA-1010,397.29.416,1
group_II,SARS-CoV-2 RBD,mRNA-1010,397.29.418,1
group_II,SARS-CoV-2 RBD,mRNA-1010,397.29.419,1
group_II,SARS-CoV-2 RBD,mRNA-1010,397.29.425,1
group_II,SARS-CoV-2 RBD,mRNA-1010,397.29.426,1
group_II,SARS-CoV-2 RBD,mRNA-1010,397.29.428,1
group_II,SARS-CoV-2 RBD,mRNA-1010,397.29.429,1
group_II,SARS-CoV-2 RBD,mRNA-1010,397.29.430,1
group_II,SARS-CoV-2 RBD,mRNA-1010,397.29.431,1
group_II,SARS-CoV-2 RBD,mRNA-1010,397.29.435,1
group_II,SARS-CoV-2 RBD,mRNA-1010,397.29.445,1
group_II,SARS-CoV-2 RBD,mRNA-1010,397.29.446,1
group_II,SARS-CoV-2 RBD,mRNA-1010,397.29.447,1
group_II,SARS-CoV-2 RBD,mRNA-1010,397.29.452,1
group_II,SARS-CoV-2 RBD,Fluarix,397.05.012,1
group_II,SARS-CoV-2 RBD,Fluarix,397.05.019,1
group_II,SARS-CoV-2 RBD,Fluarix,397.05.067,1
group_II,SARS-CoV-2 RBD,Fluarix,397.05.081,1
group_II,SARS-CoV-2 RBD,Fluarix,397.05.097,1
group_II,SARS-CoV-2 RBD,Fluarix,397.05.104,1
group_II,SARS-CoV-2 RBD,Fluarix,397.05.140,1
group_II,SARS-CoV-2 RBD,Fluarix,397.05.160,1
group_II,SARS-CoV-2 RBD,Fluarix,397.05.161,1
group_II,SARS-CoV-2 RBD,Fluarix,397.05.186,1
group_II,SARS-CoV-2 RBD,Fluarix,397.05.201,1
group_II,SARS-CoV-2 RBD,Fluarix,397.05.249,1
group_II,SARS-CoV-2 RBD,Fluarix,397.05.255,1
group_II,SARS-CoV-2 RBD,Fluarix,397.05.256,1
group_II,SARS-CoV-2 RBD,Fluarix,397.05.287,1
group_II,SARS-CoV-2 RBD,Fluarix,397.05.288,1
group_II,SARS-CoV-2 RBD,Fluarix,397.05.290,1
group_II,SARS-CoV-2 RBD,Fluarix,397.05.325,1
group_II,SARS-CoV-2 RBD,Fluarix,397.05.331,1
group_II,SARS-CoV-2 RBD,Fluarix,397.05.334,1
group_II,SARS-CoV-2 RBD,Fluarix,397.05.347,1
group_II,SARS-CoV-2 RBD,Fluarix,397.05.366,1
group_II,SARS-CoV-2 RBD,Fluarix,397.05.368,1
group_II,SARS-CoV-2 RBD,Fluarix,397.05.388,1
group_II,SARS-CoV-2 RBD,Fluarix,397.05.405,1
group_II,SARS-CoV-2 RBD,Fluarix,397.09.331,1
group_II,SARS-CoV-2 RBD,Fluarix,397.09.477,1
group_II,SARS-CoV-2 RBD,Fluarix,397.22.067,1
group_II,SARS-CoV-2 RBD,Fluarix,397.22.111,1
group_II,SARS-CoV-2 RBD,Fluarix,397.22.336,1
group_II,SARS-CoV-2 RBD,Fluarix,397.22.392,1
group_II,SARS-CoV-2 RBD,Fluarix,397.22.403,1
group_II,SARS-CoV-2 RBD,Fluarix,397.22.406,1
group_II,SARS-CoV-2 RBD,Fluarix,397.22.425,1
group_II,A/Shanghai/1/2013 (H7),mRNA-1010,397.06.001,1.522968
group_II,A/Shanghai/1/2013 (H7),mRNA-1010,397.06.003,50.9949
group_II,A/Shanghai/1/2013 (H7),mRNA-1010,397.06.004,0.52959
group_II,A/Shanghai/1/2013 (H7),mRNA-1010,397.06.006,1.908602
group_II,A/Shanghai/1/2013 (H7),mRNA-1010,397.06.007,119.4872
group_II,A/Shanghai/1/2013 (H7),mRNA-1010,397.06.013,2.69258
group_II,A/Shanghai/1/2013 (H7),mRNA-1010,397.06.014,0.539898
group_II,A/Shanghai/1/2013 (H7),mRNA-1010,397.06.015,0.678007
group_II,A/Shanghai/1/2013 (H7),mRNA-1010,397.06.016,0.631671
group_II,A/Shanghai/1/2013 (H7),mRNA-1010,397.06.021,33.41824
group_II,A/Shanghai/1/2013 (H7),mRNA-1010,397.06.066,0.576263
group_II,A/Shanghai/1/2013 (H7),mRNA-1010,397.06.068,0.570191
group_II,A/Shanghai/1/2013 (H7),mRNA-1010,397.06.069,0.824945
group_II,A/Shanghai/1/2013 (H7),mRNA-1010,397.06.079,0.614876
group_II,A/Shanghai/1/2013 (H7),mRNA-1010,397.06.085,64.71429
group_II,A/Shanghai/1/2013 (H7),mRNA-1010,397.06.086,45.63005
group_II,A/Shanghai/1/2013 (H7),mRNA-1010,397.06.090,0.585887
group_II,A/Shanghai/1/2013 (H7),mRNA-1010,397.06.112,0.725995
group_II,A/Shanghai/1/2013 (H7),mRNA-1010,397.06.122,11.35839
group_II,A/Shanghai/1/2013 (H7),mRNA-1010,397.06.126,37.25514
group_II,A/Shanghai/1/2013 (H7),mRNA-1010,397.06.127,23.58255
group_II,A/Shanghai/1/2013 (H7),mRNA-1010,397.06.128,10.31797
group_II,A/Shanghai/1/2013 (H7),mRNA-1010,397.06.130,0.991955
group_II,A/Shanghai/1/2013 (H7),mRNA-1010,397.06.134,0.631579
group_II,A/Shanghai/1/2013 (H7),mRNA-1010,397.06.138,0.817559
group_II,A/Shanghai/1/2013 (H7),mRNA-1010,397.06.139,3.614934
group_II,A/Shanghai/1/2013 (H7),mRNA-1010,397.06.144,0.64311
group_II,A/Shanghai/1/2013 (H7),mRNA-1010,397.06.145,8.371817
group_II,A/Shanghai/1/2013 (H7),mRNA-1010,397.06.147,0.651786
group_II,A/Shanghai/1/2013 (H7),mRNA-1010,397.06.153,99.38114
group_II,A/Shanghai/1/2013 (H7),mRNA-1010,397.06.160,6.987342
group_II,A/Shanghai/1/2013 (H7),mRNA-1010,397.06.161,2.991558
group_II,A/Shanghai/1/2013 (H7),mRNA-1010,397.06.165,0.677011
group_II,A/Shanghai/1/2013 (H7),mRNA-1010,397.06.166,0.704598
group_II,A/Shanghai/1/2013 (H7),mRNA-1010,397.06.167,11.64483
group_II,A/Shanghai/1/2013 (H7),mRNA-1010,397.06.168,3.657866
group_II,A/Shanghai/1/2013 (H7),mRNA-1010,397.06.169,2.268351
group_II,A/Shanghai/1/2013 (H7),mRNA-1010,397.06.171,0.557666
group_II,A/Shanghai/1/2013 (H7),mRNA-1010,397.06.175,0.59736
group_II,A/Shanghai/1/2013 (H7),mRNA-1010,397.06.176,1.719498
group_II,A/Shanghai/1/2013 (H7),mRNA-1010,397.06.177,0.925855
group_II,A/Shanghai/1/2013 (H7),mRNA-1010,397.06.181,2.070536
group_II,A/Shanghai/1/2013 (H7),mRNA-1010,397.06.182,0.81742
group_II,A/Shanghai/1/2013 (H7),mRNA-1010,397.06.183,0.611842
group_II,A/Shanghai/1/2013 (H7),mRNA-1010,397.06.184,0.656497
group_II,A/Shanghai/1/2013 (H7),mRNA-1010,397.06.186,0.654342
group_II,A/Shanghai/1/2013 (H7),mRNA-1010,397.06.195,0.821998
group_II,A/Shanghai/1/2013 (H7),mRNA-1010,397.06.196,0.773782
group_II,A/Shanghai/1/2013 (H7),mRNA-1010,397.06.198,0.811715
group_II,A/Shanghai/1/2013 (H7),mRNA-1010,397.06.200,1.180458
group_II,A/Shanghai/1/2013 (H7),mRNA-1010,397.06.203,20.0261
group_II,A/Shanghai/1/2013 (H7),mRNA-1010,397.06.208,2.394737
group_II,A/Shanghai/1/2013 (H7),mRNA-1010,397.06.209,7.793627
group_II,A/Shanghai/1/2013 (H7),mRNA-1010,397.06.226,0.511521
group_II,A/Shanghai/1/2013 (H7),mRNA-1010,397.06.231,0.652403
group_II,A/Shanghai/1/2013 (H7),mRNA-1010,397.06.260,1
group_II,A/Shanghai/1/2013 (H7),mRNA-1010,397.06.279,0.517081
group_II,A/Shanghai/1/2013 (H7),mRNA-1010,397.06.281,0.624388
group_II,A/Shanghai/1/2013 (H7),mRNA-1010,397.06.296,0.565989
group_II,A/Shanghai/1/2013 (H7),mRNA-1010,397.06.321,0.599539
group_II,A/Shanghai/1/2013 (H7),mRNA-1010,397.06.322,0.555732
group_II,A/Shanghai/1/2013 (H7),mRNA-1010,397.06.325,116.0054
group_II,A/Shanghai/1/2013 (H7),mRNA-1010,397.06.326,227.0377
group_II,A/Shanghai/1/2013 (H7),mRNA-1010,397.06.327,204.3205
group_II,A/Shanghai/1/2013 (H7),mRNA-1010,397.06.330,17.22042
group_II,A/Shanghai/1/2013 (H7),mRNA-1010,397.06.332,0.513812
group_II,A/Shanghai/1/2013 (H7),mRNA-1010,397.06.350,0.533569
group_II,A/Shanghai/1/2013 (H7),mRNA-1010,397.06.357,0.492659
group_II,A/Shanghai/1/2013 (H7),mRNA-1010,397.06.361,0.668692
group_II,A/Shanghai/1/2013 (H7),mRNA-1010,397.06.367,0.564987
group_II,A/Shanghai/1/2013 (H7),mRNA-1010,397.06.369,1.569075
group_II,A/Shanghai/1/2013 (H7),mRNA-1010,397.06.371,0.757471
group_II,A/Shanghai/1/2013 (H7),mRNA-1010,397.06.380,136.3309
group_II,A/Shanghai/1/2013 (H7),mRNA-1010,397.06.381,0.735381
group_II,A/Shanghai/1/2013 (H7),mRNA-1010,397.06.382,1.104948
group_II,A/Shanghai/1/2013 (H7),mRNA-1010,397.06.383,0.810051
group_II,A/Shanghai/1/2013 (H7),mRNA-1010,397.06.384,0.814941
group_II,A/Shanghai/1/2013 (H7),mRNA-1010,397.06.385,1.882554
group_II,A/Shanghai/1/2013 (H7),mRNA-1010,397.06.388,0.74349
group_II,A/Shanghai/1/2013 (H7),mRNA-1010,397.06.389,44.59463
group_II,A/Shanghai/1/2013 (H7),mRNA-1010,397.06.404,1.937585
group_II,A/Shanghai/1/2013 (H7),mRNA-1010,397.06.408,26.86897
group_II,A/Shanghai/1/2013 (H7),mRNA-1010,397.06.410,0.54007
group_II,A/Shanghai/1/2013 (H7),mRNA-1010,397.06.413,0.683321
group_II,A/Shanghai/1/2013 (H7),mRNA-1010,397.06.426,0.874552
group_II,A/Shanghai/1/2013 (H7),mRNA-1010,397.06.428,0.722364
group_II,A/Shanghai/1/2013 (H7),mRNA-1010,397.06.430,0.718606
group_II,A/Shanghai/1/2013 (H7),mRNA-1010,397.06.434,0.844991
group_II,A/Shanghai/1/2013 (H7),mRNA-1010,397.06.437,0.807594
group_II,A/Shanghai/1/2013 (H7),mRNA-1010,397.17.016,1.072523
group_II,A/Shanghai/1/2013 (H7),mRNA-1010,397.17.017,1.006489
group_II,A/Shanghai/1/2013 (H7),mRNA-1010,397.17.026,0.636406
group_II,A/Shanghai/1/2013 (H7),mRNA-1010,397.17.042,0.845247
group_II,A/Shanghai/1/2013 (H7),mRNA-1010,397.17.043,0.668985
group_II,A/Shanghai/1/2013 (H7),mRNA-1010,397.17.047,1.018894
group_II,A/Shanghai/1/2013 (H7),mRNA-1010,397.17.048,0.614872
group_II,A/Shanghai/1/2013 (H7),mRNA-1010,397.17.051,1
group_II,A/Shanghai/1/2013 (H7),mRNA-1010,397.17.053,0.662021
group_II,A/Shanghai/1/2013 (H7),mRNA-1010,397.17.068,0.737406
group_II,A/Shanghai/1/2013 (H7),mRNA-1010,397.17.072,0.684476
group_II,A/Shanghai/1/2013 (H7),mRNA-1010,397.17.073,0.621274
group_II,A/Shanghai/1/2013 (H7),mRNA-1010,397.17.074,0.58843
group_II,A/Shanghai/1/2013 (H7),mRNA-1010,397.17.078,0.649787
group_II,A/Shanghai/1/2013 (H7),mRNA-1010,397.17.079,0.67374
group_II,A/Shanghai/1/2013 (H7),mRNA-1010,397.17.080,0.679451
group_II,A/Shanghai/1/2013 (H7),mRNA-1010,397.17.081,0.758126
group_II,A/Shanghai/1/2013 (H7),mRNA-1010,397.17.082,0.637976
group_II,A/Shanghai/1/2013 (H7),mRNA-1010,397.17.083,0.630608
group_II,A/Shanghai/1/2013 (H7),mRNA-1010,397.17.084,0.572779
group_II,A/Shanghai/1/2013 (H7),mRNA-1010,397.17.086,0.68245
group_II,A/Shanghai/1/2013 (H7),mRNA-1010,397.17.088,0.619376
group_II,A/Shanghai/1/2013 (H7),mRNA-1010,397.17.099,0.726744
group_II,A/Shanghai/1/2013 (H7),mRNA-1010,397.17.101,0.59253
group_II,A/Shanghai/1/2013 (H7),mRNA-1010,397.17.102,247.156
group_II,A/Shanghai/1/2013 (H7),mRNA-1010,397.17.103,81.76348
group_II,A/Shanghai/1/2013 (H7),mRNA-1010,397.17.109,0.763385
group_II,A/Shanghai/1/2013 (H7),mRNA-1010,397.17.112,0.685925
group_II,A/Shanghai/1/2013 (H7),mRNA-1010,397.17.113,0.636288
group_II,A/Shanghai/1/2013 (H7),mRNA-1010,397.17.118,110.6277
group_II,A/Shanghai/1/2013 (H7),mRNA-1010,397.17.122,0.672381
group_II,A/Shanghai/1/2013 (H7),mRNA-1010,397.17.124,0.75646
group_II,A/Shanghai/1/2013 (H7),mRNA-1010,397.17.125,2.575804
group_II,A/Shanghai/1/2013 (H7),mRNA-1010,397.17.128,0.506639
group_II,A/Shanghai/1/2013 (H7),mRNA-1010,397.17.129,0.649909
group_II,A/Shanghai/1/2013 (H7),mRNA-1010,397.17.130,0.765967
group_II,A/Shanghai/1/2013 (H7),mRNA-1010,397.17.148,0.541219
group_II,A/Shanghai/1/2013 (H7),mRNA-1010,397.17.154,8.434846
group_II,A/Shanghai/1/2013 (H7),mRNA-1010,397.17.159,1.463918
group_II,A/Shanghai/1/2013 (H7),mRNA-1010,397.17.160,0.58459
group_II,A/Shanghai/1/2013 (H7),mRNA-1010,397.17.161,6.463804
group_II,A/Shanghai/1/2013 (H7),mRNA-1010,397.17.162,91.11534
group_II,A/Shanghai/1/2013 (H7),mRNA-1010,397.17.165,0.828292
group_II,A/Shanghai/1/2013 (H7),mRNA-1010,397.17.166,0.832215
group_II,A/Shanghai/1/2013 (H7),mRNA-1010,397.17.167,0.62
group_II,A/Shanghai/1/2013 (H7),mRNA-1010,397.17.169,0.973796
group_II,A/Shanghai/1/2013 (H7),mRNA-1010,397.17.170,0.712014
group_II,A/Shanghai/1/2013 (H7),mRNA-1010,397.17.171,0.809974
group_II,A/Shanghai/1/2013 (H7),mRNA-1010,397.17.174,5.823848
group_II,A/Shanghai/1/2013 (H7),mRNA-1010,397.17.176,1.460083
group_II,A/Shanghai/1/2013 (H7),mRNA-1010,397.17.177,0.931034
group_II,A/Shanghai/1/2013 (H7),mRNA-1010,397.17.178,0.703488
group_II,A/Shanghai/1/2013 (H7),mRNA-1010,397.17.179,0.711618
group_II,A/Shanghai/1/2013 (H7),mRNA-1010,397.17.182,208.1911
group_II,A/Shanghai/1/2013 (H7),mRNA-1010,397.17.183,0.773038
group_II,A/Shanghai/1/2013 (H7),mRNA-1010,397.17.185,0.844628
group_II,A/Shanghai/1/2013 (H7),mRNA-1010,397.17.189,3.161249
group_II,A/Shanghai/1/2013 (H7),mRNA-1010,397.17.191,19.2293
group_II,A/Shanghai/1/2013 (H7),mRNA-1010,397.17.193,0.906456
group_II,A/Shanghai/1/2013 (H7),mRNA-1010,397.17.194,1.255599
group_II,A/Shanghai/1/2013 (H7),mRNA-1010,397.17.195,0.886883
group_II,A/Shanghai/1/2013 (H7),mRNA-1010,397.17.196,1.380802
group_II,A/Shanghai/1/2013 (H7),mRNA-1010,397.17.197,0.714474
group_II,A/Shanghai/1/2013 (H7),mRNA-1010,397.17.198,0.729381
group_II,A/Shanghai/1/2013 (H7),mRNA-1010,397.17.199,0.735115
group_II,A/Shanghai/1/2013 (H7),mRNA-1010,397.17.201,0.718412
group_II,A/Shanghai/1/2013 (H7),mRNA-1010,397.17.203,218.6182
group_II,A/Shanghai/1/2013 (H7),mRNA-1010,397.17.207,0.737665
group_II,A/Shanghai/1/2013 (H7),mRNA-1010,397.17.208,0.739777
group_II,A/Shanghai/1/2013 (H7),mRNA-1010,397.17.210,0.672368
group_II,A/Shanghai/1/2013 (H7),mRNA-1010,397.17.213,0.613423
group_II,A/Shanghai/1/2013 (H7),mRNA-1010,397.17.215,0.828523
group_II,A/Shanghai/1/2013 (H7),mRNA-1010,397.17.222,0.569715
group_II,A/Shanghai/1/2013 (H7),mRNA-1010,397.17.223,9.471354
group_II,A/Shanghai/1/2013 (H7),mRNA-1010,397.17.224,0.598251
group_II,A/Shanghai/1/2013 (H7),mRNA-1010,397.17.225,1.673955
group_II,A/Shanghai/1/2013 (H7),mRNA-1010,397.17.226,0.59589
group_II,A/Shanghai/1/2013 (H7),mRNA-1010,397.17.227,1.141818
group_II,A/Shanghai/1/2013 (H7),mRNA-1010,397.17.228,0.646011
group_II,A/Shanghai/1/2013 (H7),mRNA-1010,397.17.231,0.774222
group_II,A/Shanghai/1/2013 (H7),mRNA-1010,397.17.241,1.082773
group_II,A/Shanghai/1/2013 (H7),mRNA-1010,397.17.246,0.911432
group_II,A/Shanghai/1/2013 (H7),mRNA-1010,397.17.247,0.551783
group_II,A/Shanghai/1/2013 (H7),mRNA-1010,397.17.250,1.186387
group_II,A/Shanghai/1/2013 (H7),mRNA-1010,397.17.252,0.58075
group_II,A/Shanghai/1/2013 (H7),mRNA-1010,397.17.261,0.541219
group_II,A/Shanghai/1/2013 (H7),mRNA-1010,397.17.263,0.766117
group_II,A/Shanghai/1/2013 (H7),mRNA-1010,397.17.264,2.67619
group_II,A/Shanghai/1/2013 (H7),mRNA-1010,397.17.281,2.135977
group_II,A/Shanghai/1/2013 (H7),mRNA-1010,397.17.296,1.174309
group_II,A/Shanghai/1/2013 (H7),mRNA-1010,397.17.298,0.519435
group_II,A/Shanghai/1/2013 (H7),mRNA-1010,397.17.302,0.634146
group_II,A/Shanghai/1/2013 (H7),mRNA-1010,397.17.303,0.541436
group_II,A/Shanghai/1/2013 (H7),mRNA-1010,397.17.309,0.698276
group_II,A/Shanghai/1/2013 (H7),mRNA-1010,397.17.310,0.544389
group_II,A/Shanghai/1/2013 (H7),mRNA-1010,397.17.311,0.704132
group_II,A/Shanghai/1/2013 (H7),mRNA-1010,397.17.315,0.70096
group_II,A/Shanghai/1/2013 (H7),mRNA-1010,397.17.322,15.4053
group_II,A/Shanghai/1/2013 (H7),mRNA-1010,397.17.330,0.587097
group_II,A/Shanghai/1/2013 (H7),mRNA-1010,397.17.337,0.582153
group_II,A/Shanghai/1/2013 (H7),mRNA-1010,397.17.338,1.391771
group_II,A/Shanghai/1/2013 (H7),mRNA-1010,397.17.344,0.519793
group_II,A/Shanghai/1/2013 (H7),mRNA-1010,397.17.347,0.58075
group_II,A/Shanghai/1/2013 (H7),mRNA-1010,397.17.348,0.546887
group_II,A/Shanghai/1/2013 (H7),mRNA-1010,397.17.359,0.889675
group_II,A/Shanghai/1/2013 (H7),mRNA-1010,397.17.360,0.65625
group_II,A/Shanghai/1/2013 (H7),mRNA-1010,397.17.362,1.391992
group_II,A/Shanghai/1/2013 (H7),mRNA-1010,397.17.364,0.632083
group_II,A/Shanghai/1/2013 (H7),mRNA-1010,397.17.365,0.597484
group_II,A/Shanghai/1/2013 (H7),mRNA-1010,397.17.371,0.578182
group_II,A/Shanghai/1/2013 (H7),mRNA-1010,397.17.377,52.17551
group_II,A/Shanghai/1/2013 (H7),mRNA-1010,397.17.378,0.704132
group_II,A/Shanghai/1/2013 (H7),mRNA-1010,397.17.379,0.692982
group_II,A/Shanghai/1/2013 (H7),mRNA-1010,397.28.006,0.846344
group_II,A/Shanghai/1/2013 (H7),mRNA-1010,397.28.013,43.59848
group_II,A/Shanghai/1/2013 (H7),mRNA-1010,397.28.038,0.742743
group_II,A/Shanghai/1/2013 (H7),mRNA-1010,397.28.040,0.729864
group_II,A/Shanghai/1/2013 (H7),mRNA-1010,397.28.056,0.643466
group_II,A/Shanghai/1/2013 (H7),mRNA-1010,397.28.060,0.6755
group_II,A/Shanghai/1/2013 (H7),mRNA-1010,397.28.077,3.324028
group_II,A/Shanghai/1/2013 (H7),mRNA-1010,397.28.081,1.131644
group_II,A/Shanghai/1/2013 (H7),mRNA-1010,397.28.082,0.759021
group_II,A/Shanghai/1/2013 (H7),mRNA-1010,397.28.084,0.747396
group_II,A/Shanghai/1/2013 (H7),mRNA-1010,397.28.095,0.521495
group_II,A/Shanghai/1/2013 (H7),mRNA-1010,397.28.098,0.883926
group_II,A/Shanghai/1/2013 (H7),mRNA-1010,397.28.104,0.768496
group_II,A/Shanghai/1/2013 (H7),mRNA-1010,397.28.105,0.901674
group_II,A/Shanghai/1/2013 (H7),mRNA-1010,397.28.106,0.754098
group_II,A/Shanghai/1/2013 (H7),mRNA-1010,397.28.107,0.828125
group_II,A/Shanghai/1/2013 (H7),mRNA-1010,397.28.108,0.855019
group_II,A/Shanghai/1/2013 (H7),mRNA-1010,397.28.109,1.241135
group_II,A/Shanghai/1/2013 (H7),mRNA-1010,397.28.112,0.993069
group_II,A/Shanghai/1/2013 (H7),mRNA-1010,397.28.113,0.958511
group_II,A/Shanghai/1/2013 (H7),mRNA-1010,397.28.114,0.737171
group_II,A/Shanghai/1/2013 (H7),mRNA-1010,397.28.115,0.88993
group_II,A/Shanghai/1/2013 (H7),mRNA-1010,397.28.122,1.042534
group_II,A/Shanghai/1/2013 (H7),mRNA-1010,397.28.124,0.826859
group_II,A/Shanghai/1/2013 (H7),mRNA-1010,397.28.132,0.635621
group_II,A/Shanghai/1/2013 (H7),mRNA-1010,397.28.133,0.526132
group_II,A/Shanghai/1/2013 (H7),mRNA-1010,397.28.146,0.702394
group_II,A/Shanghai/1/2013 (H7),mRNA-1010,397.28.153,0.719883
group_II,A/Shanghai/1/2013 (H7),mRNA-1010,397.28.155,0.722675
group_II,A/Shanghai/1/2013 (H7),mRNA-1010,397.28.156,206.4007
group_II,A/Shanghai/1/2013 (H7),mRNA-1010,397.28.169,1.163215
group_II,A/Shanghai/1/2013 (H7),mRNA-1010,397.29.001,0.689677
group_II,A/Shanghai/1/2013 (H7),mRNA-1010,397.29.011,0.53913
group_II,A/Shanghai/1/2013 (H7),mRNA-1010,397.29.012,0.844262
group_II,A/Shanghai/1/2013 (H7),mRNA-1010,397.29.023,0.592357
group_II,A/Shanghai/1/2013 (H7),mRNA-1010,397.29.024,0.635634
group_II,A/Shanghai/1/2013 (H7),mRNA-1010,397.29.028,0.611723
group_II,A/Shanghai/1/2013 (H7),mRNA-1010,397.29.036,2.899433
group_II,A/Shanghai/1/2013 (H7),mRNA-1010,397.29.041,0.666258
group_II,A/Shanghai/1/2013 (H7),mRNA-1010,397.29.044,0.530179
group_II,A/Shanghai/1/2013 (H7),mRNA-1010,397.29.045,0.823976
group_II,A/Shanghai/1/2013 (H7),mRNA-1010,397.29.047,0.544389
group_II,A/Shanghai/1/2013 (H7),mRNA-1010,397.29.057,0.51876
group_II,A/Shanghai/1/2013 (H7),mRNA-1010,397.29.062,0.5
group_II,A/Shanghai/1/2013 (H7),mRNA-1010,397.29.064,0.551783
group_II,A/Shanghai/1/2013 (H7),mRNA-1010,397.29.069,0.5
group_II,A/Shanghai/1/2013 (H7),mRNA-1010,397.29.072,0.521495
group_II,A/Shanghai/1/2013 (H7),mRNA-1010,397.29.080,0.506024
group_II,A/Shanghai/1/2013 (H7),mRNA-1010,397.29.082,0.507067
group_II,A/Shanghai/1/2013 (H7),mRNA-1010,397.29.083,0.492727
group_II,A/Shanghai/1/2013 (H7),mRNA-1010,397.29.084,0.507273
group_II,A/Shanghai/1/2013 (H7),mRNA-1010,397.29.088,0.484346
group_II,A/Shanghai/1/2013 (H7),mRNA-1010,397.29.089,0.519435
group_II,A/Shanghai/1/2013 (H7),mRNA-1010,397.29.090,0.478799
group_II,A/Shanghai/1/2013 (H7),mRNA-1010,397.29.100,0.644938
group_II,A/Shanghai/1/2013 (H7),mRNA-1010,397.29.109,0.593164
group_II,A/Shanghai/1/2013 (H7),mRNA-1010,397.29.111,0.60631
group_II,A/Shanghai/1/2013 (H7),mRNA-1010,397.29.114,0.773766
group_II,A/Shanghai/1/2013 (H7),mRNA-1010,397.29.119,0.781069
group_II,A/Shanghai/1/2013 (H7),mRNA-1010,397.29.120,0.708922
group_II,A/Shanghai/1/2013 (H7),mRNA-1010,397.29.123,0.472125
group_II,A/Shanghai/1/2013 (H7),mRNA-1010,397.29.125,0.816605
group_II,A/Shanghai/1/2013 (H7),mRNA-1010,397.29.127,0.651261
group_II,A/Shanghai/1/2013 (H7),mRNA-1010,397.29.129,0.540646
group_II,A/Shanghai/1/2013 (H7),mRNA-1010,397.29.136,0.596639
group_II,A/Shanghai/1/2013 (H7),mRNA-1010,397.29.142,1.126394
group_II,A/Shanghai/1/2013 (H7),mRNA-1010,397.29.143,0.743261
group_II,A/Shanghai/1/2013 (H7),mRNA-1010,397.29.149,0.519263
group_II,A/Shanghai/1/2013 (H7),mRNA-1010,397.29.152,0.635432
group_II,A/Shanghai/1/2013 (H7),mRNA-1010,397.29.155,0.528545
group_II,A/Shanghai/1/2013 (H7),mRNA-1010,397.29.156,0.5
group_II,A/Shanghai/1/2013 (H7),mRNA-1010,397.29.157,0.682264
group_II,A/Shanghai/1/2013 (H7),mRNA-1010,397.29.159,0.744737
group_II,A/Shanghai/1/2013 (H7),mRNA-1010,397.29.164,0.748993
group_II,A/Shanghai/1/2013 (H7),mRNA-1010,397.29.166,1.267756
group_II,A/Shanghai/1/2013 (H7),mRNA-1010,397.29.167,0.889538
group_II,A/Shanghai/1/2013 (H7),mRNA-1010,397.29.168,0.781888
group_II,A/Shanghai/1/2013 (H7),mRNA-1010,397.29.169,0.687933
group_II,A/Shanghai/1/2013 (H7),mRNA-1010,397.29.175,0.708738
group_II,A/Shanghai/1/2013 (H7),mRNA-1010,397.29.176,0.699029
group_II,A/Shanghai/1/2013 (H7),mRNA-1010,397.29.190,0.651289
group_II,A/Shanghai/1/2013 (H7),mRNA-1010,397.29.192,0.65343
group_II,A/Shanghai/1/2013 (H7),mRNA-1010,397.29.193,0.574194
group_II,A/Shanghai/1/2013 (H7),mRNA-1010,397.29.194,0.628245
group_II,A/Shanghai/1/2013 (H7),mRNA-1010,397.29.199,0.880615
group_II,A/Shanghai/1/2013 (H7),mRNA-1010,397.29.200,0.608889
group_II,A/Shanghai/1/2013 (H7),mRNA-1010,397.29.201,0.599393
group_II,A/Shanghai/1/2013 (H7),mRNA-1010,397.29.202,0.542994
group_II,A/Shanghai/1/2013 (H7),mRNA-1010,397.29.203,0.66941
group_II,A/Shanghai/1/2013 (H7),mRNA-1010,397.29.204,0.955172
group_II,A/Shanghai/1/2013 (H7),mRNA-1010,397.29.206,0.883605
group_II,A/Shanghai/1/2013 (H7),mRNA-1010,397.29.207,0.704206
group_II,A/Shanghai/1/2013 (H7),mRNA-1010,397.29.213,0.631436
group_II,A/Shanghai/1/2013 (H7),mRNA-1010,397.29.214,1.250896
group_II,A/Shanghai/1/2013 (H7),mRNA-1010,397.29.217,0.663158
group_II,A/Shanghai/1/2013 (H7),mRNA-1010,397.29.219,1
group_II,A/Shanghai/1/2013 (H7),mRNA-1010,397.29.221,0.588345
group_II,A/Shanghai/1/2013 (H7),mRNA-1010,397.29.223,0.596282
group_II,A/Shanghai/1/2013 (H7),mRNA-1010,397.29.224,0.679862
group_II,A/Shanghai/1/2013 (H7),mRNA-1010,397.29.226,0.726208
group_II,A/Shanghai/1/2013 (H7),mRNA-1010,397.29.231,0.725655
group_II,A/Shanghai/1/2013 (H7),mRNA-1010,397.29.232,0.765343
group_II,A/Shanghai/1/2013 (H7),mRNA-1010,397.29.234,21.75852
group_II,A/Shanghai/1/2013 (H7),mRNA-1010,397.29.240,0.534429
group_II,A/Shanghai/1/2013 (H7),mRNA-1010,397.29.241,0.576956
group_II,A/Shanghai/1/2013 (H7),mRNA-1010,397.29.245,0.628862
group_II,A/Shanghai/1/2013 (H7),mRNA-1010,397.29.246,0.758508
group_II,A/Shanghai/1/2013 (H7),mRNA-1010,397.29.249,0.762052
group_II,A/Shanghai/1/2013 (H7),mRNA-1010,397.29.262,1.119048
group_II,A/Shanghai/1/2013 (H7),mRNA-1010,397.29.279,0.770308
group_II,A/Shanghai/1/2013 (H7),mRNA-1010,397.29.280,0.890282
group_II,A/Shanghai/1/2013 (H7),mRNA-1010,397.29.287,1
group_II,A/Shanghai/1/2013 (H7),mRNA-1010,397.29.312,0.721044
group_II,A/Shanghai/1/2013 (H7),mRNA-1010,397.29.318,0.748711
group_II,A/Shanghai/1/2013 (H7),mRNA-1010,397.29.322,0.628986
group_II,A/Shanghai/1/2013 (H7),mRNA-1010,397.29.328,68.90067
group_II,A/Shanghai/1/2013 (H7),mRNA-1010,397.29.342,0.71964
group_II,A/Shanghai/1/2013 (H7),mRNA-1010,397.29.349,0.507067
group_II,A/Shanghai/1/2013 (H7),mRNA-1010,397.29.350,0.844806
group_II,A/Shanghai/1/2013 (H7),mRNA-1010,397.29.351,0.747396
group_II,A/Shanghai/1/2013 (H7),mRNA-1010,397.29.353,0.762918
group_II,A/Shanghai/1/2013 (H7),mRNA-1010,397.29.355,0.646064
group_II,A/Shanghai/1/2013 (H7),mRNA-1010,397.29.356,0.778833
group_II,A/Shanghai/1/2013 (H7),mRNA-1010,397.29.359,0.555556
group_II,A/Shanghai/1/2013 (H7),mRNA-1010,397.29.370,0.724194
group_II,A/Shanghai/1/2013 (H7),mRNA-1010,397.29.378,0.554688
group_II,A/Shanghai/1/2013 (H7),mRNA-1010,397.29.381,0.571965
group_II,A/Shanghai/1/2013 (H7),mRNA-1010,397.29.382,0.526473
group_II,A/Shanghai/1/2013 (H7),mRNA-1010,397.29.383,0.541328
group_II,A/Shanghai/1/2013 (H7),mRNA-1010,397.29.384,0.521495
group_II,A/Shanghai/1/2013 (H7),mRNA-1010,397.29.386,0.707401
group_II,A/Shanghai/1/2013 (H7),mRNA-1010,397.29.398,2.280488
group_II,A/Shanghai/1/2013 (H7),mRNA-1010,397.29.400,0.713203
group_II,A/Shanghai/1/2013 (H7),mRNA-1010,397.29.416,0.518778
group_II,A/Shanghai/1/2013 (H7),mRNA-1010,397.29.418,0.797508
group_II,A/Shanghai/1/2013 (H7),mRNA-1010,397.29.419,0.569715
group_II,A/Shanghai/1/2013 (H7),mRNA-1010,397.29.425,0.674014
group_II,A/Shanghai/1/2013 (H7),mRNA-1010,397.29.426,0.622603
group_II,A/Shanghai/1/2013 (H7),mRNA-1010,397.29.428,0.634727
group_II,A/Shanghai/1/2013 (H7),mRNA-1010,397.29.429,78.81537
group_II,A/Shanghai/1/2013 (H7),mRNA-1010,397.29.430,0.876582
group_II,A/Shanghai/1/2013 (H7),mRNA-1010,397.29.431,0.674216
group_II,A/Shanghai/1/2013 (H7),mRNA-1010,397.29.435,0.855688
group_II,A/Shanghai/1/2013 (H7),mRNA-1010,397.29.445,0.752475
group_II,A/Shanghai/1/2013 (H7),mRNA-1010,397.29.446,0.794979
group_II,A/Shanghai/1/2013 (H7),mRNA-1010,397.29.447,0.603399
group_II,A/Shanghai/1/2013 (H7),mRNA-1010,397.29.452,0.533563
group_II,A/Shanghai/1/2013 (H7),Fluarix,397.05.012,0.626033
group_II,A/Shanghai/1/2013 (H7),Fluarix,397.05.019,0.850947
group_II,A/Shanghai/1/2013 (H7),Fluarix,397.05.067,0.626839
group_II,A/Shanghai/1/2013 (H7),Fluarix,397.05.081,0.613302
group_II,A/Shanghai/1/2013 (H7),Fluarix,397.05.097,0.547332
group_II,A/Shanghai/1/2013 (H7),Fluarix,397.05.104,0.578019
group_II,A/Shanghai/1/2013 (H7),Fluarix,397.05.140,0.784772
group_II,A/Shanghai/1/2013 (H7),Fluarix,397.05.160,0.667595
group_II,A/Shanghai/1/2013 (H7),Fluarix,397.05.161,0.57764
group_II,A/Shanghai/1/2013 (H7),Fluarix,397.05.186,0.499079
group_II,A/Shanghai/1/2013 (H7),Fluarix,397.05.201,0.547703
group_II,A/Shanghai/1/2013 (H7),Fluarix,397.05.249,1.286737
group_II,A/Shanghai/1/2013 (H7),Fluarix,397.05.255,0.75
group_II,A/Shanghai/1/2013 (H7),Fluarix,397.05.256,0.799921
group_II,A/Shanghai/1/2013 (H7),Fluarix,397.05.287,0.616169
group_II,A/Shanghai/1/2013 (H7),Fluarix,397.05.288,1.166667
group_II,A/Shanghai/1/2013 (H7),Fluarix,397.05.290,0.619048
group_II,A/Shanghai/1/2013 (H7),Fluarix,397.05.325,1.293325
group_II,A/Shanghai/1/2013 (H7),Fluarix,397.05.331,0.597183
group_II,A/Shanghai/1/2013 (H7),Fluarix,397.05.334,0.602915
group_II,A/Shanghai/1/2013 (H7),Fluarix,397.05.347,0.56092
group_II,A/Shanghai/1/2013 (H7),Fluarix,397.05.366,0.582231
group_II,A/Shanghai/1/2013 (H7),Fluarix,397.05.368,2.148541
group_II,A/Shanghai/1/2013 (H7),Fluarix,397.05.388,0.471671
group_II,A/Shanghai/1/2013 (H7),Fluarix,397.05.405,0.519435
group_II,A/Shanghai/1/2013 (H7),Fluarix,397.09.331,0.513812
group_II,A/Shanghai/1/2013 (H7),Fluarix,397.09.477,0.64311
group_II,A/Shanghai/1/2013 (H7),Fluarix,397.22.067,1.156682
group_II,A/Shanghai/1/2013 (H7),Fluarix,397.22.111,0.549533
group_II,A/Shanghai/1/2013 (H7),Fluarix,397.22.336,0.513812
group_II,A/Shanghai/1/2013 (H7),Fluarix,397.22.392,0.57931
group_II,A/Shanghai/1/2013 (H7),Fluarix,397.22.403,1.737334
group_II,A/Shanghai/1/2013 (H7),Fluarix,397.22.406,0.757143
group_II,A/Shanghai/1/2013 (H7),Fluarix,397.22.425,0.521818
group_II,A/Hong Kong/1/1968,mRNA-1010,397.06.001,0.971731
group_II,A/Hong Kong/1/1968,mRNA-1010,397.06.003,61.8227
group_II,A/Hong Kong/1/1968,mRNA-1010,397.06.004,63.0258
group_II,A/Hong Kong/1/1968,mRNA-1010,397.06.006,0.985663
group_II,A/Hong Kong/1/1968,mRNA-1010,397.06.007,81.31359
group_II,A/Hong Kong/1/1968,mRNA-1010,397.06.013,1.287986
group_II,A/Hong Kong/1/1968,mRNA-1010,397.06.014,1.093379
group_II,A/Hong Kong/1/1968,mRNA-1010,397.06.015,30.23086
group_II,A/Hong Kong/1/1968,mRNA-1010,397.06.016,1.771654
group_II,A/Hong Kong/1/1968,mRNA-1010,397.06.021,37.59277
group_II,A/Hong Kong/1/1968,mRNA-1010,397.06.066,2.086317
group_II,A/Hong Kong/1/1968,mRNA-1010,397.06.068,1.479492
group_II,A/Hong Kong/1/1968,mRNA-1010,397.06.069,2.22593
group_II,A/Hong Kong/1/1968,mRNA-1010,397.06.079,92.53388
group_II,A/Hong Kong/1/1968,mRNA-1010,397.06.085,94.76663
group_II,A/Hong Kong/1/1968,mRNA-1010,397.06.086,111.3906
group_II,A/Hong Kong/1/1968,mRNA-1010,397.06.090,2.11467
group_II,A/Hong Kong/1/1968,mRNA-1010,397.06.112,41.28689
group_II,A/Hong Kong/1/1968,mRNA-1010,397.06.122,9.178523
group_II,A/Hong Kong/1/1968,mRNA-1010,397.06.126,22.28121
group_II,A/Hong Kong/1/1968,mRNA-1010,397.06.127,30.56376
group_II,A/Hong Kong/1/1968,mRNA-1010,397.06.128,17.99078
group_II,A/Hong Kong/1/1968,mRNA-1010,397.06.130,0.359678
group_II,A/Hong Kong/1/1968,mRNA-1010,397.06.134,52.73816
group_II,A/Hong Kong/1/1968,mRNA-1010,397.06.138,1.27666
group_II,A/Hong Kong/1/1968,mRNA-1010,397.06.139,36.42753
group_II,A/Hong Kong/1/1968,mRNA-1010,397.06.144,0.355124
group_II,A/Hong Kong/1/1968,mRNA-1010,397.06.145,0.881154
group_II,A/Hong Kong/1/1968,mRNA-1010,397.06.147,44.1977
group_II,A/Hong Kong/1/1968,mRNA-1010,397.06.153,107.7446
group_II,A/Hong Kong/1/1968,mRNA-1010,397.06.160,61.4462
group_II,A/Hong Kong/1/1968,mRNA-1010,397.06.161,3.536935
group_II,A/Hong Kong/1/1968,mRNA-1010,397.06.165,49.35172
group_II,A/Hong Kong/1/1968,mRNA-1010,397.06.166,45.26092
group_II,A/Hong Kong/1/1968,mRNA-1010,397.06.167,48.1069
group_II,A/Hong Kong/1/1968,mRNA-1010,397.06.168,50.23872
group_II,A/Hong Kong/1/1968,mRNA-1010,397.06.169,57.87365
group_II,A/Hong Kong/1/1968,mRNA-1010,397.06.171,0.031479
group_II,A/Hong Kong/1/1968,mRNA-1010,397.06.175,24.70517
group_II,A/Hong Kong/1/1968,mRNA-1010,397.06.176,53.85177
group_II,A/Hong Kong/1/1968,mRNA-1010,397.06.177,3.237803
group_II,A/Hong Kong/1/1968,mRNA-1010,397.06.181,102.4161
group_II,A/Hong Kong/1/1968,mRNA-1010,397.06.182,4.788945
group_II,A/Hong Kong/1/1968,mRNA-1010,397.06.183,35.56579
group_II,A/Hong Kong/1/1968,mRNA-1010,397.06.184,35.73898
group_II,A/Hong Kong/1/1968,mRNA-1010,397.06.186,1.279901
group_II,A/Hong Kong/1/1968,mRNA-1010,397.06.195,127.7313
group_II,A/Hong Kong/1/1968,mRNA-1010,397.06.196,146.819
group_II,A/Hong Kong/1/1968,mRNA-1010,397.06.198,138.886
group_II,A/Hong Kong/1/1968,mRNA-1010,397.06.200,113.3063
group_II,A/Hong Kong/1/1968,mRNA-1010,397.06.203,10.09299
group_II,A/Hong Kong/1/1968,mRNA-1010,397.06.208,36.77632
group_II,A/Hong Kong/1/1968,mRNA-1010,397.06.209,24.27769
group_II,A/Hong Kong/1/1968,mRNA-1010,397.06.226,12.39785
group_II,A/Hong Kong/1/1968,mRNA-1010,397.06.231,2.187653
group_II,A/Hong Kong/1/1968,mRNA-1010,397.06.260,82.8577
group_II,A/Hong Kong/1/1968,mRNA-1010,397.06.279,1.824534
group_II,A/Hong Kong/1/1968,mRNA-1010,397.06.281,1.771615
group_II,A/Hong Kong/1/1968,mRNA-1010,397.06.296,2.099445
group_II,A/Hong Kong/1/1968,mRNA-1010,397.06.321,2.479263
group_II,A/Hong Kong/1/1968,mRNA-1010,397.06.322,2.173567
group_II,A/Hong Kong/1/1968,mRNA-1010,397.06.325,48.6443
group_II,A/Hong Kong/1/1968,mRNA-1010,397.06.326,120.9979
group_II,A/Hong Kong/1/1968,mRNA-1010,397.06.327,111.1022
group_II,A/Hong Kong/1/1968,mRNA-1010,397.06.330,35.63225
group_II,A/Hong Kong/1/1968,mRNA-1010,397.06.332,0.499079
group_II,A/Hong Kong/1/1968,mRNA-1010,397.06.350,5.779152
group_II,A/Hong Kong/1/1968,mRNA-1010,397.06.357,3.526917
group_II,A/Hong Kong/1/1968,mRNA-1010,397.06.361,1.659781
group_II,A/Hong Kong/1/1968,mRNA-1010,397.06.367,0.931565
group_II,A/Hong Kong/1/1968,mRNA-1010,397.06.369,7.298796
group_II,A/Hong Kong/1/1968,mRNA-1010,397.06.371,31.36667
group_II,A/Hong Kong/1/1968,mRNA-1010,397.06.380,123.1048
group_II,A/Hong Kong/1/1968,mRNA-1010,397.06.381,1.130837
group_II,A/Hong Kong/1/1968,mRNA-1010,397.06.382,4.784108
group_II,A/Hong Kong/1/1968,mRNA-1010,397.06.383,3.175307
group_II,A/Hong Kong/1/1968,mRNA-1010,397.06.384,65.18676
group_II,A/Hong Kong/1/1968,mRNA-1010,397.06.385,131.5279
group_II,A/Hong Kong/1/1968,mRNA-1010,397.06.388,2.129134
group_II,A/Hong Kong/1/1968,mRNA-1010,397.06.389,73.9651
group_II,A/Hong Kong/1/1968,mRNA-1010,397.06.404,98.2076
group_II,A/Hong Kong/1/1968,mRNA-1010,397.06.408,120.4397
group_II,A/Hong Kong/1/1968,mRNA-1010,397.06.410,1
group_II,A/Hong Kong/1/1968,mRNA-1010,397.06.413,1.98706
group_II,A/Hong Kong/1/1968,mRNA-1010,397.06.426,0.471326
group_II,A/Hong Kong/1/1968,mRNA-1010,397.06.428,1.628401
group_II,A/Hong Kong/1/1968,mRNA-1010,397.06.430,1.867534
group_II,A/Hong Kong/1/1968,mRNA-1010,397.06.434,0.499055
group_II,A/Hong Kong/1/1968,mRNA-1010,397.06.437,4.03157
group_II,A/Hong Kong/1/1968,mRNA-1010,397.17.016,60.61593
group_II,A/Hong Kong/1/1968,mRNA-1010,397.17.017,2.342366
group_II,A/Hong Kong/1/1968,mRNA-1010,397.17.026,1.599078
group_II,A/Hong Kong/1/1968,mRNA-1010,397.17.042,2.140383
group_II,A/Hong Kong/1/1968,mRNA-1010,397.17.043,1.986907
group_II,A/Hong Kong/1/1968,mRNA-1010,397.17.047,1.964977
group_II,A/Hong Kong/1/1968,mRNA-1010,397.17.048,1.202051
group_II,A/Hong Kong/1/1968,mRNA-1010,397.17.051,31.05952
group_II,A/Hong Kong/1/1968,mRNA-1010,397.17.053,0.283972
group_II,A/Hong Kong/1/1968,mRNA-1010,397.17.068,2.423723
group_II,A/Hong Kong/1/1968,mRNA-1010,397.17.072,2.287337
group_II,A/Hong Kong/1/1968,mRNA-1010,397.17.073,1.565041
group_II,A/Hong Kong/1/1968,mRNA-1010,397.17.074,0.973554
group_II,A/Hong Kong/1/1968,mRNA-1010,397.17.078,1.817321
group_II,A/Hong Kong/1/1968,mRNA-1010,397.17.079,1.516711
group_II,A/Hong Kong/1/1968,mRNA-1010,397.17.080,2.269277
group_II,A/Hong Kong/1/1968,mRNA-1010,397.17.081,2.233432
group_II,A/Hong Kong/1/1968,mRNA-1010,397.17.082,2.234742
group_II,A/Hong Kong/1/1968,mRNA-1010,397.17.083,1.04917
group_II,A/Hong Kong/1/1968,mRNA-1010,397.17.084,1.560807
group_II,A/Hong Kong/1/1968,mRNA-1010,397.17.086,1.721546
group_II,A/Hong Kong/1/1968,mRNA-1010,397.17.088,2.091368
group_II,A/Hong Kong/1/1968,mRNA-1010,397.17.099,0.577035
group_II,A/Hong Kong/1/1968,mRNA-1010,397.17.101,0.867572
group_II,A/Hong Kong/1/1968,mRNA-1010,397.17.102,121.4681
group_II,A/Hong Kong/1/1968,mRNA-1010,397.17.103,123.157
group_II,A/Hong Kong/1/1968,mRNA-1010,397.17.109,2.33508
group_II,A/Hong Kong/1/1968,mRNA-1010,397.17.112,2.009991
group_II,A/Hong Kong/1/1968,mRNA-1010,397.17.113,1.736537
group_II,A/Hong Kong/1/1968,mRNA-1010,397.17.118,98.60638
group_II,A/Hong Kong/1/1968,mRNA-1010,397.17.122,19.47429
group_II,A/Hong Kong/1/1968,mRNA-1010,397.17.124,1.355752
group_II,A/Hong Kong/1/1968,mRNA-1010,397.17.125,2.235294
group_II,A/Hong Kong/1/1968,mRNA-1010,397.17.128,1.048008
group_II,A/Hong Kong/1/1968,mRNA-1010,397.17.129,1.389461
group_II,A/Hong Kong/1/1968,mRNA-1010,397.17.130,0.969697
group_II,A/Hong Kong/1/1968,mRNA-1010,397.17.148,0.403226
group_II,A/Hong Kong/1/1968,mRNA-1010,397.17.154,21.2328
group_II,A/Hong Kong/1/1968,mRNA-1010,397.17.159,40.95876
group_II,A/Hong Kong/1/1968,mRNA-1010,397.17.160,15.67337
group_II,A/Hong Kong/1/1968,mRNA-1010,397.17.161,17.0589
group_II,A/Hong Kong/1/1968,mRNA-1010,397.17.162,113.9239
group_II,A/Hong Kong/1/1968,mRNA-1010,397.17.165,1.980781
group_II,A/Hong Kong/1/1968,mRNA-1010,397.17.166,9.74094
group_II,A/Hong Kong/1/1968,mRNA-1010,397.17.167,0.394545
group_II,A/Hong Kong/1/1968,mRNA-1010,397.17.169,0.350289
group_II,A/Hong Kong/1/1968,mRNA-1010,397.17.170,0.793286
group_II,A/Hong Kong/1/1968,mRNA-1010,397.17.171,2.012386
group_II,A/Hong Kong/1/1968,mRNA-1010,397.17.174,3.044715
group_II,A/Hong Kong/1/1968,mRNA-1010,397.17.176,2.149616
group_II,A/Hong Kong/1/1968,mRNA-1010,397.17.177,0.386355
group_II,A/Hong Kong/1/1968,mRNA-1010,397.17.178,2.241764
group_II,A/Hong Kong/1/1968,mRNA-1010,397.17.179,2.140249
group_II,A/Hong Kong/1/1968,mRNA-1010,397.17.182,100.5201
group_II,A/Hong Kong/1/1968,mRNA-1010,397.17.183,0.27773
group_II,A/Hong Kong/1/1968,mRNA-1010,397.17.185,8.838017
group_II,A/Hong Kong/1/1968,mRNA-1010,397.17.189,0.843394
group_II,A/Hong Kong/1/1968,mRNA-1010,397.17.191,4.186306
group_II,A/Hong Kong/1/1968,mRNA-1010,397.17.193,0.88845
group_II,A/Hong Kong/1/1968,mRNA-1010,397.17.194,1.054897
group_II,A/Hong Kong/1/1968,mRNA-1010,397.17.195,45.62455
group_II,A/Hong Kong/1/1968,mRNA-1010,397.17.196,34.78692
group_II,A/Hong Kong/1/1968,mRNA-1010,397.17.197,37.76184
group_II,A/Hong Kong/1/1968,mRNA-1010,397.17.198,53.93428
group_II,A/Hong Kong/1/1968,mRNA-1010,397.17.199,50.72418
group_II,A/Hong Kong/1/1968,mRNA-1010,397.17.201,47.74609
group_II,A/Hong Kong/1/1968,mRNA-1010,397.17.203,105.2461
group_II,A/Hong Kong/1/1968,mRNA-1010,397.17.207,48.60168
group_II,A/Hong Kong/1/1968,mRNA-1010,397.17.208,4.899628
group_II,A/Hong Kong/1/1968,mRNA-1010,397.17.210,42.75526
group_II,A/Hong Kong/1/1968,mRNA-1010,397.17.213,23.58255
group_II,A/Hong Kong/1/1968,mRNA-1010,397.17.215,8.191851
group_II,A/Hong Kong/1/1968,mRNA-1010,397.17.222,6.172414
group_II,A/Hong Kong/1/1968,mRNA-1010,397.17.223,1.267361
group_II,A/Hong Kong/1/1968,mRNA-1010,397.17.224,0.275802
group_II,A/Hong Kong/1/1968,mRNA-1010,397.17.225,2.178778
group_II,A/Hong Kong/1/1968,mRNA-1010,397.17.226,1.208219
group_II,A/Hong Kong/1/1968,mRNA-1010,397.17.227,1.070909
group_II,A/Hong Kong/1/1968,mRNA-1010,397.17.228,2.031997
group_II,A/Hong Kong/1/1968,mRNA-1010,397.17.231,2.08074
group_II,A/Hong Kong/1/1968,mRNA-1010,397.17.241,2.068977
group_II,A/Hong Kong/1/1968,mRNA-1010,397.17.246,127.794
group_II,A/Hong Kong/1/1968,mRNA-1010,397.17.247,4.149406
group_II,A/Hong Kong/1/1968,mRNA-1010,397.17.250,2.201425
group_II,A/Hong Kong/1/1968,mRNA-1010,397.17.252,16.99674
group_II,A/Hong Kong/1/1968,mRNA-1010,397.17.261,-0.05556
group_II,A/Hong Kong/1/1968,mRNA-1010,397.17.263,0.208396
group_II,A/Hong Kong/1/1968,mRNA-1010,397.17.264,2.396337
group_II,A/Hong Kong/1/1968,mRNA-1010,397.17.281,22.3711
group_II,A/Hong Kong/1/1968,mRNA-1010,397.17.296,2.558588
group_II,A/Hong Kong/1/1968,mRNA-1010,397.17.298,0.726148
group_II,A/Hong Kong/1/1968,mRNA-1010,397.17.302,0.945993
group_II,A/Hong Kong/1/1968,mRNA-1010,397.17.303,0.313076
group_II,A/Hong Kong/1/1968,mRNA-1010,397.17.309,0.693678
group_II,A/Hong Kong/1/1968,mRNA-1010,397.17.310,1.338358
group_II,A/Hong Kong/1/1968,mRNA-1010,397.17.311,0.242975
group_II,A/Hong Kong/1/1968,mRNA-1010,397.17.315,35.77778
group_II,A/Hong Kong/1/1968,mRNA-1010,397.17.322,18.86237
group_II,A/Hong Kong/1/1968,mRNA-1010,397.17.330,1.886849
group_II,A/Hong Kong/1/1968,mRNA-1010,397.17.337,28.89802
group_II,A/Hong Kong/1/1968,mRNA-1010,397.17.338,0.923077
group_II,A/Hong Kong/1/1968,mRNA-1010,397.17.344,3.160069
group_II,A/Hong Kong/1/1968,mRNA-1010,397.17.347,13.93964
group_II,A/Hong Kong/1/1968,mRNA-1010,397.17.348,1.523631
group_II,A/Hong Kong/1/1968,mRNA-1010,397.17.359,1.358451
group_II,A/Hong Kong/1/1968,mRNA-1010,397.17.360,0.725446
group_II,A/Hong Kong/1/1968,mRNA-1010,397.17.362,1.58109
group_II,A/Hong Kong/1/1968,mRNA-1010,397.17.364,0.970904
group_II,A/Hong Kong/1/1968,mRNA-1010,397.17.365,19.02673
group_II,A/Hong Kong/1/1968,mRNA-1010,397.17.371,0.436364
group_II,A/Hong Kong/1/1968,mRNA-1010,397.17.377,15.69192
group_II,A/Hong Kong/1/1968,mRNA-1010,397.17.378,11.01322
group_II,A/Hong Kong/1/1968,mRNA-1010,397.17.379,0.723058
group_II,A/Hong Kong/1/1968,mRNA-1010,397.28.006,48.30359
group_II,A/Hong Kong/1/1968,mRNA-1010,397.28.013,91
group_II,A/Hong Kong/1/1968,mRNA-1010,397.28.038,0.248248
group_II,A/Hong Kong/1/1968,mRNA-1010,397.28.040,42.40768
group_II,A/Hong Kong/1/1968,mRNA-1010,397.28.056,0.764915
group_II,A/Hong Kong/1/1968,mRNA-1010,397.28.060,1.215899
group_II,A/Hong Kong/1/1968,mRNA-1010,397.28.077,39.35892
group_II,A/Hong Kong/1/1968,mRNA-1010,397.28.081,0.862485
group_II,A/Hong Kong/1/1968,mRNA-1010,397.28.082,25.53093
group_II,A/Hong Kong/1/1968,mRNA-1010,397.28.084,32.47135
group_II,A/Hong Kong/1/1968,mRNA-1010,397.28.095,-0.08692
group_II,A/Hong Kong/1/1968,mRNA-1010,397.28.098,0.352623
group_II,A/Hong Kong/1/1968,mRNA-1010,397.28.104,32.40931
group_II,A/Hong Kong/1/1968,mRNA-1010,397.28.105,40.7751
group_II,A/Hong Kong/1/1968,mRNA-1010,397.28.106,42.11944
group_II,A/Hong Kong/1/1968,mRNA-1010,397.28.107,34.28516
group_II,A/Hong Kong/1/1968,mRNA-1010,397.28.108,40.36431
group_II,A/Hong Kong/1/1968,mRNA-1010,397.28.109,34.66903
group_II,A/Hong Kong/1/1968,mRNA-1010,397.28.112,47.00297
group_II,A/Hong Kong/1/1968,mRNA-1010,397.28.113,47.46915
group_II,A/Hong Kong/1/1968,mRNA-1010,397.28.114,42.93867
group_II,A/Hong Kong/1/1968,mRNA-1010,397.28.115,45.9918
group_II,A/Hong Kong/1/1968,mRNA-1010,397.28.122,112.2968
group_II,A/Hong Kong/1/1968,mRNA-1010,397.28.124,41.86903
group_II,A/Hong Kong/1/1968,mRNA-1010,397.28.132,2.065904
group_II,A/Hong Kong/1/1968,mRNA-1010,397.28.133,0.161847
group_II,A/Hong Kong/1/1968,mRNA-1010,397.28.146,2.491961
group_II,A/Hong Kong/1/1968,mRNA-1010,397.28.153,1.641889
group_II,A/Hong Kong/1/1968,mRNA-1010,397.28.155,1.939579
group_II,A/Hong Kong/1/1968,mRNA-1010,397.28.156,98.0989
group_II,A/Hong Kong/1/1968,mRNA-1010,397.28.169,97.46147
group_II,A/Hong Kong/1/1968,mRNA-1010,397.29.001,0.417353
group_II,A/Hong Kong/1/1968,mRNA-1010,397.29.011,0.067391
group_II,A/Hong Kong/1/1968,mRNA-1010,397.29.012,38.23653
group_II,A/Hong Kong/1/1968,mRNA-1010,397.29.023,0.049363
group_II,A/Hong Kong/1/1968,mRNA-1010,397.29.024,0.217496
group_II,A/Hong Kong/1/1968,mRNA-1010,397.29.028,1.654914
group_II,A/Hong Kong/1/1968,mRNA-1010,397.29.036,44.90935
group_II,A/Hong Kong/1/1968,mRNA-1010,397.29.041,45.59509
group_II,A/Hong Kong/1/1968,mRNA-1010,397.29.044,-0.02529
group_II,A/Hong Kong/1/1968,mRNA-1010,397.29.045,16.03338
group_II,A/Hong Kong/1/1968,mRNA-1010,397.29.047,-0.03886
group_II,A/Hong Kong/1/1968,mRNA-1010,397.29.057,3.673736
group_II,A/Hong Kong/1/1968,mRNA-1010,397.29.062,0.569892
group_II,A/Hong Kong/1/1968,mRNA-1010,397.29.064,2.249576
group_II,A/Hong Kong/1/1968,mRNA-1010,397.29.069,0.333333
group_II,A/Hong Kong/1/1968,mRNA-1010,397.29.072,-0.14467
group_II,A/Hong Kong/1/1968,mRNA-1010,397.29.080,0.253012
group_II,A/Hong Kong/1/1968,mRNA-1010,397.29.082,0.588339
group_II,A/Hong Kong/1/1968,mRNA-1010,397.29.083,-0.15491
group_II,A/Hong Kong/1/1968,mRNA-1010,397.29.084,-0.01407
group_II,A/Hong Kong/1/1968,mRNA-1010,397.29.088,0.198895
group_II,A/Hong Kong/1/1968,mRNA-1010,397.29.089,0.013675
group_II,A/Hong Kong/1/1968,mRNA-1010,397.29.090,0.245583
group_II,A/Hong Kong/1/1968,mRNA-1010,397.29.100,31.14702
group_II,A/Hong Kong/1/1968,mRNA-1010,397.29.109,0.181635
group_II,A/Hong Kong/1/1968,mRNA-1010,397.29.111,33.96845
group_II,A/Hong Kong/1/1968,mRNA-1010,397.29.114,0.245394
group_II,A/Hong Kong/1/1968,mRNA-1010,397.29.119,2.006469
group_II,A/Hong Kong/1/1968,mRNA-1010,397.29.120,1.34235
group_II,A/Hong Kong/1/1968,mRNA-1010,397.29.123,1.747387
group_II,A/Hong Kong/1/1968,mRNA-1010,397.29.125,37.23668
group_II,A/Hong Kong/1/1968,mRNA-1010,397.29.127,45.06443
group_II,A/Hong Kong/1/1968,mRNA-1010,397.29.129,2.174833
group_II,A/Hong Kong/1/1968,mRNA-1010,397.29.136,40.68347
group_II,A/Hong Kong/1/1968,mRNA-1010,397.29.142,47.10037
group_II,A/Hong Kong/1/1968,mRNA-1010,397.29.143,1.757725
group_II,A/Hong Kong/1/1968,mRNA-1010,397.29.149,8.639866
group_II,A/Hong Kong/1/1968,mRNA-1010,397.29.152,0.10205
group_II,A/Hong Kong/1/1968,mRNA-1010,397.29.155,0.598527
group_II,A/Hong Kong/1/1968,mRNA-1010,397.29.156,1
group_II,A/Hong Kong/1/1968,mRNA-1010,397.29.157,1.442068
group_II,A/Hong Kong/1/1968,mRNA-1010,397.29.159,41.21184
group_II,A/Hong Kong/1/1968,mRNA-1010,397.29.164,43.50872
group_II,A/Hong Kong/1/1968,mRNA-1010,397.29.166,0.951705
group_II,A/Hong Kong/1/1968,mRNA-1010,397.29.167,0.298297
group_II,A/Hong Kong/1/1968,mRNA-1010,397.29.168,38.32908
group_II,A/Hong Kong/1/1968,mRNA-1010,397.29.169,42.91262
group_II,A/Hong Kong/1/1968,mRNA-1010,397.29.175,39.14008
group_II,A/Hong Kong/1/1968,mRNA-1010,397.29.176,39.90153
group_II,A/Hong Kong/1/1968,mRNA-1010,397.29.190,0.252374
group_II,A/Hong Kong/1/1968,mRNA-1010,397.29.192,11.60048
group_II,A/Hong Kong/1/1968,mRNA-1010,397.29.193,0.149839
group_II,A/Hong Kong/1/1968,mRNA-1010,397.29.194,0.160955
group_II,A/Hong Kong/1/1968,mRNA-1010,397.29.199,141.0154
group_II,A/Hong Kong/1/1968,mRNA-1010,397.29.200,2.96
group_II,A/Hong Kong/1/1968,mRNA-1010,397.29.201,7.5478
group_II,A/Hong Kong/1/1968,mRNA-1010,397.29.202,3.625796
group_II,A/Hong Kong/1/1968,mRNA-1010,397.29.203,30.38272
group_II,A/Hong Kong/1/1968,mRNA-1010,397.29.204,140.2425
group_II,A/Hong Kong/1/1968,mRNA-1010,397.29.206,118.4693
group_II,A/Hong Kong/1/1968,mRNA-1010,397.29.207,141.5387
group_II,A/Hong Kong/1/1968,mRNA-1010,397.29.213,1.70664
group_II,A/Hong Kong/1/1968,mRNA-1010,397.29.214,0.415771
group_II,A/Hong Kong/1/1968,mRNA-1010,397.29.217,37.58158
group_II,A/Hong Kong/1/1968,mRNA-1010,397.29.219,0.418118
group_II,A/Hong Kong/1/1968,mRNA-1010,397.29.221,1.229371
group_II,A/Hong Kong/1/1968,mRNA-1010,397.29.223,0.339973
group_II,A/Hong Kong/1/1968,mRNA-1010,397.29.224,1.79346
group_II,A/Hong Kong/1/1968,mRNA-1010,397.29.226,11.79356
group_II,A/Hong Kong/1/1968,mRNA-1010,397.29.231,1.337123
group_II,A/Hong Kong/1/1968,mRNA-1010,397.29.232,0.233454
group_II,A/Hong Kong/1/1968,mRNA-1010,397.29.234,21.85185
group_II,A/Hong Kong/1/1968,mRNA-1010,397.29.240,1.374022
group_II,A/Hong Kong/1/1968,mRNA-1010,397.29.241,1.256378
group_II,A/Hong Kong/1/1968,mRNA-1010,397.29.245,1.492683
group_II,A/Hong Kong/1/1968,mRNA-1010,397.29.246,1.608858
group_II,A/Hong Kong/1/1968,mRNA-1010,397.29.249,1.103052
group_II,A/Hong Kong/1/1968,mRNA-1010,397.29.262,0.088476
group_II,A/Hong Kong/1/1968,mRNA-1010,397.29.279,16.64006
group_II,A/Hong Kong/1/1968,mRNA-1010,397.29.280,2.272727
group_II,A/Hong Kong/1/1968,mRNA-1010,397.29.287,45.34155
group_II,A/Hong Kong/1/1968,mRNA-1010,397.29.312,0.100979
group_II,A/Hong Kong/1/1968,mRNA-1010,397.29.318,30.17139
group_II,A/Hong Kong/1/1968,mRNA-1010,397.29.322,26.55362
group_II,A/Hong Kong/1/1968,mRNA-1010,397.29.328,73.18926
group_II,A/Hong Kong/1/1968,mRNA-1010,397.29.342,27.16642
group_II,A/Hong Kong/1/1968,mRNA-1010,397.29.349,0.492933
group_II,A/Hong Kong/1/1968,mRNA-1010,397.29.350,17.07635
group_II,A/Hong Kong/1/1968,mRNA-1010,397.29.351,31.94271
group_II,A/Hong Kong/1/1968,mRNA-1010,397.29.353,1.095238
group_II,A/Hong Kong/1/1968,mRNA-1010,397.29.355,1.65346
group_II,A/Hong Kong/1/1968,mRNA-1010,397.29.356,38.4749
group_II,A/Hong Kong/1/1968,mRNA-1010,397.29.359,0.055556
group_II,A/Hong Kong/1/1968,mRNA-1010,397.29.370,1.08871
group_II,A/Hong Kong/1/1968,mRNA-1010,397.29.378,24.77604
group_II,A/Hong Kong/1/1968,mRNA-1010,397.29.381,0.048436
group_II,A/Hong Kong/1/1968,mRNA-1010,397.29.382,0.138702
group_II,A/Hong Kong/1/1968,mRNA-1010,397.29.383,0.136179
group_II,A/Hong Kong/1/1968,mRNA-1010,397.29.384,-0.14467
group_II,A/Hong Kong/1/1968,mRNA-1010,397.29.386,0.679862
group_II,A/Hong Kong/1/1968,mRNA-1010,397.29.398,1.108014
group_II,A/Hong Kong/1/1968,mRNA-1010,397.29.400,37.31494
group_II,A/Hong Kong/1/1968,mRNA-1010,397.29.416,0.138129
group_II,A/Hong Kong/1/1968,mRNA-1010,397.29.418,38.97715
group_II,A/Hong Kong/1/1968,mRNA-1010,397.29.419,15.96852
group_II,A/Hong Kong/1/1968,mRNA-1010,397.29.425,0.179814
group_II,A/Hong Kong/1/1968,mRNA-1010,397.29.426,0.180137
group_II,A/Hong Kong/1/1968,mRNA-1010,397.29.428,0.194212
group_II,A/Hong Kong/1/1968,mRNA-1010,397.29.429,59.74969
group_II,A/Hong Kong/1/1968,mRNA-1010,397.29.430,56.61603
group_II,A/Hong Kong/1/1968,mRNA-1010,397.29.431,0.512195
group_II,A/Hong Kong/1/1968,mRNA-1010,397.29.435,0.881154
group_II,A/Hong Kong/1/1968,mRNA-1010,397.29.445,39.98812
group_II,A/Hong Kong/1/1968,mRNA-1010,397.29.446,43.00523
group_II,A/Hong Kong/1/1968,mRNA-1010,397.29.447,11.16572
group_II,A/Hong Kong/1/1968,mRNA-1010,397.29.452,-0.08003
group_II,A/Hong Kong/1/1968,Fluarix,397.05.012,0.154959
group_II,A/Hong Kong/1/1968,Fluarix,397.05.019,0.309073
group_II,A/Hong Kong/1/1968,Fluarix,397.05.067,0.218952
group_II,A/Hong Kong/1/1968,Fluarix,397.05.081,0.200706
group_II,A/Hong Kong/1/1968,Fluarix,397.05.097,1.134251
group_II,A/Hong Kong/1/1968,Fluarix,397.05.104,71.68521
group_II,A/Hong Kong/1/1968,Fluarix,397.05.140,0.278511
group_II,A/Hong Kong/1/1968,Fluarix,397.05.160,19.53452
group_II,A/Hong Kong/1/1968,Fluarix,397.05.161,-0.04814
group_II,A/Hong Kong/1/1968,Fluarix,397.05.186,-0.09982
group_II,A/Hong Kong/1/1968,Fluarix,397.05.201,0.342756
group_II,A/Hong Kong/1/1968,Fluarix,397.05.249,2.461191
group_II,A/Hong Kong/1/1968,Fluarix,397.05.255,24.39121
group_II,A/Hong Kong/1/1968,Fluarix,397.05.256,17.71378
group_II,A/Hong Kong/1/1968,Fluarix,397.05.287,0.219956
group_II,A/Hong Kong/1/1968,Fluarix,397.05.288,2.313978
group_II,A/Hong Kong/1/1968,Fluarix,397.05.290,1.42577
group_II,A/Hong Kong/1/1968,Fluarix,397.05.325,1.336258
group_II,A/Hong Kong/1/1968,Fluarix,397.05.331,0.130516
group_II,A/Hong Kong/1/1968,Fluarix,397.05.334,0.689796
group_II,A/Hong Kong/1/1968,Fluarix,397.05.347,0.071149
group_II,A/Hong Kong/1/1968,Fluarix,397.05.366,1.228733
group_II,A/Hong Kong/1/1968,Fluarix,397.05.368,1.88435
group_II,A/Hong Kong/1/1968,Fluarix,397.05.388,-0.02195
group_II,A/Hong Kong/1/1968,Fluarix,397.05.405,-0.13675
group_II,A/Hong Kong/1/1968,Fluarix,397.09.331,-0.12836
group_II,A/Hong Kong/1/1968,Fluarix,397.09.477,0.123145
group_II,A/Hong Kong/1/1968,Fluarix,397.22.067,0.737327
group_II,A/Hong Kong/1/1968,Fluarix,397.22.111,-0.08692
group_II,A/Hong Kong/1/1968,Fluarix,397.22.336,-0.114
group_II,A/Hong Kong/1/1968,Fluarix,397.22.392,0.097931
group_II,A/Hong Kong/1/1968,Fluarix,397.22.403,1.013571
group_II,A/Hong Kong/1/1968,Fluarix,397.22.406,0.293088
group_II,A/Hong Kong/1/1968,Fluarix,397.22.425,-0.12673
group_II,A/Fujian/411/2002,mRNA-1010,397.06.001,7.326855
group_II,A/Fujian/411/2002,mRNA-1010,397.06.003,82.66327
group_II,A/Fujian/411/2002,mRNA-1010,397.06.004,93.47041
group_II,A/Fujian/411/2002,mRNA-1010,397.06.006,8.25448
group_II,A/Fujian/411/2002,mRNA-1010,397.06.007,112.0368
group_II,A/Fujian/411/2002,mRNA-1010,397.06.013,8.321555
group_II,A/Fujian/411/2002,mRNA-1010,397.06.014,8.101868
group_II,A/Fujian/411/2002,mRNA-1010,397.06.015,88.42284
group_II,A/Fujian/411/2002,mRNA-1010,397.06.016,18.44882
group_II,A/Fujian/411/2002,mRNA-1010,397.06.021,45.78302
group_II,A/Fujian/411/2002,mRNA-1010,397.06.066,19.90829
group_II,A/Fujian/411/2002,mRNA-1010,397.06.068,19.38302
group_II,A/Fujian/411/2002,mRNA-1010,397.06.069,20.43053
group_II,A/Fujian/411/2002,mRNA-1010,397.06.079,41.02645
group_II,A/Fujian/411/2002,mRNA-1010,397.06.085,103.2246
group_II,A/Fujian/411/2002,mRNA-1010,397.06.086,125.3775
group_II,A/Fujian/411/2002,mRNA-1010,397.06.090,18.60771
group_II,A/Fujian/411/2002,mRNA-1010,397.06.112,109.3173
group_II,A/Fujian/411/2002,mRNA-1010,397.06.122,50.50872
group_II,A/Fujian/411/2002,mRNA-1010,397.06.126,58.59671
group_II,A/Fujian/411/2002,mRNA-1010,397.06.127,73.38255
group_II,A/Fujian/411/2002,mRNA-1010,397.06.128,15.43932
group_II,A/Fujian/411/2002,mRNA-1010,397.06.130,0.754851
group_II,A/Fujian/411/2002,mRNA-1010,397.06.134,132.7487
group_II,A/Fujian/411/2002,mRNA-1010,397.06.138,17.12206
group_II,A/Fujian/411/2002,mRNA-1010,397.06.139,53.86384
group_II,A/Fujian/411/2002,mRNA-1010,397.06.144,4.40636
group_II,A/Fujian/411/2002,mRNA-1010,397.06.145,8.73854
group_II,A/Fujian/411/2002,mRNA-1010,397.06.147,107.25
group_II,A/Fujian/411/2002,mRNA-1010,397.06.153,134.9283
group_II,A/Fujian/411/2002,mRNA-1010,397.06.160,116.6751
group_II,A/Fujian/411/2002,mRNA-1010,397.06.161,22.77543
group_II,A/Fujian/411/2002,mRNA-1010,397.06.165,108.2011
group_II,A/Fujian/411/2002,mRNA-1010,397.06.166,100.9908
group_II,A/Fujian/411/2002,mRNA-1010,397.06.167,114.0483
group_II,A/Fujian/411/2002,mRNA-1010,397.06.168,115.077
group_II,A/Fujian/411/2002,mRNA-1010,397.06.169,121.7449
group_II,A/Fujian/411/2002,mRNA-1010,397.06.171,0.599729
group_II,A/Fujian/411/2002,mRNA-1010,397.06.175,86.38944
group_II,A/Fujian/411/2002,mRNA-1010,397.06.176,111.5792
group_II,A/Fujian/411/2002,mRNA-1010,397.06.177,24.50058
group_II,A/Fujian/411/2002,mRNA-1010,397.06.181,148.375
group_II,A/Fujian/411/2002,mRNA-1010,397.06.182,12.99832
group_II,A/Fujian/411/2002,mRNA-1010,397.06.183,101.0987
group_II,A/Fujian/411/2002,mRNA-1010,397.06.184,86.11299
group_II,A/Fujian/411/2002,mRNA-1010,397.06.186,10.17568
group_II,A/Fujian/411/2002,mRNA-1010,397.06.195,174.5248
group_II,A/Fujian/411/2002,mRNA-1010,397.06.196,176.9849
group_II,A/Fujian/411/2002,mRNA-1010,397.06.198,187.7866
group_II,A/Fujian/411/2002,mRNA-1010,397.06.200,168.3275
group_II,A/Fujian/411/2002,mRNA-1010,397.06.203,22.63295
group_II,A/Fujian/411/2002,mRNA-1010,397.06.208,39.53947
group_II,A/Fujian/411/2002,mRNA-1010,397.06.209,18.74355
group_II,A/Fujian/411/2002,mRNA-1010,397.06.226,26.46083
group_II,A/Fujian/411/2002,mRNA-1010,397.06.231,16.60856
group_II,A/Fujian/411/2002,mRNA-1010,397.06.260,95.11111
group_II,A/Fujian/411/2002,mRNA-1010,397.06.279,5.962733
group_II,A/Fujian/411/2002,mRNA-1010,397.06.281,16.47145
group_II,A/Fujian/411/2002,mRNA-1010,397.06.296,18.29538
group_II,A/Fujian/411/2002,mRNA-1010,397.06.321,19.14009
group_II,A/Fujian/411/2002,mRNA-1010,397.06.322,6.69586
group_II,A/Fujian/411/2002,mRNA-1010,397.06.325,66.42819
group_II,A/Fujian/411/2002,mRNA-1010,397.06.326,137.7144
group_II,A/Fujian/411/2002,mRNA-1010,397.06.327,140.7855
group_II,A/Fujian/411/2002,mRNA-1010,397.06.330,87.4536
group_II,A/Fujian/411/2002,mRNA-1010,397.06.332,1.171271
group_II,A/Fujian/411/2002,mRNA-1010,397.06.350,15.45936
group_II,A/Fujian/411/2002,mRNA-1010,397.06.357,27.79608
group_II,A/Fujian/411/2002,mRNA-1010,397.06.361,17.70474
group_II,A/Fujian/411/2002,mRNA-1010,397.06.367,12.16393
group_II,A/Fujian/411/2002,mRNA-1010,397.06.369,52.80577
group_II,A/Fujian/411/2002,mRNA-1010,397.06.371,106.1276
group_II,A/Fujian/411/2002,mRNA-1010,397.06.380,176.3263
group_II,A/Fujian/411/2002,mRNA-1010,397.06.381,18.01683
group_II,A/Fujian/411/2002,mRNA-1010,397.06.382,25.6012
group_II,A/Fujian/411/2002,mRNA-1010,397.06.383,23.48358
group_II,A/Fujian/411/2002,mRNA-1010,397.06.384,31.73514
group_II,A/Fujian/411/2002,mRNA-1010,397.06.385,140.3022
group_II,A/Fujian/411/2002,mRNA-1010,397.06.388,18.54117
group_II,A/Fujian/411/2002,mRNA-1010,397.06.389,132.8148
group_II,A/Fujian/411/2002,mRNA-1010,397.06.404,110.1004
group_II,A/Fujian/411/2002,mRNA-1010,397.06.408,163.4302
group_II,A/Fujian/411/2002,mRNA-1010,397.06.410,11.91289
group_II,A/Fujian/411/2002,mRNA-1010,397.06.413,15.75306
group_II,A/Fujian/411/2002,mRNA-1010,397.06.426,5.958781
group_II,A/Fujian/411/2002,mRNA-1010,397.06.428,16.4898
group_II,A/Fujian/411/2002,mRNA-1010,397.06.430,18.79939
group_II,A/Fujian/411/2002,mRNA-1010,397.06.434,0.819786
group_II,A/Fujian/411/2002,mRNA-1010,397.06.437,22.59855
group_II,A/Fujian/411/2002,mRNA-1010,397.17.016,131.477
group_II,A/Fujian/411/2002,mRNA-1010,397.17.017,17.61107
group_II,A/Fujian/411/2002,mRNA-1010,397.17.026,22.45253
group_II,A/Fujian/411/2002,mRNA-1010,397.17.042,17.04532
group_II,A/Fujian/411/2002,mRNA-1010,397.17.043,16.86457
group_II,A/Fujian/411/2002,mRNA-1010,397.17.047,20.40461
group_II,A/Fujian/411/2002,mRNA-1010,397.17.048,14.86051
group_II,A/Fujian/411/2002,mRNA-1010,397.17.051,116.4091
group_II,A/Fujian/411/2002,mRNA-1010,397.17.053,8.114983
group_II,A/Fujian/411/2002,mRNA-1010,397.17.068,19.12504
group_II,A/Fujian/411/2002,mRNA-1010,397.17.072,19.97181
group_II,A/Fujian/411/2002,mRNA-1010,397.17.073,28.50068
group_II,A/Fujian/411/2002,mRNA-1010,397.17.074,10.68926
group_II,A/Fujian/411/2002,mRNA-1010,397.17.078,18.17085
group_II,A/Fujian/411/2002,mRNA-1010,397.17.079,17.0695
group_II,A/Fujian/411/2002,mRNA-1010,397.17.080,17.69277
group_II,A/Fujian/411/2002,mRNA-1010,397.17.081,19.57788
group_II,A/Fujian/411/2002,mRNA-1010,397.17.082,24.19405
group_II,A/Fujian/411/2002,mRNA-1010,397.17.083,17.81069
group_II,A/Fujian/411/2002,mRNA-1010,397.17.084,21.19408
group_II,A/Fujian/411/2002,mRNA-1010,397.17.086,17.90487
group_II,A/Fujian/411/2002,mRNA-1010,397.17.088,19.02112
group_II,A/Fujian/411/2002,mRNA-1010,397.17.099,15.1376
group_II,A/Fujian/411/2002,mRNA-1010,397.17.101,7.424448
group_II,A/Fujian/411/2002,mRNA-1010,397.17.102,160.6397
group_II,A/Fujian/411/2002,mRNA-1010,397.17.103,154.9905
group_II,A/Fujian/411/2002,mRNA-1010,397.17.109,21.01498
group_II,A/Fujian/411/2002,mRNA-1010,397.17.112,20.67637
group_II,A/Fujian/411/2002,mRNA-1010,397.17.113,22.02403
group_II,A/Fujian/411/2002,mRNA-1010,397.17.118,136.0204
group_II,A/Fujian/411/2002,mRNA-1010,397.17.122,9.401905
group_II,A/Fujian/411/2002,mRNA-1010,397.17.124,8.786195
group_II,A/Fujian/411/2002,mRNA-1010,397.17.125,16.27411
group_II,A/Fujian/411/2002,mRNA-1010,397.17.128,28.34525
group_II,A/Fujian/411/2002,mRNA-1010,397.17.129,28.5318
group_II,A/Fujian/411/2002,mRNA-1010,397.17.130,17.99021
group_II,A/Fujian/411/2002,mRNA-1010,397.17.148,4.200717
group_II,A/Fujian/411/2002,mRNA-1010,397.17.154,49.61347
group_II,A/Fujian/411/2002,mRNA-1010,397.17.159,102.3054
group_II,A/Fujian/411/2002,mRNA-1010,397.17.160,34.25126
group_II,A/Fujian/411/2002,mRNA-1010,397.17.161,48.56074
group_II,A/Fujian/411/2002,mRNA-1010,397.17.162,136.2464
group_II,A/Fujian/411/2002,mRNA-1010,397.17.165,16.99905
group_II,A/Fujian/411/2002,mRNA-1010,397.17.166,58.97718
group_II,A/Fujian/411/2002,mRNA-1010,397.17.167,2.552727
group_II,A/Fujian/411/2002,mRNA-1010,397.17.169,58.62351
group_II,A/Fujian/411/2002,mRNA-1010,397.17.170,6.323322
group_II,A/Fujian/411/2002,mRNA-1010,397.17.171,16.90711
group_II,A/Fujian/411/2002,mRNA-1010,397.17.174,31.34214
group_II,A/Fujian/411/2002,mRNA-1010,397.17.176,29.96156
group_II,A/Fujian/411/2002,mRNA-1010,397.17.177,62.50315
group_II,A/Fujian/411/2002,mRNA-1010,397.17.178,21.17878
group_II,A/Fujian/411/2002,mRNA-1010,397.17.179,29.70954
group_II,A/Fujian/411/2002,mRNA-1010,397.17.182,139.5818
group_II,A/Fujian/411/2002,mRNA-1010,397.17.183,55.37969
group_II,A/Fujian/411/2002,mRNA-1010,397.17.185,20.58512
group_II,A/Fujian/411/2002,mRNA-1010,397.17.189,76.2157
group_II,A/Fujian/411/2002,mRNA-1010,397.17.191,13.42038
group_II,A/Fujian/411/2002,mRNA-1010,397.17.193,20.00439
group_II,A/Fujian/411/2002,mRNA-1010,397.17.194,16.23803
group_II,A/Fujian/411/2002,mRNA-1010,397.17.195,108.0854
group_II,A/Fujian/411/2002,mRNA-1010,397.17.196,125.4895
group_II,A/Fujian/411/2002,mRNA-1010,397.17.197,94.72105
group_II,A/Fujian/411/2002,mRNA-1010,397.17.198,127.509
group_II,A/Fujian/411/2002,mRNA-1010,397.17.199,113.1215
group_II,A/Fujian/411/2002,mRNA-1010,397.17.201,108.9832
group_II,A/Fujian/411/2002,mRNA-1010,397.17.203,139.4186
group_II,A/Fujian/411/2002,mRNA-1010,397.17.207,113.2792
group_II,A/Fujian/411/2002,mRNA-1010,397.17.208,116.3259
group_II,A/Fujian/411/2002,mRNA-1010,397.17.210,97.32368
group_II,A/Fujian/411/2002,mRNA-1010,397.17.213,100.0953
group_II,A/Fujian/411/2002,mRNA-1010,397.17.215,19.72326
group_II,A/Fujian/411/2002,mRNA-1010,397.17.222,20.71364
group_II,A/Fujian/411/2002,mRNA-1010,397.17.223,8.171007
group_II,A/Fujian/411/2002,mRNA-1010,397.17.224,22.90204
group_II,A/Fujian/411/2002,mRNA-1010,397.17.225,32.75241
group_II,A/Fujian/411/2002,mRNA-1010,397.17.226,21.45274
group_II,A/Fujian/411/2002,mRNA-1010,397.17.227,5.9
group_II,A/Fujian/411/2002,mRNA-1010,397.17.228,19.68246
group_II,A/Fujian/411/2002,mRNA-1010,397.17.231,17.19348
group_II,A/Fujian/411/2002,mRNA-1010,397.17.241,18.20222
group_II,A/Fujian/411/2002,mRNA-1010,397.17.246,191.3574
group_II,A/Fujian/411/2002,mRNA-1010,397.17.247,10.12733
group_II,A/Fujian/411/2002,mRNA-1010,397.17.250,18.11832
group_II,A/Fujian/411/2002,mRNA-1010,397.17.252,47.04405
group_II,A/Fujian/411/2002,mRNA-1010,397.17.261,5.97491
group_II,A/Fujian/411/2002,mRNA-1010,397.17.263,248.4348
group_II,A/Fujian/411/2002,mRNA-1010,397.17.264,11.69597
group_II,A/Fujian/411/2002,mRNA-1010,397.17.281,56.77195
group_II,A/Fujian/411/2002,mRNA-1010,397.17.296,19.22562
group_II,A/Fujian/411/2002,mRNA-1010,397.17.298,5.404594
group_II,A/Fujian/411/2002,mRNA-1010,397.17.302,8.186411
group_II,A/Fujian/411/2002,mRNA-1010,397.17.303,4.071823
group_II,A/Fujian/411/2002,mRNA-1010,397.17.309,11.25862
group_II,A/Fujian/411/2002,mRNA-1010,397.17.310,5.78057
group_II,A/Fujian/411/2002,mRNA-1010,397.17.311,13.47273
group_II,A/Fujian/411/2002,mRNA-1010,397.17.315,101.4623
group_II,A/Fujian/411/2002,mRNA-1010,397.17.322,72.00631
group_II,A/Fujian/411/2002,mRNA-1010,397.17.330,18.67444
group_II,A/Fujian/411/2002,mRNA-1010,397.17.337,79.92776
group_II,A/Fujian/411/2002,mRNA-1010,397.17.338,14.93157
group_II,A/Fujian/411/2002,mRNA-1010,397.17.344,7.893287
group_II,A/Fujian/411/2002,mRNA-1010,397.17.347,29.30016
group_II,A/Fujian/411/2002,mRNA-1010,397.17.348,30.45236
group_II,A/Fujian/411/2002,mRNA-1010,397.17.359,19.81557
group_II,A/Fujian/411/2002,mRNA-1010,397.17.360,11.45461
group_II,A/Fujian/411/2002,mRNA-1010,397.17.362,16.39367
group_II,A/Fujian/411/2002,mRNA-1010,397.17.364,15.26761
group_II,A/Fujian/411/2002,mRNA-1010,397.17.365,91.58962
group_II,A/Fujian/411/2002,mRNA-1010,397.17.371,5.010909
group_II,A/Fujian/411/2002,mRNA-1010,397.17.377,104.1503
group_II,A/Fujian/411/2002,mRNA-1010,397.17.378,31.66281
group_II,A/Fujian/411/2002,mRNA-1010,397.17.379,10.89474
group_II,A/Fujian/411/2002,mRNA-1010,397.28.006,121.5948
group_II,A/Fujian/411/2002,mRNA-1010,397.28.013,110.7154
group_II,A/Fujian/411/2002,mRNA-1010,397.28.038,62.28078
group_II,A/Fujian/411/2002,mRNA-1010,397.28.040,77.76952
group_II,A/Fujian/411/2002,mRNA-1010,397.28.056,11.56747
group_II,A/Fujian/411/2002,mRNA-1010,397.28.060,12.55778
group_II,A/Fujian/411/2002,mRNA-1010,397.28.077,98.37787
group_II,A/Fujian/411/2002,mRNA-1010,397.28.081,53.7568
group_II,A/Fujian/411/2002,mRNA-1010,397.28.082,94.03351
group_II,A/Fujian/411/2002,mRNA-1010,397.28.084,100.5911
group_II,A/Fujian/411/2002,mRNA-1010,397.28.095,1.042991
group_II,A/Fujian/411/2002,mRNA-1010,397.28.098,0.57225
group_II,A/Fujian/411/2002,mRNA-1010,397.28.104,98.43317
group_II,A/Fujian/411/2002,mRNA-1010,397.28.105,105.8264
group_II,A/Fujian/411/2002,mRNA-1010,397.28.106,100.6452
group_II,A/Fujian/411/2002,mRNA-1010,397.28.107,96.83464
group_II,A/Fujian/411/2002,mRNA-1010,397.28.108,98.37546
group_II,A/Fujian/411/2002,mRNA-1010,397.28.109,99.39007
group_II,A/Fujian/411/2002,mRNA-1010,397.28.112,95.55347
group_II,A/Fujian/411/2002,mRNA-1010,397.28.113,104.1011
group_II,A/Fujian/411/2002,mRNA-1010,397.28.114,104.0889
group_II,A/Fujian/411/2002,mRNA-1010,397.28.115,99.00117
group_II,A/Fujian/411/2002,mRNA-1010,397.28.122,164.81
group_II,A/Fujian/411/2002,mRNA-1010,397.28.124,105.0577
group_II,A/Fujian/411/2002,mRNA-1010,397.28.132,68.93137
group_II,A/Fujian/411/2002,mRNA-1010,397.28.133,2.170732
group_II,A/Fujian/411/2002,mRNA-1010,397.28.146,13.07788
group_II,A/Fujian/411/2002,mRNA-1010,397.28.153,13.81326
group_II,A/Fujian/411/2002,mRNA-1010,397.28.155,15.50136
group_II,A/Fujian/411/2002,mRNA-1010,397.28.156,131.8967
group_II,A/Fujian/411/2002,mRNA-1010,397.28.169,148.7357
group_II,A/Fujian/411/2002,mRNA-1010,397.29.001,3.364788
group_II,A/Fujian/411/2002,mRNA-1010,397.29.011,0.888406
group_II,A/Fujian/411/2002,mRNA-1010,397.29.012,99.27283
group_II,A/Fujian/411/2002,mRNA-1010,397.29.023,0.976115
group_II,A/Fujian/411/2002,mRNA-1010,397.29.024,0.955859
group_II,A/Fujian/411/2002,mRNA-1010,397.29.028,14.64213
group_II,A/Fujian/411/2002,mRNA-1010,397.29.036,147.3428
group_II,A/Fujian/411/2002,mRNA-1010,397.29.041,113.2896
group_II,A/Fujian/411/2002,mRNA-1010,397.29.044,24.31811
group_II,A/Fujian/411/2002,mRNA-1010,397.29.045,43.76024
group_II,A/Fujian/411/2002,mRNA-1010,397.29.047,0.648241
group_II,A/Fujian/411/2002,mRNA-1010,397.29.057,23.35889
group_II,A/Fujian/411/2002,mRNA-1010,397.29.062,1.908602
group_II,A/Fujian/411/2002,mRNA-1010,397.29.064,15.82343
group_II,A/Fujian/411/2002,mRNA-1010,397.29.069,8.913978
group_II,A/Fujian/411/2002,mRNA-1010,397.29.072,0.665421
group_II,A/Fujian/411/2002,mRNA-1010,397.29.080,4.22031
group_II,A/Fujian/411/2002,mRNA-1010,397.29.082,5.037102
group_II,A/Fujian/411/2002,mRNA-1010,397.29.083,0.987273
group_II,A/Fujian/411/2002,mRNA-1010,397.29.084,1.850909
group_II,A/Fujian/411/2002,mRNA-1010,397.29.088,1.458564
group_II,A/Fujian/411/2002,mRNA-1010,397.29.089,1.261484
group_II,A/Fujian/411/2002,mRNA-1010,397.29.090,4.111307
group_II,A/Fujian/411/2002,mRNA-1010,397.29.100,87.04577
group_II,A/Fujian/411/2002,mRNA-1010,397.29.109,94.43901
group_II,A/Fujian/411/2002,mRNA-1010,397.29.111,87.24829
group_II,A/Fujian/411/2002,mRNA-1010,397.29.114,0.680914
group_II,A/Fujian/411/2002,mRNA-1010,397.29.119,17.20531
group_II,A/Fujian/411/2002,mRNA-1010,397.29.120,16.42996
group_II,A/Fujian/411/2002,mRNA-1010,397.29.123,8.947735
group_II,A/Fujian/411/2002,mRNA-1010,397.29.125,111.9145
group_II,A/Fujian/411/2002,mRNA-1010,397.29.127,127.1919
group_II,A/Fujian/411/2002,mRNA-1010,397.29.129,25.7578
group_II,A/Fujian/411/2002,mRNA-1010,397.29.136,127.5434
group_II,A/Fujian/411/2002,mRNA-1010,397.29.142,130.71
group_II,A/Fujian/411/2002,mRNA-1010,397.29.143,14.1144
group_II,A/Fujian/411/2002,mRNA-1010,397.29.149,17.1407
group_II,A/Fujian/411/2002,mRNA-1010,397.29.152,0.68082
group_II,A/Fujian/411/2002,mRNA-1010,397.29.155,6.106814
group_II,A/Fujian/411/2002,mRNA-1010,397.29.156,6.283154
group_II,A/Fujian/411/2002,mRNA-1010,397.29.157,18.74643
group_II,A/Fujian/411/2002,mRNA-1010,397.29.159,120.1539
group_II,A/Fujian/411/2002,mRNA-1010,397.29.164,110.4174
group_II,A/Fujian/411/2002,mRNA-1010,397.29.166,15.9272
group_II,A/Fujian/411/2002,mRNA-1010,397.29.167,0.449635
group_II,A/Fujian/411/2002,mRNA-1010,397.29.168,103.5
group_II,A/Fujian/411/2002,mRNA-1010,397.29.169,107.7337
group_II,A/Fujian/411/2002,mRNA-1010,397.29.175,112.8516
group_II,A/Fujian/411/2002,mRNA-1010,397.29.176,100.932
group_II,A/Fujian/411/2002,mRNA-1010,397.29.190,0.989145
group_II,A/Fujian/411/2002,mRNA-1010,397.29.192,68.26474
group_II,A/Fujian/411/2002,mRNA-1010,397.29.193,138.6306
group_II,A/Fujian/411/2002,mRNA-1010,397.29.194,0.538941
group_II,A/Fujian/411/2002,mRNA-1010,397.29.199,193.0946
group_II,A/Fujian/411/2002,mRNA-1010,397.29.200,120.2133
group_II,A/Fujian/411/2002,mRNA-1010,397.29.201,164.5918
group_II,A/Fujian/411/2002,mRNA-1010,397.29.202,121.3535
group_II,A/Fujian/411/2002,mRNA-1010,397.29.203,121.8587
group_II,A/Fujian/411/2002,mRNA-1010,397.29.204,184.5816
group_II,A/Fujian/411/2002,mRNA-1010,397.29.206,162.9249
group_II,A/Fujian/411/2002,mRNA-1010,397.29.207,197.2415
group_II,A/Fujian/411/2002,mRNA-1010,397.29.213,26.61043
group_II,A/Fujian/411/2002,mRNA-1010,397.29.214,3.948029
group_II,A/Fujian/411/2002,mRNA-1010,397.29.217,96.79737
group_II,A/Fujian/411/2002,mRNA-1010,397.29.219,5.498258
group_II,A/Fujian/411/2002,mRNA-1010,397.29.221,15.56503
group_II,A/Fujian/411/2002,mRNA-1010,397.29.223,43.90305
group_II,A/Fujian/411/2002,mRNA-1010,397.29.224,9.339071
group_II,A/Fujian/411/2002,mRNA-1010,397.29.226,102.0366
group_II,A/Fujian/411/2002,mRNA-1010,397.29.231,16.50371
group_II,A/Fujian/411/2002,mRNA-1010,397.29.232,0.681107
group_II,A/Fujian/411/2002,mRNA-1010,397.29.234,32.2163
group_II,A/Fujian/411/2002,mRNA-1010,397.29.240,16.21909
group_II,A/Fujian/411/2002,mRNA-1010,397.29.241,15.29337
group_II,A/Fujian/411/2002,mRNA-1010,397.29.245,15.80569
group_II,A/Fujian/411/2002,mRNA-1010,397.29.246,17.2373
group_II,A/Fujian/411/2002,mRNA-1010,397.29.249,14.19593
group_II,A/Fujian/411/2002,mRNA-1010,397.29.262,0.820952
group_II,A/Fujian/411/2002,mRNA-1010,397.29.279,114.2703
group_II,A/Fujian/411/2002,mRNA-1010,397.29.280,21.29781
group_II,A/Fujian/411/2002,mRNA-1010,397.29.287,127.3751
group_II,A/Fujian/411/2002,mRNA-1010,397.29.312,193.5253
group_II,A/Fujian/411/2002,mRNA-1010,397.29.318,100.9201
group_II,A/Fujian/411/2002,mRNA-1010,397.29.322,75.57101
group_II,A/Fujian/411/2002,mRNA-1010,397.29.328,94.3047
group_II,A/Fujian/411/2002,mRNA-1010,397.29.342,75.56372
group_II,A/Fujian/411/2002,mRNA-1010,397.29.349,5.390459
group_II,A/Fujian/411/2002,mRNA-1010,397.29.350,100.7272
group_II,A/Fujian/411/2002,mRNA-1010,397.29.351,93.48177
group_II,A/Fujian/411/2002,mRNA-1010,397.29.353,14.17528
group_II,A/Fujian/411/2002,mRNA-1010,397.29.355,14.76492
group_II,A/Fujian/411/2002,mRNA-1010,397.29.356,113.4654
group_II,A/Fujian/411/2002,mRNA-1010,397.29.359,1.655914
group_II,A/Fujian/411/2002,mRNA-1010,397.29.370,8.916129
group_II,A/Fujian/411/2002,mRNA-1010,397.29.378,43.6875
group_II,A/Fujian/411/2002,mRNA-1010,397.29.381,0.727159
group_II,A/Fujian/411/2002,mRNA-1010,397.29.382,2.772558
group_II,A/Fujian/411/2002,mRNA-1010,397.29.383,0.47832
group_II,A/Fujian/411/2002,mRNA-1010,397.29.384,0.695327
group_II,A/Fujian/411/2002,mRNA-1010,397.29.386,4.951807
group_II,A/Fujian/411/2002,mRNA-1010,397.29.398,6.937282
group_II,A/Fujian/411/2002,mRNA-1010,397.29.400,77.27922
group_II,A/Fujian/411/2002,mRNA-1010,397.29.416,13.28453
group_II,A/Fujian/411/2002,mRNA-1010,397.29.418,88.03634
group_II,A/Fujian/411/2002,mRNA-1010,397.29.419,38.82759
group_II,A/Fujian/411/2002,mRNA-1010,397.29.425,0.783063
group_II,A/Fujian/411/2002,mRNA-1010,397.29.426,0.536986
group_II,A/Fujian/411/2002,mRNA-1010,397.29.428,0.499035
group_II,A/Fujian/411/2002,mRNA-1010,397.29.429,72.75836
group_II,A/Fujian/411/2002,mRNA-1010,397.29.430,118.6487
group_II,A/Fujian/411/2002,mRNA-1010,397.29.431,1.229965
group_II,A/Fujian/411/2002,mRNA-1010,397.29.435,3.504244
group_II,A/Fujian/411/2002,mRNA-1010,397.29.445,92.17723
group_II,A/Fujian/411/2002,mRNA-1010,397.29.446,98.19561
group_II,A/Fujian/411/2002,mRNA-1010,397.29.447,44.36402
group_II,A/Fujian/411/2002,mRNA-1010,397.29.452,0.719449
group_II,A/Fujian/411/2002,Fluarix,397.05.012,10.26653
group_II,A/Fujian/411/2002,Fluarix,397.05.019,0.433699
group_II,A/Fujian/411/2002,Fluarix,397.05.067,88.77869
group_II,A/Fujian/411/2002,Fluarix,397.05.081,80.61742
group_II,A/Fujian/411/2002,Fluarix,397.05.097,1.483649
group_II,A/Fujian/411/2002,Fluarix,397.05.104,139.9715
group_II,A/Fujian/411/2002,Fluarix,397.05.140,41.99255
group_II,A/Fujian/411/2002,Fluarix,397.05.160,73.30457
group_II,A/Fujian/411/2002,Fluarix,397.05.161,0.854037
group_II,A/Fujian/411/2002,Fluarix,397.05.186,1.012891
group_II,A/Fujian/411/2002,Fluarix,397.05.201,1.425795
group_II,A/Fujian/411/2002,Fluarix,397.05.249,19.49359
group_II,A/Fujian/411/2002,Fluarix,397.05.255,53.17418
group_II,A/Fujian/411/2002,Fluarix,397.05.256,57.21913
group_II,A/Fujian/411/2002,Fluarix,397.05.287,106.7808
group_II,A/Fujian/411/2002,Fluarix,397.05.288,20.69462
group_II,A/Fujian/411/2002,Fluarix,397.05.290,102.1989
group_II,A/Fujian/411/2002,Fluarix,397.05.325,37.49107
group_II,A/Fujian/411/2002,Fluarix,397.05.331,25.25915
group_II,A/Fujian/411/2002,Fluarix,397.05.334,13.36968
group_II,A/Fujian/411/2002,Fluarix,397.05.347,25.87241
group_II,A/Fujian/411/2002,Fluarix,397.05.366,26.1046
group_II,A/Fujian/411/2002,Fluarix,397.05.368,23.55013
group_II,A/Fujian/411/2002,Fluarix,397.05.388,5.134561
group_II,A/Fujian/411/2002,Fluarix,397.05.405,1
group_II,A/Fujian/411/2002,Fluarix,397.09.331,0.955801
group_II,A/Fujian/411/2002,Fluarix,397.09.477,1.522968
group_II,A/Fujian/411/2002,Fluarix,397.22.067,191.6866
group_II,A/Fujian/411/2002,Fluarix,397.22.111,0.942056
group_II,A/Fujian/411/2002,Fluarix,397.22.336,1.372007
group_II,A/Fujian/411/2002,Fluarix,397.22.392,1.641379
group_II,A/Fujian/411/2002,Fluarix,397.22.403,13.70084
group_II,A/Fujian/411/2002,Fluarix,397.22.406,1.645161
group_II,A/Fujian/411/2002,Fluarix,397.22.425,12.86
group_II,A/Texas/50/2012,mRNA-1010,397.06.001,3.630742
group_II,A/Texas/50/2012,mRNA-1010,397.06.003,512.7551
group_II,A/Texas/50/2012,mRNA-1010,397.06.004,752.6555
group_II,A/Texas/50/2012,mRNA-1010,397.06.006,7.731183
group_II,A/Texas/50/2012,mRNA-1010,397.06.007,460.6742
group_II,A/Texas/50/2012,mRNA-1010,397.06.013,10.62544
group_II,A/Texas/50/2012,mRNA-1010,397.06.014,4.091681
group_II,A/Texas/50/2012,mRNA-1010,397.06.015,389.1762
group_II,A/Texas/50/2012,mRNA-1010,397.06.016,2.218285
group_II,A/Texas/50/2012,mRNA-1010,397.06.021,341.2704
group_II,A/Texas/50/2012,mRNA-1010,397.06.066,3.209907
group_II,A/Texas/50/2012,mRNA-1010,397.06.068,2.998845
group_II,A/Texas/50/2012,mRNA-1010,397.06.069,3.623632
group_II,A/Texas/50/2012,mRNA-1010,397.06.079,497.9455
group_II,A/Texas/50/2012,mRNA-1010,397.06.085,511.4504
group_II,A/Texas/50/2012,mRNA-1010,397.06.086,533.3333
group_II,A/Texas/50/2012,mRNA-1010,397.06.090,13.68245
group_II,A/Texas/50/2012,mRNA-1010,397.06.112,515.2225
group_II,A/Texas/50/2012,mRNA-1010,397.06.122,434.9732
group_II,A/Texas/50/2012,mRNA-1010,397.06.126,457.6996
group_II,A/Texas/50/2012,mRNA-1010,397.06.127,493.2738
group_II,A/Texas/50/2012,mRNA-1010,397.06.128,114.2381
group_II,A/Texas/50/2012,mRNA-1010,397.06.130,1.826313
group_II,A/Texas/50/2012,mRNA-1010,397.06.134,380.5474
group_II,A/Texas/50/2012,mRNA-1010,397.06.138,1.165739
group_II,A/Texas/50/2012,mRNA-1010,397.06.139,378.0571
group_II,A/Texas/50/2012,mRNA-1010,397.06.144,2.257951
group_II,A/Texas/50/2012,mRNA-1010,397.06.145,8.03056
group_II,A/Texas/50/2012,mRNA-1010,397.06.147,457.8814
group_II,A/Texas/50/2012,mRNA-1010,397.06.153,614.9312
group_II,A/Texas/50/2012,mRNA-1010,397.06.160,457.8059
group_II,A/Texas/50/2012,mRNA-1010,397.06.161,13.51583
group_II,A/Texas/50/2012,mRNA-1010,397.06.165,493.1034
group_II,A/Texas/50/2012,mRNA-1010,397.06.166,471.2644
group_II,A/Texas/50/2012,mRNA-1010,397.06.167,413.8299
group_II,A/Texas/50/2012,mRNA-1010,397.06.168,452.1452
group_II,A/Texas/50/2012,mRNA-1010,397.06.169,527.0758
group_II,A/Texas/50/2012,mRNA-1010,397.06.171,84.47626
group_II,A/Texas/50/2012,mRNA-1010,397.06.175,242.9483
group_II,A/Texas/50/2012,mRNA-1010,397.06.176,477.7651
group_II,A/Texas/50/2012,mRNA-1010,397.06.177,13.34499
group_II,A/Texas/50/2012,mRNA-1010,397.06.181,554.4643
group_II,A/Texas/50/2012,mRNA-1010,397.06.182,36.09213
group_II,A/Texas/50/2012,mRNA-1010,397.06.183,442.8974
group_II,A/Texas/50/2012,mRNA-1010,397.06.184,472.3164
group_II,A/Texas/50/2012,mRNA-1010,397.06.186,1.814888
group_II,A/Texas/50/2012,mRNA-1010,397.06.195,646.5155
group_II,A/Texas/50/2012,mRNA-1010,397.06.196,822.5058
group_II,A/Texas/50/2012,mRNA-1010,397.06.198,721.7573
group_II,A/Texas/50/2012,mRNA-1010,397.06.200,631.162
group_II,A/Texas/50/2012,mRNA-1010,397.06.203,146.5237
group_II,A/Texas/50/2012,mRNA-1010,397.06.208,228.2368
group_II,A/Texas/50/2012,mRNA-1010,397.06.209,104.0546
group_II,A/Texas/50/2012,mRNA-1010,397.06.226,87.13978
group_II,A/Texas/50/2012,mRNA-1010,397.06.231,3.056822
group_II,A/Texas/50/2012,mRNA-1010,397.06.260,457.115
group_II,A/Texas/50/2012,mRNA-1010,397.06.279,26.34161
group_II,A/Texas/50/2012,mRNA-1010,397.06.281,5.646411
group_II,A/Texas/50/2012,mRNA-1010,397.06.296,5.361183
group_II,A/Texas/50/2012,mRNA-1010,397.06.321,8.025806
group_II,A/Texas/50/2012,mRNA-1010,397.06.322,95
group_II,A/Texas/50/2012,mRNA-1010,397.06.325,388.2094
group_II,A/Texas/50/2012,mRNA-1010,397.06.326,635.9833
group_II,A/Texas/50/2012,mRNA-1010,397.06.327,511.9139
group_II,A/Texas/50/2012,mRNA-1010,397.06.330,658.9327
group_II,A/Texas/50/2012,mRNA-1010,397.06.332,2.309392
group_II,A/Texas/50/2012,mRNA-1010,397.06.350,44.89929
group_II,A/Texas/50/2012,mRNA-1010,397.06.357,26.7863
group_II,A/Texas/50/2012,mRNA-1010,397.06.361,2.377076
group_II,A/Texas/50/2012,mRNA-1010,397.06.367,1.68382
group_II,A/Texas/50/2012,mRNA-1010,397.06.369,147.6553
group_II,A/Texas/50/2012,mRNA-1010,397.06.371,388.031
group_II,A/Texas/50/2012,mRNA-1010,397.06.380,619.8724
group_II,A/Texas/50/2012,mRNA-1010,397.06.381,6.701725
group_II,A/Texas/50/2012,mRNA-1010,397.06.382,437.4123
group_II,A/Texas/50/2012,mRNA-1010,397.06.383,26.70083
group_II,A/Texas/50/2012,mRNA-1010,397.06.384,347.854
group_II,A/Texas/50/2012,mRNA-1010,397.06.385,653.3637
group_II,A/Texas/50/2012,mRNA-1010,397.06.388,2.578818
group_II,A/Texas/50/2012,mRNA-1010,397.06.389,550.3356
group_II,A/Texas/50/2012,mRNA-1010,397.06.404,584.8033
group_II,A/Texas/50/2012,mRNA-1010,397.06.408,591.3793
group_II,A/Texas/50/2012,mRNA-1010,397.06.410,8.890244
group_II,A/Texas/50/2012,mRNA-1010,397.06.413,2.36197
group_II,A/Texas/50/2012,mRNA-1010,397.06.426,3.247312
group_II,A/Texas/50/2012,mRNA-1010,397.06.428,3.839286
group_II,A/Texas/50/2012,mRNA-1010,397.06.430,16.10528
group_II,A/Texas/50/2012,mRNA-1010,397.06.434,294.896
group_II,A/Texas/50/2012,mRNA-1010,397.06.437,14.45648
group_II,A/Texas/50/2012,mRNA-1010,397.17.016,500.5107
group_II,A/Texas/50/2012,mRNA-1010,397.17.017,2.478244
group_II,A/Texas/50/2012,mRNA-1010,397.17.026,1.345622
group_II,A/Texas/50/2012,mRNA-1010,397.17.042,2.279661
group_II,A/Texas/50/2012,mRNA-1010,397.17.043,2.630115
group_II,A/Texas/50/2012,mRNA-1010,397.17.047,9.08894
group_II,A/Texas/50/2012,mRNA-1010,397.17.048,1.742051
group_II,A/Texas/50/2012,mRNA-1010,397.17.051,523.8095
group_II,A/Texas/50/2012,mRNA-1010,397.17.053,11.6324
group_II,A/Texas/50/2012,mRNA-1010,397.17.068,2.734548
group_II,A/Texas/50/2012,mRNA-1010,397.17.072,1.639462
group_II,A/Texas/50/2012,mRNA-1010,397.17.073,1.238482
group_II,A/Texas/50/2012,mRNA-1010,397.17.074,7.563636
group_II,A/Texas/50/2012,mRNA-1010,397.17.078,4.794605
group_II,A/Texas/50/2012,mRNA-1010,397.17.079,3.222812
group_II,A/Texas/50/2012,mRNA-1010,397.17.080,2.838514
group_II,A/Texas/50/2012,mRNA-1010,397.17.081,18.73871
group_II,A/Texas/50/2012,mRNA-1010,397.17.082,3.653104
group_II,A/Texas/50/2012,mRNA-1010,397.17.083,2.7437
group_II,A/Texas/50/2012,mRNA-1010,397.17.084,2.812854
group_II,A/Texas/50/2012,mRNA-1010,397.17.086,2.396612
group_II,A/Texas/50/2012,mRNA-1010,397.17.088,1.416896
group_II,A/Texas/50/2012,mRNA-1010,397.17.099,2.037306
group_II,A/Texas/50/2012,mRNA-1010,397.17.101,5.193548
group_II,A/Texas/50/2012,mRNA-1010,397.17.102,572.4138
group_II,A/Texas/50/2012,mRNA-1010,397.17.103,600.7569
group_II,A/Texas/50/2012,mRNA-1010,397.17.109,2.585548
group_II,A/Texas/50/2012,mRNA-1010,397.17.112,5.902259
group_II,A/Texas/50/2012,mRNA-1010,397.17.113,1.555095
group_II,A/Texas/50/2012,mRNA-1010,397.17.118,551.4184
group_II,A/Texas/50/2012,mRNA-1010,397.17.122,24.49048
group_II,A/Texas/50/2012,mRNA-1010,397.17.124,1.329204
group_II,A/Texas/50/2012,mRNA-1010,397.17.125,6.371437
group_II,A/Texas/50/2012,mRNA-1010,397.17.128,1.104188
group_II,A/Texas/50/2012,mRNA-1010,397.17.129,1.439733
group_II,A/Texas/50/2012,mRNA-1010,397.17.130,1.89697
group_II,A/Texas/50/2012,mRNA-1010,397.17.148,2.163082
group_II,A/Texas/50/2012,mRNA-1010,397.17.154,137.4451
group_II,A/Texas/50/2012,mRNA-1010,397.17.159,360.9562
group_II,A/Texas/50/2012,mRNA-1010,397.17.160,109.4338
group_II,A/Texas/50/2012,mRNA-1010,397.17.161,127.9926
group_II,A/Texas/50/2012,mRNA-1010,397.17.162,578.9474
group_II,A/Texas/50/2012,mRNA-1010,397.17.165,2.364209
group_II,A/Texas/50/2012,mRNA-1010,397.17.166,176.7181
group_II,A/Texas/50/2012,mRNA-1010,397.17.167,2.783636
group_II,A/Texas/50/2012,mRNA-1010,397.17.169,145.8254
group_II,A/Texas/50/2012,mRNA-1010,397.17.170,3.54417
group_II,A/Texas/50/2012,mRNA-1010,397.17.171,2.752608
group_II,A/Texas/50/2012,mRNA-1010,397.17.174,11.95596
group_II,A/Texas/50/2012,mRNA-1010,397.17.176,5.35068
group_II,A/Texas/50/2012,mRNA-1010,397.17.177,168.706
group_II,A/Texas/50/2012,mRNA-1010,397.17.178,2.645349
group_II,A/Texas/50/2012,mRNA-1010,397.17.179,104.9884
group_II,A/Texas/50/2012,mRNA-1010,397.17.182,550.9854
group_II,A/Texas/50/2012,mRNA-1010,397.17.183,171.0751
group_II,A/Texas/50/2012,mRNA-1010,397.17.185,79.69917
group_II,A/Texas/50/2012,mRNA-1010,397.17.189,211.9038
group_II,A/Texas/50/2012,mRNA-1010,397.17.191,33.84395
group_II,A/Texas/50/2012,mRNA-1010,397.17.193,2.880105
group_II,A/Texas/50/2012,mRNA-1010,397.17.194,1.351339
group_II,A/Texas/50/2012,mRNA-1010,397.17.195,477.2515
group_II,A/Texas/50/2012,mRNA-1010,397.17.196,445.1477
group_II,A/Texas/50/2012,mRNA-1010,397.17.197,380.5474
group_II,A/Texas/50/2012,mRNA-1010,397.17.198,545.1031
group_II,A/Texas/50/2012,mRNA-1010,397.17.199,470.7145
group_II,A/Texas/50/2012,mRNA-1010,397.17.201,419.5247
group_II,A/Texas/50/2012,mRNA-1010,397.17.203,541.2919
group_II,A/Texas/50/2012,mRNA-1010,397.17.207,481.3478
group_II,A/Texas/50/2012,mRNA-1010,397.17.208,587.3606
group_II,A/Texas/50/2012,mRNA-1010,397.17.210,427.6355
group_II,A/Texas/50/2012,mRNA-1010,397.17.213,358.8859
group_II,A/Texas/50/2012,mRNA-1010,397.17.215,64.6961
group_II,A/Texas/50/2012,mRNA-1010,397.17.222,166.2924
group_II,A/Texas/50/2012,mRNA-1010,397.17.223,14.47135
group_II,A/Texas/50/2012,mRNA-1010,397.17.224,0.986006
group_II,A/Texas/50/2012,mRNA-1010,397.17.225,8.592926
group_II,A/Texas/50/2012,mRNA-1010,397.17.226,1.257534
group_II,A/Texas/50/2012,mRNA-1010,397.17.227,6.692727
group_II,A/Texas/50/2012,mRNA-1010,397.17.228,1.882544
group_II,A/Texas/50/2012,mRNA-1010,397.17.231,3.611568
group_II,A/Texas/50/2012,mRNA-1010,397.17.241,3.981157
group_II,A/Texas/50/2012,mRNA-1010,397.17.246,708.5479
group_II,A/Texas/50/2012,mRNA-1010,397.17.247,5.967742
group_II,A/Texas/50/2012,mRNA-1010,397.17.250,4.73051
group_II,A/Texas/50/2012,mRNA-1010,397.17.252,122.6444
group_II,A/Texas/50/2012,mRNA-1010,397.17.261,3.304659
group_II,A/Texas/50/2012,mRNA-1010,397.17.263,698.6507
group_II,A/Texas/50/2012,mRNA-1010,397.17.264,26.88425
group_II,A/Texas/50/2012,mRNA-1010,397.17.281,158.8739
group_II,A/Texas/50/2012,mRNA-1010,397.17.296,4.05131
group_II,A/Texas/50/2012,mRNA-1010,397.17.298,2.775618
group_II,A/Texas/50/2012,mRNA-1010,397.17.302,3.881533
group_II,A/Texas/50/2012,mRNA-1010,397.17.303,2.178637
group_II,A/Texas/50/2012,mRNA-1010,397.17.309,1.134483
group_II,A/Texas/50/2012,mRNA-1010,397.17.310,3.676717
group_II,A/Texas/50/2012,mRNA-1010,397.17.311,7.428099
group_II,A/Texas/50/2012,mRNA-1010,397.17.315,378.6804
group_II,A/Texas/50/2012,mRNA-1010,397.17.322,499.2866
group_II,A/Texas/50/2012,mRNA-1010,397.17.330,1.654591
group_II,A/Texas/50/2012,mRNA-1010,397.17.337,216.0921
group_II,A/Texas/50/2012,mRNA-1010,397.17.338,1.491055
group_II,A/Texas/50/2012,mRNA-1010,397.17.344,36.24957
group_II,A/Texas/50/2012,mRNA-1010,397.17.347,92.05383
group_II,A/Texas/50/2012,mRNA-1010,397.17.348,1.268567
group_II,A/Texas/50/2012,mRNA-1010,397.17.359,3.592839
group_II,A/Texas/50/2012,mRNA-1010,397.17.360,1.709821
group_II,A/Texas/50/2012,mRNA-1010,397.17.362,3.262786
group_II,A/Texas/50/2012,mRNA-1010,397.17.364,1.013017
group_II,A/Texas/50/2012,mRNA-1010,397.17.365,165.8538
group_II,A/Texas/50/2012,mRNA-1010,397.17.371,2.38
group_II,A/Texas/50/2012,mRNA-1010,397.17.377,395.0745
group_II,A/Texas/50/2012,mRNA-1010,397.17.378,97.05124
group_II,A/Texas/50/2012,mRNA-1010,397.17.379,1.038012
group_II,A/Texas/50/2012,mRNA-1010,397.28.006,510.5328
group_II,A/Texas/50/2012,mRNA-1010,397.28.013,518.3983
group_II,A/Texas/50/2012,mRNA-1010,397.28.038,91.67267
group_II,A/Texas/50/2012,mRNA-1010,397.28.040,390.0012
group_II,A/Texas/50/2012,mRNA-1010,397.28.056,2.385298
group_II,A/Texas/50/2012,mRNA-1010,397.28.060,2.288445
group_II,A/Texas/50/2012,mRNA-1010,397.28.077,341.5344
group_II,A/Texas/50/2012,mRNA-1010,397.28.081,146.1681
group_II,A/Texas/50/2012,mRNA-1010,397.28.082,412.7474
group_II,A/Texas/50/2012,mRNA-1010,397.28.084,254.043
group_II,A/Texas/50/2012,mRNA-1010,397.28.095,1.902804
group_II,A/Texas/50/2012,mRNA-1010,397.28.098,154.9915
group_II,A/Texas/50/2012,mRNA-1010,397.28.104,378.8771
group_II,A/Texas/50/2012,mRNA-1010,397.28.105,422.5941
group_II,A/Texas/50/2012,mRNA-1010,397.28.106,403.4766
group_II,A/Texas/50/2012,mRNA-1010,397.28.107,339.1563
group_II,A/Texas/50/2012,mRNA-1010,397.28.108,444.8315
group_II,A/Texas/50/2012,mRNA-1010,397.28.109,359.2246
group_II,A/Texas/50/2012,mRNA-1010,397.28.112,436.6337
group_II,A/Texas/50/2012,mRNA-1010,397.28.113,460.6383
group_II,A/Texas/50/2012,mRNA-1010,397.28.114,383.6971
group_II,A/Texas/50/2012,mRNA-1010,397.28.115,405.8443
group_II,A/Texas/50/2012,mRNA-1010,397.28.122,639.819
group_II,A/Texas/50/2012,mRNA-1010,397.28.124,491.6759
group_II,A/Texas/50/2012,mRNA-1010,397.28.132,168.4472
group_II,A/Texas/50/2012,mRNA-1010,397.28.133,3.240418
group_II,A/Texas/50/2012,mRNA-1010,397.28.146,3.541265
group_II,A/Texas/50/2012,mRNA-1010,397.28.153,1.840718
group_II,A/Texas/50/2012,mRNA-1010,397.28.155,1.967753
group_II,A/Texas/50/2012,mRNA-1010,397.28.156,495.2381
group_II,A/Texas/50/2012,mRNA-1010,397.28.169,556.7523
group_II,A/Texas/50/2012,mRNA-1010,397.29.001,267.8911
group_II,A/Texas/50/2012,mRNA-1010,397.29.011,27.02899
group_II,A/Texas/50/2012,mRNA-1010,397.29.012,453.6276
group_II,A/Texas/50/2012,mRNA-1010,397.29.023,504.0971
group_II,A/Texas/50/2012,mRNA-1010,397.29.024,248.2095
group_II,A/Texas/50/2012,mRNA-1010,397.29.028,2.29264
group_II,A/Texas/50/2012,mRNA-1010,397.29.036,380.9193
group_II,A/Texas/50/2012,mRNA-1010,397.29.041,492.0245
group_II,A/Texas/50/2012,mRNA-1010,397.29.044,210.571
group_II,A/Texas/50/2012,mRNA-1010,397.29.045,90.28983
group_II,A/Texas/50/2012,mRNA-1010,397.29.047,84.64322
group_II,A/Texas/50/2012,mRNA-1010,397.29.057,131.2904
group_II,A/Texas/50/2012,mRNA-1010,397.29.062,6.983871
group_II,A/Texas/50/2012,mRNA-1010,397.29.064,101.2903
group_II,A/Texas/50/2012,mRNA-1010,397.29.069,14.86918
group_II,A/Texas/50/2012,mRNA-1010,397.29.072,4.179439
group_II,A/Texas/50/2012,mRNA-1010,397.29.080,19.79346
group_II,A/Texas/50/2012,mRNA-1010,397.29.082,37.72261
group_II,A/Texas/50/2012,mRNA-1010,397.29.083,2.870909
group_II,A/Texas/50/2012,mRNA-1010,397.29.084,10.95636
group_II,A/Texas/50/2012,mRNA-1010,397.29.088,5.697974
group_II,A/Texas/50/2012,mRNA-1010,397.29.089,3.116608
group_II,A/Texas/50/2012,mRNA-1010,397.29.090,1.606007
group_II,A/Texas/50/2012,mRNA-1010,397.29.100,535.7323
group_II,A/Texas/50/2012,mRNA-1010,397.29.109,236.4135
group_II,A/Texas/50/2012,mRNA-1010,397.29.111,357.3004
group_II,A/Texas/50/2012,mRNA-1010,397.29.114,1.169492
group_II,A/Texas/50/2012,mRNA-1010,397.29.119,1.913858
group_II,A/Texas/50/2012,mRNA-1010,397.29.120,1.85547
group_II,A/Texas/50/2012,mRNA-1010,397.29.123,3.452962
group_II,A/Texas/50/2012,mRNA-1010,397.29.125,509.2937
group_II,A/Texas/50/2012,mRNA-1010,397.29.127,492.5756
group_II,A/Texas/50/2012,mRNA-1010,397.29.129,54.18374
group_II,A/Texas/50/2012,mRNA-1010,397.29.136,468.6835
group_II,A/Texas/50/2012,mRNA-1010,397.29.142,498.1413
group_II,A/Texas/50/2012,mRNA-1010,397.29.143,2.058514
group_II,A/Texas/50/2012,mRNA-1010,397.29.149,63.98995
group_II,A/Texas/50/2012,mRNA-1010,397.29.152,494.2709
group_II,A/Texas/50/2012,mRNA-1010,397.29.155,2.848987
group_II,A/Texas/50/2012,mRNA-1010,397.29.156,2.501792
group_II,A/Texas/50/2012,mRNA-1010,397.29.157,2.779412
group_II,A/Texas/50/2012,mRNA-1010,397.29.159,544.7368
group_II,A/Texas/50/2012,mRNA-1010,397.29.164,365.2
group_II,A/Texas/50/2012,mRNA-1010,397.29.166,1.046165
group_II,A/Texas/50/2012,mRNA-1010,397.29.167,0.897324
group_II,A/Texas/50/2012,mRNA-1010,397.29.168,505.8622
group_II,A/Texas/50/2012,mRNA-1010,397.29.169,419.0527
group_II,A/Texas/50/2012,mRNA-1010,397.29.175,395.3343
group_II,A/Texas/50/2012,mRNA-1010,397.29.176,405.8322
group_II,A/Texas/50/2012,mRNA-1010,397.29.190,527.1859
group_II,A/Texas/50/2012,mRNA-1010,397.29.192,355.2022
group_II,A/Texas/50/2012,mRNA-1010,397.29.193,97.77419
group_II,A/Texas/50/2012,mRNA-1010,397.29.194,408.2253
group_II,A/Texas/50/2012,mRNA-1010,397.29.199,777.7778
group_II,A/Texas/50/2012,mRNA-1010,397.29.200,252.6059
group_II,A/Texas/50/2012,mRNA-1010,397.29.201,169.2549
group_II,A/Texas/50/2012,mRNA-1010,397.29.202,152.4045
group_II,A/Texas/50/2012,mRNA-1010,397.29.203,502.6255
group_II,A/Texas/50/2012,mRNA-1010,397.29.204,724.1379
group_II,A/Texas/50/2012,mRNA-1010,397.29.206,435.0513
group_II,A/Texas/50/2012,mRNA-1010,397.29.207,796.4722
group_II,A/Texas/50/2012,mRNA-1010,397.29.213,1.365176
group_II,A/Texas/50/2012,mRNA-1010,397.29.214,2.417563
group_II,A/Texas/50/2012,mRNA-1010,397.29.217,330.0395
group_II,A/Texas/50/2012,mRNA-1010,397.29.219,2.280488
group_II,A/Texas/50/2012,mRNA-1010,397.29.221,2.69697
group_II,A/Texas/50/2012,mRNA-1010,397.29.223,97.69721
group_II,A/Texas/50/2012,mRNA-1010,397.29.224,10.18417
group_II,A/Texas/50/2012,mRNA-1010,397.29.226,358.8287
group_II,A/Texas/50/2012,mRNA-1010,397.29.231,2.474543
group_II,A/Texas/50/2012,mRNA-1010,397.29.232,364.6438
group_II,A/Texas/50/2012,mRNA-1010,397.29.234,307.0533
group_II,A/Texas/50/2012,mRNA-1010,397.29.240,9.705008
group_II,A/Texas/50/2012,mRNA-1010,397.29.241,1.997874
group_II,A/Texas/50/2012,mRNA-1010,397.29.245,1.935772
group_II,A/Texas/50/2012,mRNA-1010,397.29.246,1.905828
group_II,A/Texas/50/2012,mRNA-1010,397.29.249,2.719593
group_II,A/Texas/50/2012,mRNA-1010,397.29.262,0.955238
group_II,A/Texas/50/2012,mRNA-1010,397.29.279,489.7003
group_II,A/Texas/50/2012,mRNA-1010,397.29.280,6.301567
group_II,A/Texas/50/2012,mRNA-1010,397.29.287,539.7536
group_II,A/Texas/50/2012,mRNA-1010,397.29.312,525.5595
group_II,A/Texas/50/2012,mRNA-1010,397.29.318,512.5799
group_II,A/Texas/50/2012,mRNA-1010,397.29.322,333.2725
group_II,A/Texas/50/2012,mRNA-1010,397.29.328,529.2295
group_II,A/Texas/50/2012,mRNA-1010,397.29.342,317.985
group_II,A/Texas/50/2012,mRNA-1010,397.29.349,17.4417
group_II,A/Texas/50/2012,mRNA-1010,397.29.350,370.5069
group_II,A/Texas/50/2012,mRNA-1010,397.29.351,407.4206
group_II,A/Texas/50/2012,mRNA-1010,397.29.353,1.672746
group_II,A/Texas/50/2012,mRNA-1010,397.29.355,2.206022
group_II,A/Texas/50/2012,mRNA-1010,397.29.356,478.6011
group_II,A/Texas/50/2012,mRNA-1010,397.29.359,2.55914
group_II,A/Texas/50/2012,mRNA-1010,397.29.370,6.974194
group_II,A/Texas/50/2012,mRNA-1010,397.29.378,271.431
group_II,A/Texas/50/2012,mRNA-1010,397.29.381,451.9237
group_II,A/Texas/50/2012,mRNA-1010,397.29.382,275.651
group_II,A/Texas/50/2012,mRNA-1010,397.29.383,246.0766
group_II,A/Texas/50/2012,mRNA-1010,397.29.384,20.31215
group_II,A/Texas/50/2012,mRNA-1010,397.29.386,3.299484
group_II,A/Texas/50/2012,mRNA-1010,397.29.398,5.026132
group_II,A/Texas/50/2012,mRNA-1010,397.29.400,369.6526
group_II,A/Texas/50/2012,mRNA-1010,397.29.416,173.1852
group_II,A/Texas/50/2012,mRNA-1010,397.29.418,399.9294
group_II,A/Texas/50/2012,mRNA-1010,397.29.419,198.5022
group_II,A/Texas/50/2012,mRNA-1010,397.29.425,450.7378
group_II,A/Texas/50/2012,mRNA-1010,397.29.426,216.1993
group_II,A/Texas/50/2012,mRNA-1010,397.29.428,209.6167
group_II,A/Texas/50/2012,mRNA-1010,397.29.429,482.8711
group_II,A/Texas/50/2012,mRNA-1010,397.29.430,574.8945
group_II,A/Texas/50/2012,mRNA-1010,397.29.431,3.665505
group_II,A/Texas/50/2012,mRNA-1010,397.29.435,3.008489
group_II,A/Texas/50/2012,mRNA-1010,397.29.445,419.802
group_II,A/Texas/50/2012,mRNA-1010,397.29.446,451.8828
group_II,A/Texas/50/2012,mRNA-1010,397.29.447,246.398
group_II,A/Texas/50/2012,mRNA-1010,397.29.452,1.550775
group_II,A/Texas/50/2012,Fluarix,397.05.012,0.847107
group_II,A/Texas/50/2012,Fluarix,397.05.019,149.3051
group_II,A/Texas/50/2012,Fluarix,397.05.067,159.2095
group_II,A/Texas/50/2012,Fluarix,397.05.081,110.6257
group_II,A/Texas/50/2012,Fluarix,397.05.097,121.2513
group_II,A/Texas/50/2012,Fluarix,397.05.104,770.692
group_II,A/Texas/50/2012,Fluarix,397.05.140,111.2768
group_II,A/Texas/50/2012,Fluarix,397.05.160,223.2739
group_II,A/Texas/50/2012,Fluarix,397.05.161,1.192547
group_II,A/Texas/50/2012,Fluarix,397.05.186,2.440147
group_II,A/Texas/50/2012,Fluarix,397.05.201,6.04947
group_II,A/Texas/50/2012,Fluarix,397.05.249,3.270912
group_II,A/Texas/50/2012,Fluarix,397.05.255,195.5165
group_II,A/Texas/50/2012,Fluarix,397.05.256,156.9809
group_II,A/Texas/50/2012,Fluarix,397.05.287,187.52
group_II,A/Texas/50/2012,Fluarix,397.05.288,2.67957
group_II,A/Texas/50/2012,Fluarix,397.05.290,513.1849
group_II,A/Texas/50/2012,Fluarix,397.05.325,55.93795
group_II,A/Texas/50/2012,Fluarix,397.05.331,56.46761
group_II,A/Texas/50/2012,Fluarix,397.05.334,1.41516
group_II,A/Texas/50/2012,Fluarix,397.05.347,1.641379
group_II,A/Texas/50/2012,Fluarix,397.05.366,0.855072
group_II,A/Texas/50/2012,Fluarix,397.05.368,1.516711
group_II,A/Texas/50/2012,Fluarix,397.05.388,5.148725
group_II,A/Texas/50/2012,Fluarix,397.05.405,3.300353
group_II,A/Texas/50/2012,Fluarix,397.09.331,1.443831
group_II,A/Texas/50/2012,Fluarix,397.09.477,7.189046
group_II,A/Texas/50/2012,Fluarix,397.22.067,299.7005
group_II,A/Texas/50/2012,Fluarix,397.22.111,1.508411
group_II,A/Texas/50/2012,Fluarix,397.22.336,1.6593
group_II,A/Texas/50/2012,Fluarix,397.22.392,371.3908
group_II,A/Texas/50/2012,Fluarix,397.22.403,1.138118
group_II,A/Texas/50/2012,Fluarix,397.22.406,219.3548
group_II,A/Texas/50/2012,Fluarix,397.22.425,6.963636
group_II,A/Darwin/6/2021,mRNA-1010,397.06.001,8.065371
group_II,A/Darwin/6/2021,mRNA-1010,397.06.003,75.09184
group_II,A/Darwin/6/2021,mRNA-1010,397.06.004,54.31108
group_II,A/Darwin/6/2021,mRNA-1010,397.06.006,10.03047
group_II,A/Darwin/6/2021,mRNA-1010,397.06.007,90.4903
group_II,A/Darwin/6/2021,mRNA-1010,397.06.013,6.130742
group_II,A/Darwin/6/2021,mRNA-1010,397.06.014,10.4618
group_II,A/Darwin/6/2021,mRNA-1010,397.06.015,105.0109
group_II,A/Darwin/6/2021,mRNA-1010,397.06.016,211.7235
group_II,A/Darwin/6/2021,mRNA-1010,397.06.021,35.47327
group_II,A/Darwin/6/2021,mRNA-1010,397.06.066,201.079
group_II,A/Darwin/6/2021,mRNA-1010,397.06.068,204.3692
group_II,A/Darwin/6/2021,mRNA-1010,397.06.069,241.2473
group_II,A/Darwin/6/2021,mRNA-1010,397.06.079,29.95041
group_II,A/Darwin/6/2021,mRNA-1010,397.06.085,90.94438
group_II,A/Darwin/6/2021,mRNA-1010,397.06.086,106.5052
group_II,A/Darwin/6/2021,mRNA-1010,397.06.090,206.5924
group_II,A/Darwin/6/2021,mRNA-1010,397.06.112,122.4883
group_II,A/Darwin/6/2021,mRNA-1010,397.06.122,55.32483
group_II,A/Darwin/6/2021,mRNA-1010,397.06.126,52.13992
group_II,A/Darwin/6/2021,mRNA-1010,397.06.127,73.57584
group_II,A/Darwin/6/2021,mRNA-1010,397.06.128,11.73425
group_II,A/Darwin/6/2021,mRNA-1010,397.06.130,178.5655
group_II,A/Darwin/6/2021,mRNA-1010,397.06.134,106.4763
group_II,A/Darwin/6/2021,mRNA-1010,397.06.138,226.1242
group_II,A/Darwin/6/2021,mRNA-1010,397.06.139,35.41581
group_II,A/Darwin/6/2021,mRNA-1010,397.06.144,4.022968
group_II,A/Darwin/6/2021,mRNA-1010,397.06.145,8.983022
group_II,A/Darwin/6/2021,mRNA-1010,397.06.147,112.6875
group_II,A/Darwin/6/2021,mRNA-1010,397.06.153,108.0462
group_II,A/Darwin/6/2021,mRNA-1010,397.06.160,117.9873
group_II,A/Darwin/6/2021,mRNA-1010,397.06.161,211.9038
group_II,A/Darwin/6/2021,mRNA-1010,397.06.165,117.2609
group_II,A/Darwin/6/2021,mRNA-1010,397.06.166,106.7161
group_II,A/Darwin/6/2021,mRNA-1010,397.06.167,101.269
group_II,A/Darwin/6/2021,mRNA-1010,397.06.168,118.9923
group_II,A/Darwin/6/2021,mRNA-1010,397.06.169,120.3995
group_II,A/Darwin/6/2021,mRNA-1010,397.06.171,126.6716
group_II,A/Darwin/6/2021,mRNA-1010,397.06.175,59.82618
group_II,A/Darwin/6/2021,mRNA-1010,397.06.176,120.2771
group_II,A/Darwin/6/2021,mRNA-1010,397.06.177,237.8025
group_II,A/Darwin/6/2021,mRNA-1010,397.06.181,118.8848
group_II,A/Darwin/6/2021,mRNA-1010,397.06.182,5.979899
group_II,A/Darwin/6/2021,mRNA-1010,397.06.183,129.4737
group_II,A/Darwin/6/2021,mRNA-1010,397.06.184,162.4034
group_II,A/Darwin/6/2021,mRNA-1010,397.06.186,122.5806
group_II,A/Darwin/6/2021,mRNA-1010,397.06.195,167.6289
group_II,A/Darwin/6/2021,mRNA-1010,397.06.196,137.623
group_II,A/Darwin/6/2021,mRNA-1010,397.06.198,154.2312
group_II,A/Darwin/6/2021,mRNA-1010,397.06.200,155.3389
group_II,A/Darwin/6/2021,mRNA-1010,397.06.203,8.414356
group_II,A/Darwin/6/2021,mRNA-1010,397.06.208,35.14342
group_II,A/Darwin/6/2021,mRNA-1010,397.06.209,11.98483
group_II,A/Darwin/6/2021,mRNA-1010,397.06.226,6.857143
group_II,A/Darwin/6/2021,mRNA-1010,397.06.231,186.2504
group_II,A/Darwin/6/2021,mRNA-1010,397.06.260,83.08577
group_II,A/Darwin/6/2021,mRNA-1010,397.06.279,10.3882
group_II,A/Darwin/6/2021,mRNA-1010,397.06.281,216.5579
group_II,A/Darwin/6/2021,mRNA-1010,397.06.296,197.4122
group_II,A/Darwin/6/2021,mRNA-1010,397.06.321,242.3963
group_II,A/Darwin/6/2021,mRNA-1010,397.06.322,7.286624
group_II,A/Darwin/6/2021,mRNA-1010,397.06.325,45.37181
group_II,A/Darwin/6/2021,mRNA-1010,397.06.326,126.1998
group_II,A/Darwin/6/2021,mRNA-1010,397.06.327,130.6856
group_II,A/Darwin/6/2021,mRNA-1010,397.06.330,87.93039
group_II,A/Darwin/6/2021,mRNA-1010,397.06.332,1.141805
group_II,A/Darwin/6/2021,mRNA-1010,397.06.350,13.49647
group_II,A/Darwin/6/2021,mRNA-1010,397.06.357,24.84176
group_II,A/Darwin/6/2021,mRNA-1010,397.06.361,234.9129
group_II,A/Darwin/6/2021,mRNA-1010,397.06.367,209.165
group_II,A/Darwin/6/2021,mRNA-1010,397.06.369,183.1432
group_II,A/Darwin/6/2021,mRNA-1010,397.06.371,114.6839
group_II,A/Darwin/6/2021,mRNA-1010,397.06.380,160.4011
group_II,A/Darwin/6/2021,mRNA-1010,397.06.381,217.5011
group_II,A/Darwin/6/2021,mRNA-1010,397.06.382,22.88006
group_II,A/Darwin/6/2021,mRNA-1010,397.06.383,210.1306
group_II,A/Darwin/6/2021,mRNA-1010,397.06.384,17.58234
group_II,A/Darwin/6/2021,mRNA-1010,397.06.385,108.5314
group_II,A/Darwin/6/2021,mRNA-1010,397.06.388,190.7108
group_II,A/Darwin/6/2021,mRNA-1010,397.06.389,111.0242
group_II,A/Darwin/6/2021,mRNA-1010,397.06.404,63.91588
group_II,A/Darwin/6/2021,mRNA-1010,397.06.408,138.4362
group_II,A/Darwin/6/2021,mRNA-1010,397.06.410,12.05575
group_II,A/Darwin/6/2021,mRNA-1010,397.06.413,203.0913
group_II,A/Darwin/6/2021,mRNA-1010,397.06.426,7.362007
group_II,A/Darwin/6/2021,mRNA-1010,397.06.428,199.4048
group_II,A/Darwin/6/2021,mRNA-1010,397.06.430,203.2925
group_II,A/Darwin/6/2021,mRNA-1010,397.06.434,423.4405
group_II,A/Darwin/6/2021,mRNA-1010,397.06.437,166.7325
group_II,A/Darwin/6/2021,mRNA-1010,397.17.016,165.4402
group_II,A/Darwin/6/2021,mRNA-1010,397.17.017,198.855
group_II,A/Darwin/6/2021,mRNA-1010,397.17.026,237.3272
group_II,A/Darwin/6/2021,mRNA-1010,397.17.042,201.5475
group_II,A/Darwin/6/2021,mRNA-1010,397.17.043,203.3552
group_II,A/Darwin/6/2021,mRNA-1010,397.17.047,169.8465
group_II,A/Darwin/6/2021,mRNA-1010,397.17.048,148.7482
group_II,A/Darwin/6/2021,mRNA-1010,397.17.051,140.487
group_II,A/Darwin/6/2021,mRNA-1010,397.17.053,6.972125
group_II,A/Darwin/6/2021,mRNA-1010,397.17.068,204.716
group_II,A/Darwin/6/2021,mRNA-1010,397.17.072,170.3828
group_II,A/Darwin/6/2021,mRNA-1010,397.17.073,184.332
group_II,A/Darwin/6/2021,mRNA-1010,397.17.074,10.90413
group_II,A/Darwin/6/2021,mRNA-1010,397.17.078,231.4245
group_II,A/Darwin/6/2021,mRNA-1010,397.17.079,178.0472
group_II,A/Darwin/6/2021,mRNA-1010,397.17.080,155.0283
group_II,A/Darwin/6/2021,mRNA-1010,397.17.081,191.2199
group_II,A/Darwin/6/2021,mRNA-1010,397.17.082,175.0751
group_II,A/Darwin/6/2021,mRNA-1010,397.17.083,171.6589
group_II,A/Darwin/6/2021,mRNA-1010,397.17.084,152.6503
group_II,A/Darwin/6/2021,mRNA-1010,397.17.086,181.1468
group_II,A/Darwin/6/2021,mRNA-1010,397.17.088,212.5803
group_II,A/Darwin/6/2021,mRNA-1010,397.17.099,187.1429
group_II,A/Darwin/6/2021,mRNA-1010,397.17.101,8.943973
group_II,A/Darwin/6/2021,mRNA-1010,397.17.102,128.5603
group_II,A/Darwin/6/2021,mRNA-1010,397.17.103,134.0615
group_II,A/Darwin/6/2021,mRNA-1010,397.17.109,191.6885
group_II,A/Darwin/6/2021,mRNA-1010,397.17.112,200.2606
group_II,A/Darwin/6/2021,mRNA-1010,397.17.113,53.55012
group_II,A/Darwin/6/2021,mRNA-1010,397.17.118,113.4681
group_II,A/Darwin/6/2021,mRNA-1010,397.17.122,226.7457
group_II,A/Darwin/6/2021,mRNA-1010,397.17.124,171.3274
group_II,A/Darwin/6/2021,mRNA-1010,397.17.125,170.7095
group_II,A/Darwin/6/2021,mRNA-1010,397.17.128,239.6956
group_II,A/Darwin/6/2021,mRNA-1010,397.17.129,179.8298
group_II,A/Darwin/6/2021,mRNA-1010,397.17.130,193.9394
group_II,A/Darwin/6/2021,mRNA-1010,397.17.148,3.05914
group_II,A/Darwin/6/2021,mRNA-1010,397.17.154,46.42167
group_II,A/Darwin/6/2021,mRNA-1010,397.17.159,93.52448
group_II,A/Darwin/6/2021,mRNA-1010,397.17.160,13.36181
group_II,A/Darwin/6/2021,mRNA-1010,397.17.161,58.40123
group_II,A/Darwin/6/2021,mRNA-1010,397.17.162,111.1109
group_II,A/Darwin/6/2021,mRNA-1010,397.17.165,179.5841
group_II,A/Darwin/6/2021,mRNA-1010,397.17.166,28.46309
group_II,A/Darwin/6/2021,mRNA-1010,397.17.167,2.409091
group_II,A/Darwin/6/2021,mRNA-1010,397.17.169,232.3699
group_II,A/Darwin/6/2021,mRNA-1010,397.17.170,5.733216
group_II,A/Darwin/6/2021,mRNA-1010,397.17.171,158.7353
group_II,A/Darwin/6/2021,mRNA-1010,397.17.174,312.3306
group_II,A/Darwin/6/2021,mRNA-1010,397.17.176,112.1106
group_II,A/Darwin/6/2021,mRNA-1010,397.17.177,255.0983
group_II,A/Darwin/6/2021,mRNA-1010,397.17.178,193.2805
group_II,A/Darwin/6/2021,mRNA-1010,397.17.179,210.7884
group_II,A/Darwin/6/2021,mRNA-1010,397.17.182,113.1337
group_II,A/Darwin/6/2021,mRNA-1010,397.17.183,251.7065
group_II,A/Darwin/6/2021,mRNA-1010,397.17.185,23.07769
group_II,A/Darwin/6/2021,mRNA-1010,397.17.189,295.0612
group_II,A/Darwin/6/2021,mRNA-1010,397.17.191,12.04459
group_II,A/Darwin/6/2021,mRNA-1010,397.17.193,178.744
group_II,A/Darwin/6/2021,mRNA-1010,397.17.194,169.6368
group_II,A/Darwin/6/2021,mRNA-1010,397.17.195,120.7341
group_II,A/Darwin/6/2021,mRNA-1010,397.17.196,135.3945
group_II,A/Darwin/6/2021,mRNA-1010,397.17.197,89.01974
group_II,A/Darwin/6/2021,mRNA-1010,397.17.198,182.0902
group_II,A/Darwin/6/2021,mRNA-1010,397.17.199,123.6136
group_II,A/Darwin/6/2021,mRNA-1010,397.17.201,119.0698
group_II,A/Darwin/6/2021,mRNA-1010,397.17.203,117.1872
group_II,A/Darwin/6/2021,mRNA-1010,397.17.207,128.3574
group_II,A/Darwin/6/2021,mRNA-1010,397.17.208,159.9504
group_II,A/Darwin/6/2021,mRNA-1010,397.17.210,100.2763
group_II,A/Darwin/6/2021,mRNA-1010,397.17.213,116.3248
group_II,A/Darwin/6/2021,mRNA-1010,397.17.215,18.86418
group_II,A/Darwin/6/2021,mRNA-1010,397.17.222,36.09745
group_II,A/Darwin/6/2021,mRNA-1010,397.17.223,43.98003
group_II,A/Darwin/6/2021,mRNA-1010,397.17.224,132.1621
group_II,A/Darwin/6/2021,mRNA-1010,397.17.225,161.7736
group_II,A/Darwin/6/2021,mRNA-1010,397.17.226,190.1836
group_II,A/Darwin/6/2021,mRNA-1010,397.17.227,5.043636
group_II,A/Darwin/6/2021,mRNA-1010,397.17.228,149.2778
group_II,A/Darwin/6/2021,mRNA-1010,397.17.231,172.3429
group_II,A/Darwin/6/2021,mRNA-1010,397.17.241,151.0767
group_II,A/Darwin/6/2021,mRNA-1010,397.17.246,155.7827
group_II,A/Darwin/6/2021,mRNA-1010,397.17.247,13.12224
group_II,A/Darwin/6/2021,mRNA-1010,397.17.250,175.3067
group_II,A/Darwin/6/2021,mRNA-1010,397.17.252,32.75856
group_II,A/Darwin/6/2021,mRNA-1010,397.17.261,4.394265
group_II,A/Darwin/6/2021,mRNA-1010,397.17.263,77.16042
group_II,A/Darwin/6/2021,mRNA-1010,397.17.264,262.9883
group_II,A/Darwin/6/2021,mRNA-1010,397.17.281,31.88244
group_II,A/Darwin/6/2021,mRNA-1010,397.17.296,191.4119
group_II,A/Darwin/6/2021,mRNA-1010,397.17.298,5.342756
group_II,A/Darwin/6/2021,mRNA-1010,397.17.302,7.106272
group_II,A/Darwin/6/2021,mRNA-1010,397.17.303,3.620626
group_II,A/Darwin/6/2021,mRNA-1010,397.17.309,192.3218
group_II,A/Darwin/6/2021,mRNA-1010,397.17.310,4.949749
group_II,A/Darwin/6/2021,mRNA-1010,397.17.311,16.28595
group_II,A/Darwin/6/2021,mRNA-1010,397.17.315,97.68587
group_II,A/Darwin/6/2021,mRNA-1010,397.17.322,95.44318
group_II,A/Darwin/6/2021,mRNA-1010,397.17.330,181.3112
group_II,A/Darwin/6/2021,mRNA-1010,397.17.337,60.66006
group_II,A/Darwin/6/2021,mRNA-1010,397.17.338,169.7352
group_II,A/Darwin/6/2021,mRNA-1010,397.17.344,17.61274
group_II,A/Darwin/6/2021,mRNA-1010,397.17.347,22.44372
group_II,A/Darwin/6/2021,mRNA-1010,397.17.348,283.0525
group_II,A/Darwin/6/2021,mRNA-1010,397.17.359,152.0991
group_II,A/Darwin/6/2021,mRNA-1010,397.17.360,167.4107
group_II,A/Darwin/6/2021,mRNA-1010,397.17.362,153.7685
group_II,A/Darwin/6/2021,mRNA-1010,397.17.364,176.4931
group_II,A/Darwin/6/2021,mRNA-1010,397.17.365,58.42767
group_II,A/Darwin/6/2021,mRNA-1010,397.17.371,3.781818
group_II,A/Darwin/6/2021,mRNA-1010,397.17.377,83.82955
group_II,A/Darwin/6/2021,mRNA-1010,397.17.378,32.9686
group_II,A/Darwin/6/2021,mRNA-1010,397.17.379,182.5397
group_II,A/Darwin/6/2021,mRNA-1010,397.28.006,132.1747
group_II,A/Darwin/6/2021,mRNA-1010,397.28.013,84.52489
group_II,A/Darwin/6/2021,mRNA-1010,397.28.038,189.3979
group_II,A/Darwin/6/2021,mRNA-1010,397.28.040,152.9009
group_II,A/Darwin/6/2021,mRNA-1010,397.28.056,169.3892
group_II,A/Darwin/6/2021,mRNA-1010,397.28.060,150.1208
group_II,A/Darwin/6/2021,mRNA-1010,397.28.077,103.4237
group_II,A/Darwin/6/2021,mRNA-1010,397.28.081,211.3721
group_II,A/Darwin/6/2021,mRNA-1010,397.28.082,105.4278
group_II,A/Darwin/6/2021,mRNA-1010,397.28.084,92.47526
group_II,A/Darwin/6/2021,mRNA-1010,397.28.095,2.065421
group_II,A/Darwin/6/2021,mRNA-1010,397.28.098,245.0085
group_II,A/Darwin/6/2021,mRNA-1010,397.28.104,94.22076
group_II,A/Darwin/6/2021,mRNA-1010,397.28.105,122.7061
group_II,A/Darwin/6/2021,mRNA-1010,397.28.106,106.6347
group_II,A/Darwin/6/2021,mRNA-1010,397.28.107,86.44922
group_II,A/Darwin/6/2021,mRNA-1010,397.28.108,104.1933
group_II,A/Darwin/6/2021,mRNA-1010,397.28.109,109.7435
group_II,A/Darwin/6/2021,mRNA-1010,397.28.112,134.0871
group_II,A/Darwin/6/2021,mRNA-1010,397.28.113,129.0713
group_II,A/Darwin/6/2021,mRNA-1010,397.28.114,94.34919
group_II,A/Darwin/6/2021,mRNA-1010,397.28.115,106.048
group_II,A/Darwin/6/2021,mRNA-1010,397.28.122,162.9312
group_II,A/Darwin/6/2021,mRNA-1010,397.28.124,119.7137
group_II,A/Darwin/6/2021,mRNA-1010,397.28.132,343.1373
group_II,A/Darwin/6/2021,mRNA-1010,397.28.133,2.212544
group_II,A/Darwin/6/2021,mRNA-1010,397.28.146,203.6442
group_II,A/Darwin/6/2021,mRNA-1010,397.28.153,172.0981
group_II,A/Darwin/6/2021,mRNA-1010,397.28.155,162.5933
group_II,A/Darwin/6/2021,mRNA-1010,397.28.156,111.7663
group_II,A/Darwin/6/2021,mRNA-1010,397.28.169,121.4664
group_II,A/Darwin/6/2021,mRNA-1010,397.29.001,369.221
group_II,A/Darwin/6/2021,mRNA-1010,397.29.011,88.08986
group_II,A/Darwin/6/2021,mRNA-1010,397.29.012,108.1159
group_II,A/Darwin/6/2021,mRNA-1010,397.29.023,99.13854
group_II,A/Darwin/6/2021,mRNA-1010,397.29.024,282.2624
group_II,A/Darwin/6/2021,mRNA-1010,397.29.028,149.2182
group_II,A/Darwin/6/2021,mRNA-1010,397.29.036,130.4207
group_II,A/Darwin/6/2021,mRNA-1010,397.29.041,135.3362
group_II,A/Darwin/6/2021,mRNA-1010,397.29.044,36.54976
group_II,A/Darwin/6/2021,mRNA-1010,397.29.045,28.55387
group_II,A/Darwin/6/2021,mRNA-1010,397.29.047,160.3183
group_II,A/Darwin/6/2021,mRNA-1010,397.29.057,31.88581
group_II,A/Darwin/6/2021,mRNA-1010,397.29.062,7.274194
group_II,A/Darwin/6/2021,mRNA-1010,397.29.064,24.72496
group_II,A/Darwin/6/2021,mRNA-1010,397.29.069,9.322581
group_II,A/Darwin/6/2021,mRNA-1010,397.29.072,1.276636
group_II,A/Darwin/6/2021,mRNA-1010,397.29.080,4.394148
group_II,A/Darwin/6/2021,mRNA-1010,397.29.082,3.243816
group_II,A/Darwin/6/2021,mRNA-1010,397.29.083,1.156364
group_II,A/Darwin/6/2021,mRNA-1010,397.29.084,2.265455
group_II,A/Darwin/6/2021,mRNA-1010,397.29.088,1.773481
group_II,A/Darwin/6/2021,mRNA-1010,397.29.089,1.646643
group_II,A/Darwin/6/2021,mRNA-1010,397.29.090,2.789753
group_II,A/Darwin/6/2021,mRNA-1010,397.29.100,114.7198
group_II,A/Darwin/6/2021,mRNA-1010,397.29.109,49.44102
group_II,A/Darwin/6/2021,mRNA-1010,397.29.111,57.11934
group_II,A/Darwin/6/2021,mRNA-1010,397.29.114,218.7907
group_II,A/Darwin/6/2021,mRNA-1010,397.29.119,159.6868
group_II,A/Darwin/6/2021,mRNA-1010,397.29.120,193.3791
group_II,A/Darwin/6/2021,mRNA-1010,397.29.123,1.719512
group_II,A/Darwin/6/2021,mRNA-1010,397.29.125,141.3445
group_II,A/Darwin/6/2021,mRNA-1010,397.29.127,105.5812
group_II,A/Darwin/6/2021,mRNA-1010,397.29.129,88.90479
group_II,A/Darwin/6/2021,mRNA-1010,397.29.136,119.7199
group_II,A/Darwin/6/2021,mRNA-1010,397.29.142,154.632
group_II,A/Darwin/6/2021,mRNA-1010,397.29.143,173.8988
group_II,A/Darwin/6/2021,mRNA-1010,397.29.149,18.35008
group_II,A/Darwin/6/2021,mRNA-1010,397.29.152,123.1098
group_II,A/Darwin/6/2021,mRNA-1010,397.29.155,4.981584
group_II,A/Darwin/6/2021,mRNA-1010,397.29.156,3.727599
group_II,A/Darwin/6/2021,mRNA-1010,397.29.157,215.6863
group_II,A/Darwin/6/2021,mRNA-1010,397.29.159,132.7487
group_II,A/Darwin/6/2021,mRNA-1010,397.29.164,119.5705
group_II,A/Darwin/6/2021,mRNA-1010,397.29.166,122.0039
group_II,A/Darwin/6/2021,mRNA-1010,397.29.167,261.3139
group_II,A/Darwin/6/2021,mRNA-1010,397.29.168,132.6837
group_II,A/Darwin/6/2021,mRNA-1010,397.29.169,116.3024
group_II,A/Darwin/6/2021,mRNA-1010,397.29.175,114.0929
group_II,A/Darwin/6/2021,mRNA-1010,397.29.176,106.2774
group_II,A/Darwin/6/2021,mRNA-1010,397.29.190,113.156
group_II,A/Darwin/6/2021,mRNA-1010,397.29.192,65.26955
group_II,A/Darwin/6/2021,mRNA-1010,397.29.193,14.79677
group_II,A/Darwin/6/2021,mRNA-1010,397.29.194,310.108
group_II,A/Darwin/6/2021,mRNA-1010,397.29.199,160.0804
group_II,A/Darwin/6/2021,mRNA-1010,397.29.200,52.89037
group_II,A/Darwin/6/2021,mRNA-1010,397.29.201,34.87405
group_II,A/Darwin/6/2021,mRNA-1010,397.29.202,23.43631
group_II,A/Darwin/6/2021,mRNA-1010,397.29.203,130.5652
group_II,A/Darwin/6/2021,mRNA-1010,397.29.204,147.9494
group_II,A/Darwin/6/2021,mRNA-1010,397.29.206,139.209
group_II,A/Darwin/6/2021,mRNA-1010,397.29.207,160.9647
group_II,A/Darwin/6/2021,mRNA-1010,397.29.213,120.9336
group_II,A/Darwin/6/2021,mRNA-1010,397.29.214,3.247312
group_II,A/Darwin/6/2021,mRNA-1010,397.29.217,83.46579
group_II,A/Darwin/6/2021,mRNA-1010,397.29.219,3.609756
group_II,A/Darwin/6/2021,mRNA-1010,397.29.221,197.669
group_II,A/Darwin/6/2021,mRNA-1010,397.29.223,86.99469
group_II,A/Darwin/6/2021,mRNA-1010,397.29.224,8.268503
group_II,A/Darwin/6/2021,mRNA-1010,397.29.226,127.9356
group_II,A/Darwin/6/2021,mRNA-1010,397.29.231,157.4034
group_II,A/Darwin/6/2021,mRNA-1010,397.29.232,178.9495
group_II,A/Darwin/6/2021,mRNA-1010,397.29.234,31.55852
group_II,A/Darwin/6/2021,mRNA-1010,397.29.240,35.82551
group_II,A/Darwin/6/2021,mRNA-1010,397.29.241,191.3265
group_II,A/Darwin/6/2021,mRNA-1010,397.29.245,63.08455
group_II,A/Darwin/6/2021,mRNA-1010,397.29.246,149.3203
group_II,A/Darwin/6/2021,mRNA-1010,397.29.249,186.2008
group_II,A/Darwin/6/2021,mRNA-1010,397.29.262,3.391429
group_II,A/Darwin/6/2021,mRNA-1010,397.29.279,127.895
group_II,A/Darwin/6/2021,mRNA-1010,397.29.280,59.84075
group_II,A/Darwin/6/2021,mRNA-1010,397.29.287,148.6842
group_II,A/Darwin/6/2021,mRNA-1010,397.29.312,42.54812
group_II,A/Darwin/6/2021,mRNA-1010,397.29.318,127.509
group_II,A/Darwin/6/2021,mRNA-1010,397.29.322,72.85362
group_II,A/Darwin/6/2021,mRNA-1010,397.29.328,74.74899
group_II,A/Darwin/6/2021,mRNA-1010,397.29.342,89.68366
group_II,A/Darwin/6/2021,mRNA-1010,397.29.349,5.765018
group_II,A/Darwin/6/2021,mRNA-1010,397.29.350,126.6208
group_II,A/Darwin/6/2021,mRNA-1010,397.29.351,105.9453
group_II,A/Darwin/6/2021,mRNA-1010,397.29.353,54.23607
group_II,A/Darwin/6/2021,mRNA-1010,397.29.355,172.1891
group_II,A/Darwin/6/2021,mRNA-1010,397.29.356,124.2469
group_II,A/Darwin/6/2021,mRNA-1010,397.29.359,1.83871
group_II,A/Darwin/6/2021,mRNA-1010,397.29.370,7.612903
group_II,A/Darwin/6/2021,mRNA-1010,397.29.378,43.47266
group_II,A/Darwin/6/2021,mRNA-1010,397.29.381,98.28285
group_II,A/Darwin/6/2021,mRNA-1010,397.29.382,322.8934
group_II,A/Darwin/6/2021,mRNA-1010,397.29.383,273.7127
group_II,A/Darwin/6/2021,mRNA-1010,397.29.384,1.334579
group_II,A/Darwin/6/2021,mRNA-1010,397.29.386,4.714286
group_II,A/Darwin/6/2021,mRNA-1010,397.29.398,7.794425
group_II,A/Darwin/6/2021,mRNA-1010,397.29.400,89.27165
group_II,A/Darwin/6/2021,mRNA-1010,397.29.416,143.4443
group_II,A/Darwin/6/2021,mRNA-1010,397.29.418,105.9367
group_II,A/Darwin/6/2021,mRNA-1010,397.29.419,43.23538
group_II,A/Darwin/6/2021,mRNA-1010,397.29.425,182.0951
group_II,A/Darwin/6/2021,mRNA-1010,397.29.426,330.8219
group_II,A/Darwin/6/2021,mRNA-1010,397.29.428,297.1061
group_II,A/Darwin/6/2021,mRNA-1010,397.29.429,66.15861
group_II,A/Darwin/6/2021,mRNA-1010,397.29.430,111.269
group_II,A/Darwin/6/2021,mRNA-1010,397.29.431,1.379791
group_II,A/Darwin/6/2021,mRNA-1010,397.29.435,4.149406
group_II,A/Darwin/6/2021,mRNA-1010,397.29.445,113.8881
group_II,A/Darwin/6/2021,mRNA-1010,397.29.446,125.8452
group_II,A/Darwin/6/2021,mRNA-1010,397.29.447,54.79603
group_II,A/Darwin/6/2021,mRNA-1010,397.29.452,30.10671
group_II,A/Darwin/6/2021,Fluarix,397.05.012,208.6908
group_II,A/Darwin/6/2021,Fluarix,397.05.019,329.013
group_II,A/Darwin/6/2021,Fluarix,397.05.067,267.216
group_II,A/Darwin/6/2021,Fluarix,397.05.081,278.9876
group_II,A/Darwin/6/2021,Fluarix,397.05.097,5.738382
group_II,A/Darwin/6/2021,Fluarix,397.05.104,125.2795
group_II,A/Darwin/6/2021,Fluarix,397.05.140,233.5025
group_II,A/Darwin/6/2021,Fluarix,397.05.160,233.2962
group_II,A/Darwin/6/2021,Fluarix,397.05.161,1.495342
group_II,A/Darwin/6/2021,Fluarix,397.05.186,1.198895
group_II,A/Darwin/6/2021,Fluarix,397.05.201,1.563604
group_II,A/Darwin/6/2021,Fluarix,397.05.249,229.8417
group_II,A/Darwin/6/2021,Fluarix,397.05.255,165.5258
group_II,A/Darwin/6/2021,Fluarix,397.05.256,239.7777
group_II,A/Darwin/6/2021,Fluarix,397.05.287,234.6453
group_II,A/Darwin/6/2021,Fluarix,397.05.288,268.8172
group_II,A/Darwin/6/2021,Fluarix,397.05.290,99.46919
group_II,A/Darwin/6/2021,Fluarix,397.05.325,213.0993
group_II,A/Darwin/6/2021,Fluarix,397.05.331,169.5352
group_II,A/Darwin/6/2021,Fluarix,397.05.334,216.1708
group_II,A/Darwin/6/2021,Fluarix,397.05.347,82.29885
group_II,A/Darwin/6/2021,Fluarix,397.05.366,156.2306
group_II,A/Darwin/6/2021,Fluarix,397.05.368,253.0504
group_II,A/Darwin/6/2021,Fluarix,397.05.388,50.69547
group_II,A/Darwin/6/2021,Fluarix,397.05.405,7.070671
group_II,A/Darwin/6/2021,Fluarix,397.09.331,2.237569
group_II,A/Darwin/6/2021,Fluarix,397.09.477,4.524735
group_II,A/Darwin/6/2021,Fluarix,397.22.067,4.459293
group_II,A/Darwin/6/2021,Fluarix,397.22.111,1.435514
group_II,A/Darwin/6/2021,Fluarix,397.22.336,1.674033
group_II,A/Darwin/6/2021,Fluarix,397.22.392,315.4678
group_II,A/Darwin/6/2021,Fluarix,397.22.403,127.2618
group_II,A/Darwin/6/2021,Fluarix,397.22.406,362.6728
group_II,A/Darwin/6/2021,Fluarix,397.22.425,1.1
group_II,A/Thailand/8/2022,mRNA-1010,397.06.001,7.621908
group_II,A/Thailand/8/2022,mRNA-1010,397.06.003,15.40306
group_II,A/Thailand/8/2022,mRNA-1010,397.06.004,5.347496
group_II,A/Thailand/8/2022,mRNA-1010,397.06.006,10.53943
group_II,A/Thailand/8/2022,mRNA-1010,397.06.007,25.05822
group_II,A/Thailand/8/2022,mRNA-1010,397.06.013,4.991166
group_II,A/Thailand/8/2022,mRNA-1010,397.06.014,9.483871
group_II,A/Thailand/8/2022,mRNA-1010,397.06.015,39.87363
group_II,A/Thailand/8/2022,mRNA-1010,397.06.016,226.5967
group_II,A/Thailand/8/2022,mRNA-1010,397.06.021,4.907233
group_II,A/Thailand/8/2022,mRNA-1010,397.06.066,201.5694
group_II,A/Thailand/8/2022,mRNA-1010,397.06.068,212.9214
group_II,A/Thailand/8/2022,mRNA-1010,397.06.069,269.1466
group_II,A/Thailand/8/2022,mRNA-1010,397.06.079,5.128926
group_II,A/Thailand/8/2022,mRNA-1010,397.06.085,21.65322
group_II,A/Thailand/8/2022,mRNA-1010,397.06.086,25.38028
group_II,A/Thailand/8/2022,mRNA-1010,397.06.090,194.5218
group_II,A/Thailand/8/2022,mRNA-1010,397.06.112,43.51288
group_II,A/Thailand/8/2022,mRNA-1010,397.06.122,12.58523
group_II,A/Thailand/8/2022,mRNA-1010,397.06.126,12.91221
group_II,A/Thailand/8/2022,mRNA-1010,397.06.127,17.82416
group_II,A/Thailand/8/2022,mRNA-1010,397.06.128,3.536098
group_II,A/Thailand/8/2022,mRNA-1010,397.06.130,176.4846
group_II,A/Thailand/8/2022,mRNA-1010,397.06.134,47.56579
group_II,A/Thailand/8/2022,mRNA-1010,397.06.138,192.2912
group_II,A/Thailand/8/2022,mRNA-1010,397.06.139,4.855051
group_II,A/Thailand/8/2022,mRNA-1010,397.06.144,4.155477
group_II,A/Thailand/8/2022,mRNA-1010,397.06.145,6.728353
group_II,A/Thailand/8/2022,mRNA-1010,397.06.147,36.96173
group_II,A/Thailand/8/2022,mRNA-1010,397.06.153,25.26031
group_II,A/Thailand/8/2022,mRNA-1010,397.06.160,40.39873
group_II,A/Thailand/8/2022,mRNA-1010,397.06.161,224.5673
group_II,A/Thailand/8/2022,mRNA-1010,397.06.165,40.83218
group_II,A/Thailand/8/2022,mRNA-1010,397.06.166,35.91264
group_II,A/Thailand/8/2022,mRNA-1010,397.06.167,35.73793
group_II,A/Thailand/8/2022,mRNA-1010,397.06.168,41.18922
group_II,A/Thailand/8/2022,mRNA-1010,397.06.169,38.43562
group_II,A/Thailand/8/2022,mRNA-1010,397.06.171,32.21438
group_II,A/Thailand/8/2022,mRNA-1010,397.06.175,24.9923
group_II,A/Thailand/8/2022,mRNA-1010,397.06.176,41.73888
group_II,A/Thailand/8/2022,mRNA-1010,397.06.177,237.8025
group_II,A/Thailand/8/2022,mRNA-1010,397.06.181,30.18036
group_II,A/Thailand/8/2022,mRNA-1010,397.06.182,2.338358
group_II,A/Thailand/8/2022,mRNA-1010,397.06.183,33.35921
group_II,A/Thailand/8/2022,mRNA-1010,397.06.184,36.0904
group_II,A/Thailand/8/2022,mRNA-1010,397.06.186,130.5211
group_II,A/Thailand/8/2022,mRNA-1010,397.06.195,49.16961
group_II,A/Thailand/8/2022,mRNA-1010,397.06.196,25.99188
group_II,A/Thailand/8/2022,mRNA-1010,397.06.198,34.49582
group_II,A/Thailand/8/2022,mRNA-1010,397.06.200,41.89877
group_II,A/Thailand/8/2022,mRNA-1010,397.06.203,1.750408
group_II,A/Thailand/8/2022,mRNA-1010,397.06.208,8.980263
group_II,A/Thailand/8/2022,mRNA-1010,397.06.209,4.001517
group_II,A/Thailand/8/2022,mRNA-1010,397.06.226,7.640553
group_II,A/Thailand/8/2022,mRNA-1010,397.06.231,193.967
group_II,A/Thailand/8/2022,mRNA-1010,397.06.260,24.94444
group_II,A/Thailand/8/2022,mRNA-1010,397.06.279,6.821429
group_II,A/Thailand/8/2022,mRNA-1010,397.06.281,224.7145
group_II,A/Thailand/8/2022,mRNA-1010,397.06.296,208.1331
group_II,A/Thailand/8/2022,mRNA-1010,397.06.321,249.7696
group_II,A/Thailand/8/2022,mRNA-1010,397.06.322,5.025478
group_II,A/Thailand/8/2022,mRNA-1010,397.06.325,8.271141
group_II,A/Thailand/8/2022,mRNA-1010,397.06.326,30.75418
group_II,A/Thailand/8/2022,mRNA-1010,397.06.327,44.41891
group_II,A/Thailand/8/2022,mRNA-1010,397.06.330,14.18329
group_II,A/Thailand/8/2022,mRNA-1010,397.06.332,0.826888
group_II,A/Thailand/8/2022,mRNA-1010,397.06.350,11.79682
group_II,A/Thailand/8/2022,mRNA-1010,397.06.357,9.32137
group_II,A/Thailand/8/2022,mRNA-1010,397.06.361,240.5832
group_II,A/Thailand/8/2022,mRNA-1010,397.06.367,227.5862
group_II,A/Thailand/8/2022,mRNA-1010,397.06.369,152.0913
group_II,A/Thailand/8/2022,mRNA-1010,397.06.371,23.34483
group_II,A/Thailand/8/2022,mRNA-1010,397.06.380,46.06381
group_II,A/Thailand/8/2022,mRNA-1010,397.06.381,210.3492
group_II,A/Thailand/8/2022,mRNA-1010,397.06.382,6.482759
group_II,A/Thailand/8/2022,mRNA-1010,397.06.383,194.6973
group_II,A/Thailand/8/2022,mRNA-1010,397.06.384,3.517827
group_II,A/Thailand/8/2022,mRNA-1010,397.06.385,22.94983
group_II,A/Thailand/8/2022,mRNA-1010,397.06.388,199.8593
group_II,A/Thailand/8/2022,mRNA-1010,397.06.389,18.42819
group_II,A/Thailand/8/2022,mRNA-1010,397.06.404,12.44776
group_II,A/Thailand/8/2022,mRNA-1010,397.06.408,36.63707
group_II,A/Thailand/8/2022,mRNA-1010,397.06.410,10.84321
group_II,A/Thailand/8/2022,mRNA-1010,397.06.413,212.7965
group_II,A/Thailand/8/2022,mRNA-1010,397.06.426,7.120072
group_II,A/Thailand/8/2022,mRNA-1010,397.06.428,183.2483
group_II,A/Thailand/8/2022,mRNA-1010,397.06.430,189.1271
group_II,A/Thailand/8/2022,mRNA-1010,397.06.434,0.351607
group_II,A/Thailand/8/2022,mRNA-1010,397.06.437,179.6075
group_II,A/Thailand/8/2022,mRNA-1010,397.17.016,66.55465
group_II,A/Thailand/8/2022,mRNA-1010,397.17.017,211.8321
group_II,A/Thailand/8/2022,mRNA-1010,397.17.026,77.23963
group_II,A/Thailand/8/2022,mRNA-1010,397.17.042,209.2852
group_II,A/Thailand/8/2022,mRNA-1010,397.17.043,201.7185
group_II,A/Thailand/8/2022,mRNA-1010,397.17.047,163.5023
group_II,A/Thailand/8/2022,mRNA-1010,397.17.048,169.1205
group_II,A/Thailand/8/2022,mRNA-1010,397.17.051,52.32035
group_II,A/Thailand/8/2022,mRNA-1010,397.17.053,3.881533
group_II,A/Thailand/8/2022,mRNA-1010,397.17.068,214.7195
group_II,A/Thailand/8/2022,mRNA-1010,397.17.072,188.8936
group_II,A/Thailand/8/2022,mRNA-1010,397.17.073,30.70122
group_II,A/Thailand/8/2022,mRNA-1010,397.17.074,10.22645
group_II,A/Thailand/8/2022,mRNA-1010,397.17.078,222.4326
group_II,A/Thailand/8/2022,mRNA-1010,397.17.079,187.1241
group_II,A/Thailand/8/2022,mRNA-1010,397.17.080,150.1094
group_II,A/Thailand/8/2022,mRNA-1010,397.17.081,170.5361
group_II,A/Thailand/8/2022,mRNA-1010,397.17.082,169.5373
group_II,A/Thailand/8/2022,mRNA-1010,397.17.083,164.8113
group_II,A/Thailand/8/2022,mRNA-1010,397.17.084,149.5873
group_II,A/Thailand/8/2022,mRNA-1010,397.17.086,176.3684
group_II,A/Thailand/8/2022,mRNA-1010,397.17.088,223.5996
group_II,A/Thailand/8/2022,mRNA-1010,397.17.099,106.6875
group_II,A/Thailand/8/2022,mRNA-1010,397.17.101,9.057725
group_II,A/Thailand/8/2022,mRNA-1010,397.17.102,32.60259
group_II,A/Thailand/8/2022,mRNA-1010,397.17.103,36.3245
group_II,A/Thailand/8/2022,mRNA-1010,397.17.109,201.0483
group_II,A/Thailand/8/2022,mRNA-1010,397.17.112,185.9253
group_II,A/Thailand/8/2022,mRNA-1010,397.17.113,72.59403
group_II,A/Thailand/8/2022,mRNA-1010,397.17.118,29.02039
group_II,A/Thailand/8/2022,mRNA-1010,397.17.122,117.8467
group_II,A/Thailand/8/2022,mRNA-1010,397.17.124,179.823
group_II,A/Thailand/8/2022,mRNA-1010,397.17.125,177.3802
group_II,A/Thailand/8/2022,mRNA-1010,397.17.128,0.521961
group_II,A/Thailand/8/2022,mRNA-1010,397.17.129,28.09207
group_II,A/Thailand/8/2022,mRNA-1010,397.17.130,198.6014
group_II,A/Thailand/8/2022,mRNA-1010,397.17.148,2.501792
group_II,A/Thailand/8/2022,mRNA-1010,397.17.154,37.3836
group_II,A/Thailand/8/2022,mRNA-1010,397.17.159,28.60825
group_II,A/Thailand/8/2022,mRNA-1010,397.17.160,13.78894
group_II,A/Thailand/8/2022,mRNA-1010,397.17.161,47.70798
group_II,A/Thailand/8/2022,mRNA-1010,397.17.162,31.15006
group_II,A/Thailand/8/2022,mRNA-1010,397.17.165,183.6799
group_II,A/Thailand/8/2022,mRNA-1010,397.17.166,10.98389
group_II,A/Thailand/8/2022,mRNA-1010,397.17.167,2.365455
group_II,A/Thailand/8/2022,mRNA-1010,397.17.169,224.6628
group_II,A/Thailand/8/2022,mRNA-1010,397.17.170,5.113074
group_II,A/Thailand/8/2022,mRNA-1010,397.17.171,167.8618
group_II,A/Thailand/8/2022,mRNA-1010,397.17.174,1.447832
group_II,A/Thailand/8/2022,mRNA-1010,397.17.176,114.3879
group_II,A/Thailand/8/2022,mRNA-1010,397.17.177,241.3793
group_II,A/Thailand/8/2022,mRNA-1010,397.17.178,183.8798
group_II,A/Thailand/8/2022,mRNA-1010,397.17.179,196.2656
group_II,A/Thailand/8/2022,mRNA-1010,397.17.182,30.7455
group_II,A/Thailand/8/2022,mRNA-1010,397.17.183,217.1502
group_II,A/Thailand/8/2022,mRNA-1010,397.17.185,22.13223
group_II,A/Thailand/8/2022,mRNA-1010,397.17.189,63.67033
group_II,A/Thailand/8/2022,mRNA-1010,397.17.191,5.582803
group_II,A/Thailand/8/2022,mRNA-1010,397.17.193,160.4488
group_II,A/Thailand/8/2022,mRNA-1010,397.17.194,183.1357
group_II,A/Thailand/8/2022,mRNA-1010,397.17.195,40.37545
group_II,A/Thailand/8/2022,mRNA-1010,397.17.196,42.38713
group_II,A/Thailand/8/2022,mRNA-1010,397.17.197,26.18553
group_II,A/Thailand/8/2022,mRNA-1010,397.17.198,51.65077
group_II,A/Thailand/8/2022,mRNA-1010,397.17.199,42.6294
group_II,A/Thailand/8/2022,mRNA-1010,397.17.201,38.15403
group_II,A/Thailand/8/2022,mRNA-1010,397.17.203,28.82993
group_II,A/Thailand/8/2022,mRNA-1010,397.17.207,42.6414
group_II,A/Thailand/8/2022,mRNA-1010,397.17.208,60.37423
group_II,A/Thailand/8/2022,mRNA-1010,397.17.210,29.89211
group_II,A/Thailand/8/2022,mRNA-1010,397.17.213,27.2
group_II,A/Thailand/8/2022,mRNA-1010,397.17.215,16.76061
group_II,A/Thailand/8/2022,mRNA-1010,397.17.222,16.7931
group_II,A/Thailand/8/2022,mRNA-1010,397.17.223,50.69878
group_II,A/Thailand/8/2022,mRNA-1010,397.17.224,84.7621
group_II,A/Thailand/8/2022,mRNA-1010,397.17.225,5.463023
group_II,A/Thailand/8/2022,mRNA-1010,397.17.226,1.74863
group_II,A/Thailand/8/2022,mRNA-1010,397.17.227,5.261818
group_II,A/Thailand/8/2022,mRNA-1010,397.17.228,156.9048
group_II,A/Thailand/8/2022,mRNA-1010,397.17.231,179.0957
group_II,A/Thailand/8/2022,mRNA-1010,397.17.241,163.5262
group_II,A/Thailand/8/2022,mRNA-1010,397.17.246,35.07106
group_II,A/Thailand/8/2022,mRNA-1010,397.17.247,16.56197
group_II,A/Thailand/8/2022,mRNA-1010,397.17.250,191.5315
group_II,A/Thailand/8/2022,mRNA-1010,397.17.252,30.97227
group_II,A/Thailand/8/2022,mRNA-1010,397.17.261,4.84767
group_II,A/Thailand/8/2022,mRNA-1010,397.17.263,1.385307
group_II,A/Thailand/8/2022,mRNA-1010,397.17.264,21.17802
group_II,A/Thailand/8/2022,mRNA-1010,397.17.281,30.1728
group_II,A/Thailand/8/2022,mRNA-1010,397.17.296,200.1456
group_II,A/Thailand/8/2022,mRNA-1010,397.17.298,4.510601
group_II,A/Thailand/8/2022,mRNA-1010,397.17.302,5.65331
group_II,A/Thailand/8/2022,mRNA-1010,397.17.303,2.937385
group_II,A/Thailand/8/2022,mRNA-1010,397.17.309,99.68966
group_II,A/Thailand/8/2022,mRNA-1010,397.17.310,5.450586
group_II,A/Thailand/8/2022,mRNA-1010,397.17.311,19.55702
group_II,A/Thailand/8/2022,mRNA-1010,397.17.315,27.60905
group_II,A/Thailand/8/2022,mRNA-1010,397.17.322,23.91793
group_II,A/Thailand/8/2022,mRNA-1010,397.17.330,189.4586
group_II,A/Thailand/8/2022,mRNA-1010,397.17.337,15.57932
group_II,A/Thailand/8/2022,mRNA-1010,397.17.338,170.2335
group_II,A/Thailand/8/2022,mRNA-1010,397.17.344,17.57659
group_II,A/Thailand/8/2022,mRNA-1010,397.17.347,22.44372
group_II,A/Thailand/8/2022,mRNA-1010,397.17.348,0.483121
group_II,A/Thailand/8/2022,mRNA-1010,397.17.359,143.4509
group_II,A/Thailand/8/2022,mRNA-1010,397.17.360,172.247
group_II,A/Thailand/8/2022,mRNA-1010,397.17.362,160.498
group_II,A/Thailand/8/2022,mRNA-1010,397.17.364,173.8132
group_II,A/Thailand/8/2022,mRNA-1010,397.17.365,4.687107
group_II,A/Thailand/8/2022,mRNA-1010,397.17.371,4.503636
group_II,A/Thailand/8/2022,mRNA-1010,397.17.377,14.46086
group_II,A/Thailand/8/2022,mRNA-1010,397.17.378,32.89421
group_II,A/Thailand/8/2022,mRNA-1010,397.17.379,172.5146
group_II,A/Thailand/8/2022,mRNA-1010,397.28.006,44.68401
group_II,A/Thailand/8/2022,mRNA-1010,397.28.013,16.98268
group_II,A/Thailand/8/2022,mRNA-1010,397.28.038,193.8929
group_II,A/Thailand/8/2022,mRNA-1010,397.28.040,34.05824
group_II,A/Thailand/8/2022,mRNA-1010,397.28.056,177.5568
group_II,A/Thailand/8/2022,mRNA-1010,397.28.060,160.5769
group_II,A/Thailand/8/2022,mRNA-1010,397.28.077,41.1994
group_II,A/Thailand/8/2022,mRNA-1010,397.28.081,199.3201
group_II,A/Thailand/8/2022,mRNA-1010,397.28.082,18.22036
group_II,A/Thailand/8/2022,mRNA-1010,397.28.084,22.97786
group_II,A/Thailand/8/2022,mRNA-1010,397.28.095,1.319626
group_II,A/Thailand/8/2022,mRNA-1010,397.28.098,95.34247
group_II,A/Thailand/8/2022,mRNA-1010,397.28.104,24.56802
group_II,A/Thailand/8/2022,mRNA-1010,397.28.105,45.37448
group_II,A/Thailand/8/2022,mRNA-1010,397.28.106,34.01405
group_II,A/Thailand/8/2022,mRNA-1010,397.28.107,24.83203
group_II,A/Thailand/8/2022,mRNA-1010,397.28.108,30.83024
group_II,A/Thailand/8/2022,mRNA-1010,397.28.109,37.75414
group_II,A/Thailand/8/2022,mRNA-1010,397.28.112,44.29307
group_II,A/Thailand/8/2022,mRNA-1010,397.28.113,44.07234
group_II,A/Thailand/8/2022,mRNA-1010,397.28.114,28.17146
group_II,A/Thailand/8/2022,mRNA-1010,397.28.115,33.44496
group_II,A/Thailand/8/2022,mRNA-1010,397.28.122,43.86335
group_II,A/Thailand/8/2022,mRNA-1010,397.28.124,40.32297
group_II,A/Thailand/8/2022,mRNA-1010,397.28.132,2.86329
group_II,A/Thailand/8/2022,mRNA-1010,397.28.133,1.283972
group_II,A/Thailand/8/2022,mRNA-1010,397.28.146,73.19971
group_II,A/Thailand/8/2022,mRNA-1010,397.28.153,166.6056
group_II,A/Thailand/8/2022,mRNA-1010,397.28.155,172.7766
group_II,A/Thailand/8/2022,mRNA-1010,397.28.156,28.27033
group_II,A/Thailand/8/2022,mRNA-1010,397.28.169,26.01243
group_II,A/Thailand/8/2022,mRNA-1010,397.29.001,1.075997
group_II,A/Thailand/8/2022,mRNA-1010,397.29.011,29.83768
group_II,A/Thailand/8/2022,mRNA-1010,397.29.012,35.7904
group_II,A/Thailand/8/2022,mRNA-1010,397.29.023,1.633758
group_II,A/Thailand/8/2022,mRNA-1010,397.29.024,0.504013
group_II,A/Thailand/8/2022,mRNA-1010,397.29.028,160.5439
group_II,A/Thailand/8/2022,mRNA-1010,397.29.036,72.517
group_II,A/Thailand/8/2022,mRNA-1010,397.29.041,47.11043
group_II,A/Thailand/8/2022,mRNA-1010,397.29.044,8.539967
group_II,A/Thailand/8/2022,mRNA-1010,397.29.045,11.45524
group_II,A/Thailand/8/2022,mRNA-1010,397.29.047,14.54104
group_II,A/Thailand/8/2022,mRNA-1010,397.29.057,5.380098
group_II,A/Thailand/8/2022,mRNA-1010,397.29.062,2.232975
group_II,A/Thailand/8/2022,mRNA-1010,397.29.064,4.578947
group_II,A/Thailand/8/2022,mRNA-1010,397.29.069,2.035842
group_II,A/Thailand/8/2022,mRNA-1010,397.29.072,0.781308
group_II,A/Thailand/8/2022,mRNA-1010,397.29.080,1.685026
group_II,A/Thailand/8/2022,mRNA-1010,397.29.082,1.399293
group_II,A/Thailand/8/2022,mRNA-1010,397.29.083,0.803636
group_II,A/Thailand/8/2022,mRNA-1010,397.29.084,1.085455
group_II,A/Thailand/8/2022,mRNA-1010,397.29.088,0.970534
group_II,A/Thailand/8/2022,mRNA-1010,397.29.089,0.971731
group_II,A/Thailand/8/2022,mRNA-1010,397.29.090,1.206714
group_II,A/Thailand/8/2022,mRNA-1010,397.29.100,38.48821
group_II,A/Thailand/8/2022,mRNA-1010,397.29.109,237.8016
group_II,A/Thailand/8/2022,mRNA-1010,397.29.111,22.96845
group_II,A/Thailand/8/2022,mRNA-1010,397.29.114,166.0656
group_II,A/Thailand/8/2022,mRNA-1010,397.29.119,167.5179
group_II,A/Thailand/8/2022,mRNA-1010,397.29.120,194.9939
group_II,A/Thailand/8/2022,mRNA-1010,397.29.123,0.904181
group_II,A/Thailand/8/2022,mRNA-1010,397.29.125,49.04213
group_II,A/Thailand/8/2022,mRNA-1010,397.29.127,28.38095
group_II,A/Thailand/8/2022,mRNA-1010,397.29.129,92.52784
group_II,A/Thailand/8/2022,mRNA-1010,397.29.136,32.71429
group_II,A/Thailand/8/2022,mRNA-1010,397.29.142,50.30112
group_II,A/Thailand/8/2022,mRNA-1010,397.29.143,179.8159
group_II,A/Thailand/8/2022,mRNA-1010,397.29.149,17.98492
group_II,A/Thailand/8/2022,mRNA-1010,397.29.152,6.52123
group_II,A/Thailand/8/2022,mRNA-1010,397.29.155,5.79558
group_II,A/Thailand/8/2022,mRNA-1010,397.29.156,3.888889
group_II,A/Thailand/8/2022,mRNA-1010,397.29.157,222.3708
group_II,A/Thailand/8/2022,mRNA-1010,397.29.159,43.82237
group_II,A/Thailand/8/2022,mRNA-1010,397.29.164,37.78792
group_II,A/Thailand/8/2022,mRNA-1010,397.29.166,153.4091
group_II,A/Thailand/8/2022,mRNA-1010,397.29.167,197.5669
group_II,A/Thailand/8/2022,mRNA-1010,397.29.168,41.75383
group_II,A/Thailand/8/2022,mRNA-1010,397.29.169,31.94868
group_II,A/Thailand/8/2022,mRNA-1010,397.29.175,31.65465
group_II,A/Thailand/8/2022,mRNA-1010,397.29.176,30.02219
group_II,A/Thailand/8/2022,mRNA-1010,397.29.190,91.55088
group_II,A/Thailand/8/2022,mRNA-1010,397.29.192,21.75692
group_II,A/Thailand/8/2022,mRNA-1010,397.29.193,5.133871
group_II,A/Thailand/8/2022,mRNA-1010,397.29.194,0.491173
group_II,A/Thailand/8/2022,mRNA-1010,397.29.199,35.00591
group_II,A/Thailand/8/2022,mRNA-1010,397.29.200,18.52593
group_II,A/Thailand/8/2022,mRNA-1010,397.29.201,11.59181
group_II,A/Thailand/8/2022,mRNA-1010,397.29.202,7.383758
group_II,A/Thailand/8/2022,mRNA-1010,397.29.203,37.70233
group_II,A/Thailand/8/2022,mRNA-1010,397.29.204,32.04943
group_II,A/Thailand/8/2022,mRNA-1010,397.29.206,34.15394
group_II,A/Thailand/8/2022,mRNA-1010,397.29.207,35.89824
group_II,A/Thailand/8/2022,mRNA-1010,397.29.213,134.4858
group_II,A/Thailand/8/2022,mRNA-1010,397.29.214,2.659498
group_II,A/Thailand/8/2022,mRNA-1010,397.29.217,22.41974
group_II,A/Thailand/8/2022,mRNA-1010,397.29.219,2.932056
group_II,A/Thailand/8/2022,mRNA-1010,397.29.221,208.3916
group_II,A/Thailand/8/2022,mRNA-1010,397.29.223,24.49402
group_II,A/Thailand/8/2022,mRNA-1010,397.29.224,7.22031
group_II,A/Thailand/8/2022,mRNA-1010,397.29.226,57.36164
group_II,A/Thailand/8/2022,mRNA-1010,397.29.231,152.431
group_II,A/Thailand/8/2022,mRNA-1010,397.29.232,83.63779
group_II,A/Thailand/8/2022,mRNA-1010,397.29.234,7.625185
group_II,A/Thailand/8/2022,mRNA-1010,397.29.240,37.72926
group_II,A/Thailand/8/2022,mRNA-1010,397.29.241,198.9796
group_II,A/Thailand/8/2022,mRNA-1010,397.29.245,72.35244
group_II,A/Thailand/8/2022,mRNA-1010,397.29.246,169.8247
group_II,A/Thailand/8/2022,mRNA-1010,397.29.249,205.6612
group_II,A/Thailand/8/2022,mRNA-1010,397.29.262,220.2781
group_II,A/Thailand/8/2022,mRNA-1010,397.29.279,41.07843
group_II,A/Thailand/8/2022,mRNA-1010,397.29.280,70.51975
group_II,A/Thailand/8/2022,mRNA-1010,397.29.287,53.16125
group_II,A/Thailand/8/2022,mRNA-1010,397.29.312,3.181077
group_II,A/Thailand/8/2022,mRNA-1010,397.29.318,41.05928
group_II,A/Thailand/8/2022,mRNA-1010,397.29.322,19.44638
group_II,A/Thailand/8/2022,mRNA-1010,397.29.328,16.57987
group_II,A/Thailand/8/2022,mRNA-1010,397.29.342,32.08396
group_II,A/Thailand/8/2022,mRNA-1010,397.29.349,2.10424
group_II,A/Thailand/8/2022,mRNA-1010,397.29.350,44.57071
group_II,A/Thailand/8/2022,mRNA-1010,397.29.351,35.61719
group_II,A/Thailand/8/2022,mRNA-1010,397.29.353,33.57751
group_II,A/Thailand/8/2022,mRNA-1010,397.29.355,181.4913
group_II,A/Thailand/8/2022,mRNA-1010,397.29.356,39.79647
group_II,A/Thailand/8/2022,mRNA-1010,397.29.359,1.055556
group_II,A/Thailand/8/2022,mRNA-1010,397.29.370,6.422581
group_II,A/Thailand/8/2022,mRNA-1010,397.29.378,13.40365
group_II,A/Thailand/8/2022,mRNA-1010,397.29.381,0.600751
group_II,A/Thailand/8/2022,mRNA-1010,397.29.382,0.387025
group_II,A/Thailand/8/2022,mRNA-1010,397.29.383,0.336043
group_II,A/Thailand/8/2022,mRNA-1010,397.29.384,0.796262
group_II,A/Thailand/8/2022,mRNA-1010,397.29.386,4.803787
group_II,A/Thailand/8/2022,mRNA-1010,397.29.398,7.480836
group_II,A/Thailand/8/2022,mRNA-1010,397.29.400,32.05087
group_II,A/Thailand/8/2022,mRNA-1010,397.29.416,0.340547
group_II,A/Thailand/8/2022,mRNA-1010,397.29.418,38.3946
group_II,A/Thailand/8/2022,mRNA-1010,397.29.419,14.14093
group_II,A/Thailand/8/2022,mRNA-1010,397.29.425,34.7761
group_II,A/Thailand/8/2022,mRNA-1010,397.29.426,0.632877
group_II,A/Thailand/8/2022,mRNA-1010,397.29.428,0.358842
group_II,A/Thailand/8/2022,mRNA-1010,397.29.429,20.08426
group_II,A/Thailand/8/2022,mRNA-1010,397.29.430,25.99895
group_II,A/Thailand/8/2022,mRNA-1010,397.29.431,0.824042
group_II,A/Thailand/8/2022,mRNA-1010,397.29.435,3.558574
group_II,A/Thailand/8/2022,mRNA-1010,397.29.445,42.94851
group_II,A/Thailand/8/2022,mRNA-1010,397.29.446,47.03556
group_II,A/Thailand/8/2022,mRNA-1010,397.29.447,18.69122
group_II,A/Thailand/8/2022,mRNA-1010,397.29.452,43.7401
group_II,A/Thailand/8/2022,Fluarix,397.05.012,2.265152
group_II,A/Thailand/8/2022,Fluarix,397.05.019,230.3091
group_II,A/Thailand/8/2022,Fluarix,397.05.067,273.6904
group_II,A/Thailand/8/2022,Fluarix,397.05.081,270.1589
group_II,A/Thailand/8/2022,Fluarix,397.05.097,0.974182
group_II,A/Thailand/8/2022,Fluarix,397.05.104,27.24695
group_II,A/Thailand/8/2022,Fluarix,397.05.140,218.2741
group_II,A/Thailand/8/2022,Fluarix,397.05.160,117.7533
group_II,A/Thailand/8/2022,Fluarix,397.05.161,1.169255
group_II,A/Thailand/8/2022,Fluarix,397.05.186,0.913444
group_II,A/Thailand/8/2022,Fluarix,397.05.201,0.902827
group_II,A/Thailand/8/2022,Fluarix,397.05.249,235.1168
group_II,A/Thailand/8/2022,Fluarix,397.05.255,75.89945
group_II,A/Thailand/8/2022,Fluarix,397.05.256,167.1298
group_II,A/Thailand/8/2022,Fluarix,397.05.287,258.4122
group_II,A/Thailand/8/2022,Fluarix,397.05.288,286.0215
group_II,A/Thailand/8/2022,Fluarix,397.05.290,34.43838
group_II,A/Thailand/8/2022,Fluarix,397.05.325,198.9972
group_II,A/Thailand/8/2022,Fluarix,397.05.331,125.0244
group_II,A/Thailand/8/2022,Fluarix,397.05.334,240.8163
group_II,A/Thailand/8/2022,Fluarix,397.05.347,64.34828
group_II,A/Thailand/8/2022,Fluarix,397.05.366,128.7316
group_II,A/Thailand/8/2022,Fluarix,397.05.368,269.496
group_II,A/Thailand/8/2022,Fluarix,397.05.388,34.26204
group_II,A/Thailand/8/2022,Fluarix,397.05.405,2.201413
group_II,A/Thailand/8/2022,Fluarix,397.09.331,1.976059
group_II,A/Thailand/8/2022,Fluarix,397.09.477,0.862191
group_II,A/Thailand/8/2022,Fluarix,397.22.067,56.7957
group_II,A/Thailand/8/2022,Fluarix,397.22.111,1.057944
group_II,A/Thailand/8/2022,Fluarix,397.22.336,1.228361
group_II,A/Thailand/8/2022,Fluarix,397.22.392,0.543678
group_II,A/Thailand/8/2022,Fluarix,397.22.403,146.8637
group_II,A/Thailand/8/2022,Fluarix,397.22.406,0.343318
group_II,A/Thailand/8/2022,Fluarix,397.22.425,0.830909
group_II,A/Croatia/10136RV/2023,mRNA-1010,397.06.001,2.832155
group_II,A/Croatia/10136RV/2023,mRNA-1010,397.06.003,19.92985
group_II,A/Croatia/10136RV/2023,mRNA-1010,397.06.004,9.502276
group_II,A/Croatia/10136RV/2023,mRNA-1010,397.06.006,2.673835
group_II,A/Croatia/10136RV/2023,mRNA-1010,397.06.007,24.99898
group_II,A/Croatia/10136RV/2023,mRNA-1010,397.06.013,1.646643
group_II,A/Croatia/10136RV/2023,mRNA-1010,397.06.014,2.994907
group_II,A/Croatia/10136RV/2023,mRNA-1010,397.06.015,22.36087
group_II,A/Croatia/10136RV/2023,mRNA-1010,397.06.016,11.22222
group_II,A/Croatia/10136RV/2023,mRNA-1010,397.06.021,7.955975
group_II,A/Croatia/10136RV/2023,mRNA-1010,397.06.066,10.37616
group_II,A/Croatia/10136RV/2023,mRNA-1010,397.06.068,10.06124
group_II,A/Croatia/10136RV/2023,mRNA-1010,397.06.069,10.88676
group_II,A/Croatia/10136RV/2023,mRNA-1010,397.06.079,9.680992
group_II,A/Croatia/10136RV/2023,mRNA-1010,397.06.085,25.47219
group_II,A/Croatia/10136RV/2023,mRNA-1010,397.06.086,29.48075
group_II,A/Croatia/10136RV/2023,mRNA-1010,397.06.090,9.935005
group_II,A/Croatia/10136RV/2023,mRNA-1010,397.06.112,24.10773
group_II,A/Croatia/10136RV/2023,mRNA-1010,397.06.122,11.76779
group_II,A/Croatia/10136RV/2023,mRNA-1010,397.06.126,13.01509
group_II,A/Croatia/10136RV/2023,mRNA-1010,397.06.127,15.56242
group_II,A/Croatia/10136RV/2023,mRNA-1010,397.06.128,4.391705
group_II,A/Croatia/10136RV/2023,mRNA-1010,397.06.130,20.47657
group_II,A/Croatia/10136RV/2023,mRNA-1010,397.06.134,27.39868
group_II,A/Croatia/10136RV/2023,mRNA-1010,397.06.138,7.442398
group_II,A/Croatia/10136RV/2023,mRNA-1010,397.06.139,6.669107
group_II,A/Croatia/10136RV/2023,mRNA-1010,397.06.144,1.206714
group_II,A/Croatia/10136RV/2023,mRNA-1010,397.06.145,1.981324
group_II,A/Croatia/10136RV/2023,mRNA-1010,397.06.147,21.97194
group_II,A/Croatia/10136RV/2023,mRNA-1010,397.06.153,29.09136
group_II,A/Croatia/10136RV/2023,mRNA-1010,397.06.160,25.75633
group_II,A/Croatia/10136RV/2023,mRNA-1010,397.06.161,12.32081
group_II,A/Croatia/10136RV/2023,mRNA-1010,397.06.165,24.42989
group_II,A/Croatia/10136RV/2023,mRNA-1010,397.06.166,21.2
group_II,A/Croatia/10136RV/2023,mRNA-1010,397.06.167,17.69195
group_II,A/Croatia/10136RV/2023,mRNA-1010,397.06.168,22.54565
group_II,A/Croatia/10136RV/2023,mRNA-1010,397.06.169,25.2864
group_II,A/Croatia/10136RV/2023,mRNA-1010,397.06.171,2.218453
group_II,A/Croatia/10136RV/2023,mRNA-1010,397.06.175,11.32453
group_II,A/Croatia/10136RV/2023,mRNA-1010,397.06.176,24.85177
group_II,A/Croatia/10136RV/2023,mRNA-1010,397.06.177,12.15098
group_II,A/Croatia/10136RV/2023,mRNA-1010,397.06.181,30.10625
group_II,A/Croatia/10136RV/2023,mRNA-1010,397.06.182,4.304858
group_II,A/Croatia/10136RV/2023,mRNA-1010,397.06.183,19.74079
group_II,A/Croatia/10136RV/2023,mRNA-1010,397.06.184,18.47345
group_II,A/Croatia/10136RV/2023,mRNA-1010,397.06.186,5.904963
group_II,A/Croatia/10136RV/2023,mRNA-1010,397.06.195,38.1461
group_II,A/Croatia/10136RV/2023,mRNA-1010,397.06.196,27.16125
group_II,A/Croatia/10136RV/2023,mRNA-1010,397.06.198,36.42573
group_II,A/Croatia/10136RV/2023,mRNA-1010,397.06.200,36.19102
group_II,A/Croatia/10136RV/2023,mRNA-1010,397.06.203,4.053834
group_II,A/Croatia/10136RV/2023,mRNA-1010,397.06.208,9.510526
group_II,A/Croatia/10136RV/2023,mRNA-1010,397.06.209,4.722307
group_II,A/Croatia/10136RV/2023,mRNA-1010,397.06.226,1.431644
group_II,A/Croatia/10136RV/2023,mRNA-1010,397.06.231,10.61698
group_II,A/Croatia/10136RV/2023,mRNA-1010,397.06.260,18.67057
group_II,A/Croatia/10136RV/2023,mRNA-1010,397.06.279,1.071429
group_II,A/Croatia/10136RV/2023,mRNA-1010,397.06.281,10.17047
group_II,A/Croatia/10136RV/2023,mRNA-1010,397.06.296,10.38262
group_II,A/Croatia/10136RV/2023,mRNA-1010,397.06.321,8.768664
group_II,A/Croatia/10136RV/2023,mRNA-1010,397.06.322,1
group_II,A/Croatia/10136RV/2023,mRNA-1010,397.06.325,9.74094
group_II,A/Croatia/10136RV/2023,mRNA-1010,397.06.326,36.60774
group_II,A/Croatia/10136RV/2023,mRNA-1010,397.06.327,39.14681
group_II,A/Croatia/10136RV/2023,mRNA-1010,397.06.330,11.27146
group_II,A/Croatia/10136RV/2023,mRNA-1010,397.06.332,0.913444
group_II,A/Croatia/10136RV/2023,mRNA-1010,397.06.350,3.316254
group_II,A/Croatia/10136RV/2023,mRNA-1010,397.06.357,5.047308
group_II,A/Croatia/10136RV/2023,mRNA-1010,397.06.361,10.76671
group_II,A/Croatia/10136RV/2023,mRNA-1010,397.06.367,8.396817
group_II,A/Croatia/10136RV/2023,mRNA-1010,397.06.369,26.64259
group_II,A/Croatia/10136RV/2023,mRNA-1010,397.06.371,13.35287
group_II,A/Croatia/10136RV/2023,mRNA-1010,397.06.380,43.61349
group_II,A/Croatia/10136RV/2023,mRNA-1010,397.06.381,11.73033
group_II,A/Croatia/10136RV/2023,mRNA-1010,397.06.382,4.917541
group_II,A/Croatia/10136RV/2023,mRNA-1010,397.06.383,10.92877
group_II,A/Croatia/10136RV/2023,mRNA-1010,397.06.384,8.682513
group_II,A/Croatia/10136RV/2023,mRNA-1010,397.06.385,24.28962
group_II,A/Croatia/10136RV/2023,mRNA-1010,397.06.388,10.22097
group_II,A/Croatia/10136RV/2023,mRNA-1010,397.06.389,25.54094
group_II,A/Croatia/10136RV/2023,mRNA-1010,397.06.404,10.36499
group_II,A/Croatia/10136RV/2023,mRNA-1010,397.06.408,39.16552
group_II,A/Croatia/10136RV/2023,mRNA-1010,397.06.410,2.764808
group_II,A/Croatia/10136RV/2023,mRNA-1010,397.06.413,10.07081
group_II,A/Croatia/10136RV/2023,mRNA-1010,397.06.426,2.134409
group_II,A/Croatia/10136RV/2023,mRNA-1010,397.06.428,8.615646
group_II,A/Croatia/10136RV/2023,mRNA-1010,397.06.430,11.22894
group_II,A/Croatia/10136RV/2023,mRNA-1010,397.06.434,0.410208
group_II,A/Croatia/10136RV/2023,mRNA-1010,397.06.437,10.01152
group_II,A/Croatia/10136RV/2023,mRNA-1010,397.17.016,36.1951
group_II,A/Croatia/10136RV/2023,mRNA-1010,397.17.017,11.16756
group_II,A/Croatia/10136RV/2023,mRNA-1010,397.17.026,3.793548
group_II,A/Croatia/10136RV/2023,mRNA-1010,397.17.042,10.49853
group_II,A/Croatia/10136RV/2023,mRNA-1010,397.17.043,10.0847
group_II,A/Croatia/10136RV/2023,mRNA-1010,397.17.047,9.573733
group_II,A/Croatia/10136RV/2023,mRNA-1010,397.17.048,6.924103
group_II,A/Croatia/10136RV/2023,mRNA-1010,397.17.051,30.10498
group_II,A/Croatia/10136RV/2023,mRNA-1010,397.17.053,2.226481
group_II,A/Croatia/10136RV/2023,mRNA-1010,397.17.068,12.16649
group_II,A/Croatia/10136RV/2023,mRNA-1010,397.17.072,7.828776
group_II,A/Croatia/10136RV/2023,mRNA-1010,397.17.073,2.25271
group_II,A/Croatia/10136RV/2023,mRNA-1010,397.17.074,2.320661
group_II,A/Croatia/10136RV/2023,mRNA-1010,397.17.078,9.944628
group_II,A/Croatia/10136RV/2023,mRNA-1010,397.17.079,9.444562
group_II,A/Croatia/10136RV/2023,mRNA-1010,397.17.080,9.47396
group_II,A/Croatia/10136RV/2023,mRNA-1010,397.17.081,10.65175
group_II,A/Croatia/10136RV/2023,mRNA-1010,397.17.082,9.621283
group_II,A/Croatia/10136RV/2023,mRNA-1010,397.17.083,8.403196
group_II,A/Croatia/10136RV/2023,mRNA-1010,397.17.084,7.516698
group_II,A/Croatia/10136RV/2023,mRNA-1010,397.17.086,9.577324
group_II,A/Croatia/10136RV/2023,mRNA-1010,397.17.088,7.37741
group_II,A/Croatia/10136RV/2023,mRNA-1010,397.17.099,4.506783
group_II,A/Croatia/10136RV/2023,mRNA-1010,397.17.101,2.169779
group_II,A/Croatia/10136RV/2023,mRNA-1010,397.17.102,35.98793
group_II,A/Croatia/10136RV/2023,mRNA-1010,397.17.103,38.11258
group_II,A/Croatia/10136RV/2023,mRNA-1010,397.17.109,11.58368
group_II,A/Croatia/10136RV/2023,mRNA-1010,397.17.112,10.75717
group_II,A/Croatia/10136RV/2023,mRNA-1010,397.17.113,3.590721
group_II,A/Croatia/10136RV/2023,mRNA-1010,397.17.118,31.41401
group_II,A/Croatia/10136RV/2023,mRNA-1010,397.17.122,41.4181
group_II,A/Croatia/10136RV/2023,mRNA-1010,397.17.124,8.522832
group_II,A/Croatia/10136RV/2023,mRNA-1010,397.17.125,10.19861
group_II,A/Croatia/10136RV/2023,mRNA-1010,397.17.128,0.268641
group_II,A/Croatia/10136RV/2023,mRNA-1010,397.17.129,2.476075
group_II,A/Croatia/10136RV/2023,mRNA-1010,397.17.130,7.94359
group_II,A/Croatia/10136RV/2023,mRNA-1010,397.17.148,1.154122
group_II,A/Croatia/10136RV/2023,mRNA-1010,397.17.154,8.751098
group_II,A/Croatia/10136RV/2023,mRNA-1010,397.17.159,18.1817
group_II,A/Croatia/10136RV/2023,mRNA-1010,397.17.160,2.59129
group_II,A/Croatia/10136RV/2023,mRNA-1010,397.17.161,9.099387
group_II,A/Croatia/10136RV/2023,mRNA-1010,397.17.162,33.97872
group_II,A/Croatia/10136RV/2023,mRNA-1010,397.17.165,10.23756
group_II,A/Croatia/10136RV/2023,mRNA-1010,397.17.166,11.51544
group_II,A/Croatia/10136RV/2023,mRNA-1010,397.17.167,0.521818
group_II,A/Croatia/10136RV/2023,mRNA-1010,397.17.169,28.34913
group_II,A/Croatia/10136RV/2023,mRNA-1010,397.17.170,1.992933
group_II,A/Croatia/10136RV/2023,mRNA-1010,397.17.171,9.842243
group_II,A/Croatia/10136RV/2023,mRNA-1010,397.17.174,0.563008
group_II,A/Croatia/10136RV/2023,mRNA-1010,397.17.176,5.22531
group_II,A/Croatia/10136RV/2023,mRNA-1010,397.17.177,0.47386
group_II,A/Croatia/10136RV/2023,mRNA-1010,397.17.178,9.862403
group_II,A/Croatia/10136RV/2023,mRNA-1010,397.17.179,9.990456
group_II,A/Croatia/10136RV/2023,mRNA-1010,397.17.182,33.74207
group_II,A/Croatia/10136RV/2023,mRNA-1010,397.17.183,0.327645
group_II,A/Croatia/10136RV/2023,mRNA-1010,397.17.185,4.869421
group_II,A/Croatia/10136RV/2023,mRNA-1010,397.17.189,0.626425
group_II,A/Croatia/10136RV/2023,mRNA-1010,397.17.191,1.421975
group_II,A/Croatia/10136RV/2023,mRNA-1010,397.17.193,4.909091
group_II,A/Croatia/10136RV/2023,mRNA-1010,397.17.194,7.888011
group_II,A/Croatia/10136RV/2023,mRNA-1010,397.17.195,24.38508
group_II,A/Croatia/10136RV/2023,mRNA-1010,397.17.196,19.11392
group_II,A/Croatia/10136RV/2023,mRNA-1010,397.17.197,16.72763
group_II,A/Croatia/10136RV/2023,mRNA-1010,397.17.198,27.89433
group_II,A/Croatia/10136RV/2023,mRNA-1010,397.17.199,26.2418
group_II,A/Croatia/10136RV/2023,mRNA-1010,397.17.201,23.6799
group_II,A/Croatia/10136RV/2023,mRNA-1010,397.17.203,32.11529
group_II,A/Croatia/10136RV/2023,mRNA-1010,397.17.207,25.11432
group_II,A/Croatia/10136RV/2023,mRNA-1010,397.17.208,31.49071
group_II,A/Croatia/10136RV/2023,mRNA-1010,397.17.210,17.72895
group_II,A/Croatia/10136RV/2023,mRNA-1010,397.17.213,18.27517
group_II,A/Croatia/10136RV/2023,mRNA-1010,397.17.215,4.363328
group_II,A/Croatia/10136RV/2023,mRNA-1010,397.17.222,9.617691
group_II,A/Croatia/10136RV/2023,mRNA-1010,397.17.223,5.084201
group_II,A/Croatia/10136RV/2023,mRNA-1010,397.17.224,5.609913
group_II,A/Croatia/10136RV/2023,mRNA-1010,397.17.225,1.29582
group_II,A/Croatia/10136RV/2023,mRNA-1010,397.17.226,0.387671
group_II,A/Croatia/10136RV/2023,mRNA-1010,397.17.227,1.34
group_II,A/Croatia/10136RV/2023,mRNA-1010,397.17.228,11
group_II,A/Croatia/10136RV/2023,mRNA-1010,397.17.231,10.53435
group_II,A/Croatia/10136RV/2023,mRNA-1010,397.17.241,10.59017
group_II,A/Croatia/10136RV/2023,mRNA-1010,397.17.246,37.13697
group_II,A/Croatia/10136RV/2023,mRNA-1010,397.17.247,4.434635
group_II,A/Croatia/10136RV/2023,mRNA-1010,397.17.250,10.29719
group_II,A/Croatia/10136RV/2023,mRNA-1010,397.17.252,7.818923
group_II,A/Croatia/10136RV/2023,mRNA-1010,397.17.261,2.218638
group_II,A/Croatia/10136RV/2023,mRNA-1010,397.17.263,0.592204
group_II,A/Croatia/10136RV/2023,mRNA-1010,397.17.264,2.931868
group_II,A/Croatia/10136RV/2023,mRNA-1010,397.17.281,7.212465
group_II,A/Croatia/10136RV/2023,mRNA-1010,397.17.296,11.20451
group_II,A/Croatia/10136RV/2023,mRNA-1010,397.17.298,1.632509
group_II,A/Croatia/10136RV/2023,mRNA-1010,397.17.302,2.08885
group_II,A/Croatia/10136RV/2023,mRNA-1010,397.17.303,1.270718
group_II,A/Croatia/10136RV/2023,mRNA-1010,397.17.309,3.642529
group_II,A/Croatia/10136RV/2023,mRNA-1010,397.17.310,1.351759
group_II,A/Croatia/10136RV/2023,mRNA-1010,397.17.311,6.17686
group_II,A/Croatia/10136RV/2023,mRNA-1010,397.17.315,17.98903
group_II,A/Croatia/10136RV/2023,mRNA-1010,397.17.322,20.02778
group_II,A/Croatia/10136RV/2023,mRNA-1010,397.17.330,6.257568
group_II,A/Croatia/10136RV/2023,mRNA-1010,397.17.337,9.514164
group_II,A/Croatia/10136RV/2023,mRNA-1010,397.17.338,6.403846
group_II,A/Croatia/10136RV/2023,mRNA-1010,397.17.344,3.091222
group_II,A/Croatia/10136RV/2023,mRNA-1010,397.17.347,5.660685
group_II,A/Croatia/10136RV/2023,mRNA-1010,397.17.348,0.290323
group_II,A/Croatia/10136RV/2023,mRNA-1010,397.17.359,7.939634
group_II,A/Croatia/10136RV/2023,mRNA-1010,397.17.360,8.569568
group_II,A/Croatia/10136RV/2023,mRNA-1010,397.17.362,8.591184
group_II,A/Croatia/10136RV/2023,mRNA-1010,397.17.364,9.413859
group_II,A/Croatia/10136RV/2023,mRNA-1010,397.17.365,2.407233
group_II,A/Croatia/10136RV/2023,mRNA-1010,397.17.371,1.369091
group_II,A/Croatia/10136RV/2023,mRNA-1010,397.17.377,18.74242
group_II,A/Croatia/10136RV/2023,mRNA-1010,397.17.378,6.919008
group_II,A/Croatia/10136RV/2023,mRNA-1010,397.17.379,6.784879
group_II,A/Croatia/10136RV/2023,mRNA-1010,397.28.006,24.94052
group_II,A/Croatia/10136RV/2023,mRNA-1010,397.28.013,20.09416
group_II,A/Croatia/10136RV/2023,mRNA-1010,397.28.038,14.15816
group_II,A/Croatia/10136RV/2023,mRNA-1010,397.28.040,14.25031
group_II,A/Croatia/10136RV/2023,mRNA-1010,397.28.056,8.752486
group_II,A/Croatia/10136RV/2023,mRNA-1010,397.28.060,7.836664
group_II,A/Croatia/10136RV/2023,mRNA-1010,397.28.077,19.93121
group_II,A/Croatia/10136RV/2023,mRNA-1010,397.28.081,0.830655
group_II,A/Croatia/10136RV/2023,mRNA-1010,397.28.082,10.40077
group_II,A/Croatia/10136RV/2023,mRNA-1010,397.28.084,10.02474
group_II,A/Croatia/10136RV/2023,mRNA-1010,397.28.095,0.274766
group_II,A/Croatia/10136RV/2023,mRNA-1010,397.28.098,4.364805
group_II,A/Croatia/10136RV/2023,mRNA-1010,397.28.104,16.07876
group_II,A/Croatia/10136RV/2023,mRNA-1010,397.28.105,22.13075
group_II,A/Croatia/10136RV/2023,mRNA-1010,397.28.106,19.90749
group_II,A/Croatia/10136RV/2023,mRNA-1010,397.28.107,15.15755
group_II,A/Croatia/10136RV/2023,mRNA-1010,397.28.108,18.43247
group_II,A/Croatia/10136RV/2023,mRNA-1010,397.28.109,18.66903
group_II,A/Croatia/10136RV/2023,mRNA-1010,397.28.112,24.63366
group_II,A/Croatia/10136RV/2023,mRNA-1010,397.28.113,25.6734
group_II,A/Croatia/10136RV/2023,mRNA-1010,397.28.114,17.84606
group_II,A/Croatia/10136RV/2023,mRNA-1010,397.28.115,21.59719
group_II,A/Croatia/10136RV/2023,mRNA-1010,397.28.122,37.11131
group_II,A/Croatia/10136RV/2023,mRNA-1010,397.28.124,22.33851
group_II,A/Croatia/10136RV/2023,mRNA-1010,397.28.132,0.4439
group_II,A/Croatia/10136RV/2023,mRNA-1010,397.28.133,0.404181
group_II,A/Croatia/10136RV/2023,mRNA-1010,397.28.146,5.105038
group_II,A/Croatia/10136RV/2023,mRNA-1010,397.28.153,8.110216
group_II,A/Croatia/10136RV/2023,mRNA-1010,397.28.155,9.241005
group_II,A/Croatia/10136RV/2023,mRNA-1010,397.28.156,31.61612
group_II,A/Croatia/10136RV/2023,mRNA-1010,397.28.169,28.85087
group_II,A/Croatia/10136RV/2023,mRNA-1010,397.29.001,0.804307
group_II,A/Croatia/10136RV/2023,mRNA-1010,397.29.011,9.485507
group_II,A/Croatia/10136RV/2023,mRNA-1010,397.29.012,21.35948
group_II,A/Croatia/10136RV/2023,mRNA-1010,397.29.023,0.394904
group_II,A/Croatia/10136RV/2023,mRNA-1010,397.29.024,0.360353
group_II,A/Croatia/10136RV/2023,mRNA-1010,397.29.028,8.367563
group_II,A/Croatia/10136RV/2023,mRNA-1010,397.29.036,57.35127
group_II,A/Croatia/10136RV/2023,mRNA-1010,397.29.041,27.30184
group_II,A/Croatia/10136RV/2023,mRNA-1010,397.29.044,5.615008
group_II,A/Croatia/10136RV/2023,mRNA-1010,397.29.045,7.289833
group_II,A/Croatia/10136RV/2023,mRNA-1010,397.29.047,0.311558
group_II,A/Croatia/10136RV/2023,mRNA-1010,397.29.057,3.836868
group_II,A/Croatia/10136RV/2023,mRNA-1010,397.29.062,1.55914
group_II,A/Croatia/10136RV/2023,mRNA-1010,397.29.064,2.803056
group_II,A/Croatia/10136RV/2023,mRNA-1010,397.29.069,1.27957
group_II,A/Croatia/10136RV/2023,mRNA-1010,397.29.072,0.188785
group_II,A/Croatia/10136RV/2023,mRNA-1010,397.29.080,1.055077
group_II,A/Croatia/10136RV/2023,mRNA-1010,397.29.082,0.616608
group_II,A/Croatia/10136RV/2023,mRNA-1010,397.29.083,0.210909
group_II,A/Croatia/10136RV/2023,mRNA-1010,397.29.084,0.465455
group_II,A/Croatia/10136RV/2023,mRNA-1010,397.29.088,0.384899
group_II,A/Croatia/10136RV/2023,mRNA-1010,397.29.089,0.355124
group_II,A/Croatia/10136RV/2023,mRNA-1010,397.29.090,0.64311
group_II,A/Croatia/10136RV/2023,mRNA-1010,397.29.100,25.35506
group_II,A/Croatia/10136RV/2023,mRNA-1010,397.29.109,0.290885
group_II,A/Croatia/10136RV/2023,mRNA-1010,397.29.111,18.52126
group_II,A/Croatia/10136RV/2023,mRNA-1010,397.29.114,29.31319
group_II,A/Croatia/10136RV/2023,mRNA-1010,397.29.119,10.38168
group_II,A/Croatia/10136RV/2023,mRNA-1010,397.29.120,9.742834
group_II,A/Croatia/10136RV/2023,mRNA-1010,397.29.123,0.296167
group_II,A/Croatia/10136RV/2023,mRNA-1010,397.29.125,28.47831
group_II,A/Croatia/10136RV/2023,mRNA-1010,397.29.127,16.40336
group_II,A/Croatia/10136RV/2023,mRNA-1010,397.29.129,8.533408
group_II,A/Croatia/10136RV/2023,mRNA-1010,397.29.136,19.7605
group_II,A/Croatia/10136RV/2023,mRNA-1010,397.29.142,28.87732
group_II,A/Croatia/10136RV/2023,mRNA-1010,397.29.143,9.321499
group_II,A/Croatia/10136RV/2023,mRNA-1010,397.29.149,3.60804
group_II,A/Croatia/10136RV/2023,mRNA-1010,397.29.152,0.783309
group_II,A/Croatia/10136RV/2023,mRNA-1010,397.29.155,1.60221
group_II,A/Croatia/10136RV/2023,mRNA-1010,397.29.156,1.250896
group_II,A/Croatia/10136RV/2023,mRNA-1010,397.29.157,10.10027
group_II,A/Croatia/10136RV/2023,mRNA-1010,397.29.159,24.75921
group_II,A/Croatia/10136RV/2023,mRNA-1010,397.29.164,22.82013
group_II,A/Croatia/10136RV/2023,mRNA-1010,397.29.166,10.21626
group_II,A/Croatia/10136RV/2023,mRNA-1010,397.29.167,22.80438
group_II,A/Croatia/10136RV/2023,mRNA-1010,397.29.168,25.38393
group_II,A/Croatia/10136RV/2023,mRNA-1010,397.29.169,20.4577
group_II,A/Croatia/10136RV/2023,mRNA-1010,397.29.175,20.4577
group_II,A/Croatia/10136RV/2023,mRNA-1010,397.29.176,19.69348
group_II,A/Croatia/10136RV/2023,mRNA-1010,397.29.190,9.884668
group_II,A/Croatia/10136RV/2023,mRNA-1010,397.29.192,16.01203
group_II,A/Croatia/10136RV/2023,mRNA-1010,397.29.193,2.624194
group_II,A/Croatia/10136RV/2023,mRNA-1010,397.29.194,0.313603
group_II,A/Croatia/10136RV/2023,mRNA-1010,397.29.199,36.93144
group_II,A/Croatia/10136RV/2023,mRNA-1010,397.29.200,13.89037
group_II,A/Croatia/10136RV/2023,mRNA-1010,397.29.201,8.182094
group_II,A/Croatia/10136RV/2023,mRNA-1010,397.29.202,4.941083
group_II,A/Croatia/10136RV/2023,mRNA-1010,397.29.203,21.52538
group_II,A/Croatia/10136RV/2023,mRNA-1010,397.29.204,32.12644
group_II,A/Croatia/10136RV/2023,mRNA-1010,397.29.206,35.06508
group_II,A/Croatia/10136RV/2023,mRNA-1010,397.29.207,35.55767
group_II,A/Croatia/10136RV/2023,mRNA-1010,397.29.213,8.148374
group_II,A/Croatia/10136RV/2023,mRNA-1010,397.29.214,1.349462
group_II,A/Croatia/10136RV/2023,mRNA-1010,397.29.217,13.70921
group_II,A/Croatia/10136RV/2023,mRNA-1010,397.29.219,1.311847
group_II,A/Croatia/10136RV/2023,mRNA-1010,397.29.221,8.484848
group_II,A/Croatia/10136RV/2023,mRNA-1010,397.29.223,17.27224
group_II,A/Croatia/10136RV/2023,mRNA-1010,397.29.224,2.910499
group_II,A/Croatia/10136RV/2023,mRNA-1010,397.29.226,31.91069
group_II,A/Croatia/10136RV/2023,mRNA-1010,397.29.231,7.092931
group_II,A/Croatia/10136RV/2023,mRNA-1010,397.29.232,13.05054
group_II,A/Croatia/10136RV/2023,mRNA-1010,397.29.234,7.625185
group_II,A/Croatia/10136RV/2023,mRNA-1010,397.29.240,3.406886
group_II,A/Croatia/10136RV/2023,mRNA-1010,397.29.241,8.442177
group_II,A/Croatia/10136RV/2023,mRNA-1010,397.29.245,6.762195
group_II,A/Croatia/10136RV/2023,mRNA-1010,397.29.246,8.890909
group_II,A/Croatia/10136RV/2023,mRNA-1010,397.29.249,10.37904
group_II,A/Croatia/10136RV/2023,mRNA-1010,397.29.262,6.258095
group_II,A/Croatia/10136RV/2023,mRNA-1010,397.29.279,24.71569
group_II,A/Croatia/10136RV/2023,mRNA-1010,397.29.280,7.210031
group_II,A/Croatia/10136RV/2023,mRNA-1010,397.29.287,33.48712
group_II,A/Croatia/10136RV/2023,mRNA-1010,397.29.312,1.866232
group_II,A/Croatia/10136RV/2023,mRNA-1010,397.29.318,23.09407
group_II,A/Croatia/10136RV/2023,mRNA-1010,397.29.322,12.95797
group_II,A/Croatia/10136RV/2023,mRNA-1010,397.29.328,21.24564
group_II,A/Croatia/10136RV/2023,mRNA-1010,397.29.342,19.78411
group_II,A/Croatia/10136RV/2023,mRNA-1010,397.29.349,1.206714
group_II,A/Croatia/10136RV/2023,mRNA-1010,397.29.350,26.3592
group_II,A/Croatia/10136RV/2023,mRNA-1010,397.29.351,22.04036
group_II,A/Croatia/10136RV/2023,mRNA-1010,397.29.353,2.835866
group_II,A/Croatia/10136RV/2023,mRNA-1010,397.29.355,7.959324
group_II,A/Croatia/10136RV/2023,mRNA-1010,397.29.356,23.16961
group_II,A/Croatia/10136RV/2023,mRNA-1010,397.29.359,0.34767
group_II,A/Croatia/10136RV/2023,mRNA-1010,397.29.370,2.035484
group_II,A/Croatia/10136RV/2023,mRNA-1010,397.29.378,14.17839
group_II,A/Croatia/10136RV/2023,mRNA-1010,397.29.381,0.320401
group_II,A/Croatia/10136RV/2023,mRNA-1010,397.29.382,0.283371
group_II,A/Croatia/10136RV/2023,mRNA-1010,397.29.383,0.257453
group_II,A/Croatia/10136RV/2023,mRNA-1010,397.29.384,0.216822
group_II,A/Croatia/10136RV/2023,mRNA-1010,397.29.386,1.296041
group_II,A/Croatia/10136RV/2023,mRNA-1010,397.29.398,2.445993
group_II,A/Croatia/10136RV/2023,mRNA-1010,397.29.400,19.69697
group_II,A/Croatia/10136RV/2023,mRNA-1010,397.29.416,0.24634
group_II,A/Croatia/10136RV/2023,mRNA-1010,397.29.418,21.92004
group_II,A/Croatia/10136RV/2023,mRNA-1010,397.29.419,10.14993
group_II,A/Croatia/10136RV/2023,mRNA-1010,397.29.425,0.431555
group_II,A/Croatia/10136RV/2023,mRNA-1010,397.29.426,0.313014
group_II,A/Croatia/10136RV/2023,mRNA-1010,397.29.428,0.324116
group_II,A/Croatia/10136RV/2023,mRNA-1010,397.29.429,18.47212
group_II,A/Croatia/10136RV/2023,mRNA-1010,397.29.430,23.09705
group_II,A/Croatia/10136RV/2023,mRNA-1010,397.29.431,0.270035
group_II,A/Croatia/10136RV/2023,mRNA-1010,397.29.435,1.303905
group_II,A/Croatia/10136RV/2023,mRNA-1010,397.29.445,24.4604
group_II,A/Croatia/10136RV/2023,mRNA-1010,397.29.446,25.90272
group_II,A/Croatia/10136RV/2023,mRNA-1010,397.29.447,12.36827
group_II,A/Croatia/10136RV/2023,mRNA-1010,397.29.452,0.974182
group_II,A/Croatia/10136RV/2023,Fluarix,397.05.012,10.28857
group_II,A/Croatia/10136RV/2023,Fluarix,397.05.019,0.652542
group_II,A/Croatia/10136RV/2023,Fluarix,397.05.067,0.429076
group_II,A/Croatia/10136RV/2023,Fluarix,397.05.081,20.70159
group_II,A/Croatia/10136RV/2023,Fluarix,397.05.097,0.679862
group_II,A/Croatia/10136RV/2023,Fluarix,397.05.104,20.35685
group_II,A/Croatia/10136RV/2023,Fluarix,397.05.140,28.1445
group_II,A/Croatia/10136RV/2023,Fluarix,397.05.160,19.48608
group_II,A/Croatia/10136RV/2023,Fluarix,397.05.161,0.28882
group_II,A/Croatia/10136RV/2023,Fluarix,397.05.186,0.270718
group_II,A/Croatia/10136RV/2023,Fluarix,397.05.201,0.383392
group_II,A/Croatia/10136RV/2023,Fluarix,397.05.249,12.95931
group_II,A/Croatia/10136RV/2023,Fluarix,397.05.255,28.72582
group_II,A/Croatia/10136RV/2023,Fluarix,397.05.256,28.81104
group_II,A/Croatia/10136RV/2023,Fluarix,397.05.287,0.367079
group_II,A/Croatia/10136RV/2023,Fluarix,397.05.288,11.88065
group_II,A/Croatia/10136RV/2023,Fluarix,397.05.290,19.10924
group_II,A/Croatia/10136RV/2023,Fluarix,397.05.325,17.59041
group_II,A/Croatia/10136RV/2023,Fluarix,397.05.331,11.10986
group_II,A/Croatia/10136RV/2023,Fluarix,397.05.334,8.785423
group_II,A/Croatia/10136RV/2023,Fluarix,397.05.347,2.268966
group_II,A/Croatia/10136RV/2023,Fluarix,397.05.366,7.350347
group_II,A/Croatia/10136RV/2023,Fluarix,397.05.368,12.30557
group_II,A/Croatia/10136RV/2023,Fluarix,397.05.388,0.515581
group_II,A/Croatia/10136RV/2023,Fluarix,397.05.405,0.533569
group_II,A/Croatia/10136RV/2023,Fluarix,397.09.331,0.342541
group_II,A/Croatia/10136RV/2023,Fluarix,397.09.477,0.438163
group_II,A/Croatia/10136RV/2023,Fluarix,397.22.067,1.192012
group_II,A/Croatia/10136RV/2023,Fluarix,397.22.111,0.274766
group_II,A/Croatia/10136RV/2023,Fluarix,397.22.336,0.285451
group_II,A/Croatia/10136RV/2023,Fluarix,397.22.392,0.302299
group_II,A/Croatia/10136RV/2023,Fluarix,397.22.403,9.679433
group_II,A/Croatia/10136RV/2023,Fluarix,397.22.406,0.357604
group_II,A/Croatia/10136RV/2023,Fluarix,397.22.425,0.225455
